-48,236,-16,AGUA
-47,1564,-16,AGUA
-45,1464,-16,AGUA
-43,586,-16,AGUA
-43,1364,-16,AGUA
-42,3,-16,AGUA
-44,528,-16,AGUA
-48,671,-13,AGUA
-48,671,-14,AGUA
-48,671,-15,AGUA
-48,671,-10,AGUA
-48,671,-11,AGUA
-48,671,-12,AGUA
-42,824,-16,AGUA
-40,62,-16,AGUA
-42,959,-16,AGUA
-47,609,-16,AGUA
-42,20,-16,AGUA
-42,162,-16,AGUA
-42,297,-16,AGUA
-47,1652,-16,AGUA
-43,1452,-16,AGUA
-48,101,-14,AGUA
-45,590,-16,AGUA
-48,101,-13,AGUA
-48,101,-12,AGUA
-48,101,-11,AGUA
-42,67,-16,AGUA
-48,101,-15,AGUA
-47,1476,-16,AGUA
-48,101,-10,AGUA
-46,1710,-16,AGUA
-42,250,-16,AGUA
-40,1768,-16,AGUA
-40,111,-16,AGUA
-42,1510,-16,AGUA
-47,1217,-16,AGUA
-46,532,-16,AGUA
-43,104,-16,AGUA
-47,294,-16,AGUA
-48,459,-12,AGUA
-42,1733,-16,AGUA
-48,459,-11,AGUA
-40,593,-16,AGUA
-48,459,-10,AGUA
-47,93,-16,AGUA
-40,1545,-16,AGUA
-47,821,-16,AGUA
-48,148,-16,AGUA
-40,158,-16,AGUA
-48,583,-12,AGUA
-48,583,-11,AGUA
-48,583,-10,AGUA
-47,1699,-16,AGUA
-48,583,-15,AGUA
-48,583,-14,AGUA
-48,583,-13,AGUA
-48,412,-16,AGUA
-33,709,-2,AGUA
-43,1540,-16,AGUA
-44,704,-16,AGUA
-43,1188,-16,AGUA
-47,1787,-16,AGUA
-45,1288,-16,AGUA
-40,509,-16,AGUA
-40,908,-16,AGUA
-42,1422,-16,AGUA
-47,733,-16,AGUA
-43,1276,-16,AGUA
-44,1522,-16,AGUA
-47,1341,-16,AGUA
-44,616,-16,AGUA
-40,370,-16,AGUA
-46,408,-16,AGUA
-47,956,-16,AGUA
-40,334,-16,AGUA
-45,1552,-16,AGUA
-40,944,-16,AGUA
-48,324,-16,AGUA
-42,1294,-16,AGUA
-46,356,-16,AGUA
-40,1410,-16,AGUA
-46,1534,-16,AGUA
-45,378,-16,AGUA
-48,495,-11,AGUA
-40,1369,-16,AGUA
-48,495,-12,AGUA
-48,495,-10,AGUA
-48,495,-15,AGUA
-48,495,-13,AGUA
-48,495,-14,AGUA
-46,620,-16,AGUA
-42,1645,-16,AGUA
-40,1633,-16,AGUA
-48,547,-10,AGUA
-48,547,-11,AGUA
-48,547,-12,AGUA
-47,10,-16,AGUA
-42,912,-16,AGUA
-47,382,-16,AGUA
-47,1129,-16,AGUA
-43,674,-16,AGUA
-48,982,-16,AGUA
-48,547,-13,AGUA
-48,547,-14,AGUA
-48,547,-15,AGUA
-42,1071,-16,AGUA
-42,648,-16,AGUA
-40,422,-16,AGUA
-42,1382,-16,AGUA
-42,995,-16,AGUA
-33,1697,-2,AGUA
-42,561,-16,AGUA
-33,1215,-2,AGUA
-48,1112,-16,AGUA
-44,564,-16,AGUA
-46,2,-16,AGUA
-46,1582,-16,AGUA
-46,78,-16,AGUA
-45,642,-16,AGUA
-33,1203,-2,AGUA
-48,272,-16,AGUA
-48,1159,-16,AGUA
-40,469,-16,AGUA
-42,425,-16,AGUA
-33,783,-2,AGUA
-42,696,-16,AGUA
-48,1411,-16,AGUA
-40,1808,-16,AGUA
-46,978,-16,AGUA
-47,123,-16,AGUA
-33,1673,-2,AGUA
-33,795,-2,AGUA
-40,1194,-16,AGUA
-48,1200,-16,AGUA
-42,1469,-16,AGUA
-42,1681,-16,AGUA
-47,510,-16,AGUA
-45,1516,-16,AGUA
-44,1434,-16,AGUA
-33,1239,-2,AGUA
-48,1458,-16,AGUA
-45,52,-16,AGUA
-47,781,-16,AGUA
-40,1234,-16,AGUA
-40,282,-16,AGUA
-47,992,-16,AGUA
-33,1685,-2,AGUA
-33,1227,-2,AGUA
-44,1000,-16,AGUA
-45,466,-16,AGUA
-43,802,-16,AGUA
-42,1470,-16,AGUA
-40,856,-16,AGUA
-44,130,-16,AGUA
-45,1640,-16,AGUA
-47,868,-16,AGUA
-33,699,-2,AGUA
-47,1388,-16,AGUA
-33,1781,-2,AGUA
-43,94,-16,AGUA
-48,459,-15,AGUA
-48,459,-14,AGUA
-48,459,-13,AGUA
-47,1604,-16,AGUA
-42,736,-16,AGUA
-42,337,-16,AGUA
-40,1721,-16,AGUA
-47,1305,-16,AGUA
-42,1557,-16,AGUA
-48,36,-16,AGUA
-43,498,-16,AGUA
-46,1622,-16,AGUA
-46,444,-16,AGUA
-47,1704,-16,AGUA
-33,687,-2,AGUA
-40,1493,-16,AGUA
-40,1322,-16,AGUA
-46,1494,-16,AGUA
-47,522,-16,AGUA
-47,57,-16,AGUA
-40,510,-16,AGUA
-48,284,-16,AGUA
-42,1111,-16,AGUA
-48,758,-16,AGUA
-40,1593,-16,AGUA
-42,437,-16,AGUA
-44,576,-16,AGUA
-40,768,-16,AGUA
-40,26,-16,AGUA
-45,554,-16,AGUA
-48,500,-16,AGUA
-43,714,-16,AGUA
-40,194,-16,AGUA
-48,184,-16,AGUA
-47,693,-16,AGUA
-47,1089,-16,AGUA
-44,476,-16,AGUA
-40,681,-16,AGUA
-47,1030,-16,AGUA
-33,1793,-2,AGUA
-48,1770,-16,AGUA
-43,140,-16,AGUA
-40,1509,-16,AGUA
-33,771,-2,AGUA
-47,422,-16,AGUA
-45,1428,-16,AGUA
-44,1346,-16,AGUA
-42,960,-16,AGUA
-48,623,-10,AGUA
-48,623,-11,AGUA
-40,457,-16,AGUA
-48,623,-12,AGUA
-48,623,-13,AGUA
-46,66,-16,AGUA
-42,1346,-16,AGUA
-45,542,-16,AGUA
-44,1446,-16,AGUA
-45,518,-16,AGUA
-48,623,-14,AGUA
-48,623,-15,AGUA
-42,1211,-16,AGUA
-40,410,-16,AGUA
-46,1000,-16,AGUA
-47,111,-16,AGUA
-45,1416,-16,AGUA
-47,1516,-16,AGUA
-40,1111,-16,AGUA
-43,814,-16,AGUA
-46,1458,-16,AGUA
-40,1158,-16,AGUA
-47,908,-16,AGUA
-47,1177,-16,AGUA
-40,14,-16,AGUA
-42,684,-16,AGUA
-42,1509,-16,AGUA
-42,1693,-16,AGUA
-47,334,-16,AGUA
-48,24,-16,AGUA
-40,1182,-16,AGUA
-40,980,-16,AGUA
-42,613,-16,AGUA
-42,249,-16,AGUA
-43,538,-16,AGUA
-42,302,-16,AGUA
-44,1534,-16,AGUA
-43,902,-16,AGUA
-42,1370,-16,AGUA
-48,84,-16,AGUA
-40,1334,-16,AGUA
-43,1228,-16,AGUA
-33,205,-2,AGUA
-40,322,-16,AGUA
-44,664,-16,AGUA
-48,499,-7,AGUA
-48,499,-6,AGUA
-48,499,-9,AGUA
-48,499,-8,AGUA
-48,499,-3,AGUA
-48,499,-2,AGUA
-48,499,-5,AGUA
-48,447,-14,AGUA
-47,469,-16,AGUA
-48,499,-4,AGUA
-48,447,-15,AGUA
-48,499,-1,AGUA
-48,196,-16,AGUA
-42,349,-16,AGUA
-40,1469,-16,AGUA
-33,217,-2,AGUA
-40,609,-16,AGUA
-48,447,-12,AGUA
-48,447,-13,AGUA
-48,447,-10,AGUA
-48,447,-11,AGUA
-42,202,-16,AGUA
-42,784,-16,AGUA
-42,373,-16,AGUA
-43,1404,-16,AGUA
-33,229,-2,AGUA
-40,1756,-16,AGUA
-48,475,-9,AGUA
-42,1522,-16,AGUA
-48,475,-8,AGUA
-48,475,-7,AGUA
-46,878,-16,AGUA
-48,475,-6,AGUA
-48,475,-5,AGUA
-48,475,-4,AGUA
-48,475,-3,AGUA
-48,475,-2,AGUA
-48,475,-1,AGUA
-47,569,-16,AGUA
-42,1593,-16,AGUA
-47,1042,-16,AGUA
-48,460,-16,AGUA
-47,434,-16,AGUA
-43,1504,-16,AGUA
-47,1687,-16,AGUA
-46,1060,-16,AGUA
-47,1077,-16,AGUA
-42,32,-16,AGUA
-47,1616,-16,AGUA
-45,278,-16,AGUA
-44,1470,-16,AGUA
-45,120,-16,AGUA
-48,487,-7,AGUA
-48,487,-8,AGUA
-46,1482,-16,AGUA
-48,487,-5,AGUA
-48,487,-6,AGUA
-48,487,-3,AGUA
-48,487,-4,AGUA
-48,487,-1,AGUA
-48,487,-2,AGUA
-46,1634,-16,AGUA
-42,19,-16,AGUA
-40,557,-16,AGUA
-40,50,-16,AGUA
-48,1546,-16,AGUA
-48,487,-9,AGUA
-44,1570,-16,AGUA
-46,456,-16,AGUA
-40,74,-16,AGUA
-33,1719,-2,AGUA
-43,1328,-16,AGUA
-40,1282,-16,AGUA
-42,1633,-16,AGUA
-42,197,-16,AGUA
-47,211,-16,AGUA
-46,520,-16,AGUA
-40,1645,-16,AGUA
-47,645,-16,AGUA
-47,282,-16,AGUA
-44,1710,-16,AGUA
-45,1476,-16,AGUA
-40,470,-16,AGUA
-44,516,-16,AGUA
-44,998,-16,AGUA
-48,360,-16,AGUA
-33,1707,-2,AGUA
-42,126,-16,AGUA
-42,860,-16,AGUA
-42,473,-16,AGUA
-42,900,-16,AGUA
-44,1394,-16,AGUA
-45,418,-16,AGUA
-48,136,-16,AGUA
-48,463,-7,AGUA
-48,463,-8,AGUA
-48,463,-9,AGUA
-43,204,-16,AGUA
-40,1011,-16,AGUA
-48,463,-1,AGUA
-48,463,-2,AGUA
-48,463,-3,AGUA
-48,463,-4,AGUA
-48,463,-5,AGUA
-48,463,-6,AGUA
-48,451,-7,AGUA
-48,451,-6,AGUA
-48,451,-9,AGUA
-48,451,-8,AGUA
-42,1246,-16,AGUA
-43,1288,-16,AGUA
-42,1035,-16,AGUA
-42,1609,-16,AGUA
-40,1445,-16,AGUA
-42,513,-16,AGUA
-42,947,-16,AGUA
-43,638,-16,AGUA
-48,451,-1,AGUA
-48,451,-3,AGUA
-48,451,-2,AGUA
-48,451,-5,AGUA
-48,451,-4,AGUA
-40,633,-16,AGUA
-46,480,-16,AGUA
-40,1071,-16,AGUA
-43,46,-16,AGUA
-45,1276,-16,AGUA
-43,762,-16,AGUA
-44,740,-16,AGUA
-40,246,-16,AGUA
-46,1358,-16,AGUA
-47,171,-16,AGUA
-44,840,-16,AGUA
-47,1640,-16,AGUA
-40,1058,-16,AGUA
-45,1376,-16,AGUA
-44,1294,-16,AGUA
-43,662,-16,AGUA
-48,402,-1,AGUA
-40,733,-16,AGUA
-47,1740,-16,AGUA
-48,994,-16,AGUA
-33,291,-2,AGUA
-47,158,-16,AGUA
-44,1610,-16,AGUA
-40,146,-16,AGUA
-46,1100,-16,AGUA
-47,745,-16,AGUA
-48,414,-1,AGUA
-46,580,-16,AGUA
-48,1809,-16,AGUA
-48,336,-16,AGUA
-47,1253,-16,AGUA
-42,79,-16,AGUA
-48,426,-1,AGUA
-40,346,-16,AGUA
-47,1353,-16,AGUA
-44,640,-16,AGUA
-47,258,-16,AGUA
-44,1510,-16,AGUA
-33,891,-2,AGUA
-44,1334,-16,AGUA
-46,918,-16,AGUA
-42,138,-16,AGUA
-48,296,-1,AGUA
-40,1134,-16,AGUA
-33,1565,-2,AGUA
-42,1234,-16,AGUA
-33,81,-2,AGUA
-48,600,-16,AGUA
-47,793,-16,AGUA
-33,1577,-2,AGUA
-46,1594,-16,AGUA
-45,64,-16,AGUA
-40,1609,-16,AGUA
-48,260,-16,AGUA
-48,1212,-16,AGUA
-40,1269,-16,AGUA
-46,1112,-16,AGUA
-33,93,-2,AGUA
-47,545,-16,AGUA
-46,256,-16,AGUA
-46,1024,-16,AGUA
-44,1012,-16,AGUA
-47,1153,-16,AGUA
-46,508,-16,AGUA
-43,950,-16,AGUA
-48,1669,-16,AGUA
-47,1815,-16,AGUA
-48,113,-4,AGUA
-48,113,-3,AGUA
-48,113,-2,AGUA
-48,113,-8,AGUA
-47,1405,-16,AGUA
-40,569,-16,AGUA
-48,113,-7,AGUA
-48,113,-6,AGUA
-40,1382,-16,AGUA
-48,113,-5,AGUA
-47,2,-16,AGUA
-47,1288,-16,AGUA
-44,1422,-16,AGUA
-48,113,-9,AGUA
-33,1541,-2,AGUA
-47,1628,-16,AGUA
-43,1088,-16,AGUA
-42,1146,-16,AGUA
-45,742,-16,AGUA
-48,125,-4,AGUA
-48,125,-5,AGUA
-48,125,-2,AGUA
-48,125,-3,AGUA
-48,125,-8,AGUA
-48,125,-9,AGUA
-48,125,-6,AGUA
-40,756,-16,AGUA
-48,125,-7,AGUA
-45,1740,-16,AGUA
-47,768,-16,AGUA
-44,230,-16,AGUA
-48,137,-4,AGUA
-48,137,-3,AGUA
-48,137,-6,AGUA
-48,137,-5,AGUA
-48,137,-8,AGUA
-48,137,-7,AGUA
-45,406,-16,AGUA
-43,862,-16,AGUA
-47,457,-16,AGUA
-48,137,-9,AGUA
-48,137,-2,AGUA
-33,1553,-2,AGUA
-47,1065,-16,AGUA
-47,881,-16,AGUA
-48,1,-14,AGUA
-48,1,-15,AGUA
-48,1,-12,AGUA
-48,1,-13,AGUA
-48,1,-10,AGUA
-48,1,-11,AGUA
-46,168,-16,AGUA
-48,149,-4,AGUA
-48,149,-5,AGUA
-48,149,-6,AGUA
-48,149,-7,AGUA
-48,149,-8,AGUA
-48,149,-9,AGUA
-48,149,-2,AGUA
-48,149,-3,AGUA
-44,716,-16,AGUA
-47,1716,-16,AGUA
-42,80,-16,AGUA
-40,270,-16,AGUA
-48,150,-1,AGUA
-45,830,-16,AGUA
-33,19,-2,AGUA
-33,195,-2,AGUA
-46,592,-16,AGUA
-48,60,-16,AGUA
-42,1493,-16,AGUA
-45,490,-16,AGUA
-42,884,-16,AGUA
-42,102,-16,AGUA
-33,183,-2,AGUA
-45,888,-16,AGUA
-45,478,-16,AGUA
-47,69,-16,AGUA
-42,1322,-16,AGUA
-40,979,-16,AGUA
-47,81,-16,AGUA
-42,325,-16,AGUA
-48,969,-16,AGUA
-45,1188,-16,AGUA
-46,720,-16,AGUA
-42,548,-16,AGUA
-47,369,-16,AGUA
-43,1304,-16,AGUA
-43,1640,-16,AGUA
-48,911,-16,AGUA
-42,661,-16,AGUA
-48,174,-1,AGUA
-48,162,-1,AGUA
-33,171,-2,AGUA
-47,1090,-16,AGUA
-42,1545,-16,AGUA
-40,1046,-16,AGUA
-48,1710,-16,AGUA
-33,1589,-2,AGUA
-47,311,-16,AGUA
-47,482,-16,AGUA
-43,116,-16,AGUA
-42,1358,-16,AGUA
-48,771,-16,AGUA
-47,622,-16,AGUA
-44,1458,-16,AGUA
-44,1370,-16,AGUA
-48,384,-16,AGUA
-43,1352,-16,AGUA
-46,1810,-16,AGUA
-45,1042,-16,AGUA
-42,1745,-16,AGUA
-40,1668,-16,AGUA
-47,1576,-16,AGUA
-43,252,-16,AGUA
-42,1768,-16,AGUA
-48,1271,-16,AGUA
-45,1316,-16,AGUA
-47,1230,-16,AGUA
-47,1117,-16,AGUA
-47,1006,-16,AGUA
-40,1781,-16,AGUA
-47,509,-16,AGUA
-48,472,-16,AGUA
-45,1798,-16,AGUA
-48,359,-14,AGUA
-48,359,-15,AGUA
-47,710,-16,AGUA
-44,764,-16,AGUA
-43,526,-16,AGUA
-33,817,-2,AGUA
-42,55,-16,AGUA
-44,288,-16,AGUA
-43,598,-16,AGUA
-47,709,-16,AGUA
-42,449,-16,AGUA
-47,1488,-16,AGUA
-47,234,-16,AGUA
-40,222,-16,AGUA
-45,28,-16,AGUA
-47,1763,-16,AGUA
-42,150,-16,AGUA
-42,836,-16,AGUA
-46,1610,-16,AGUA
-48,359,-10,AGUA
-48,359,-11,AGUA
-48,359,-12,AGUA
-48,359,-13,AGUA
-33,805,-2,AGUA
-43,1552,-16,AGUA
-47,1317,-16,AGUA
-42,350,-16,AGUA
-44,376,-16,AGUA
-45,354,-16,AGUA
-40,394,-16,AGUA
-40,668,-16,AGUA
-48,559,-11,AGUA
-48,559,-10,AGUA
-42,1570,-16,AGUA
-47,1205,-16,AGUA
-47,1376,-16,AGUA
-42,1457,-16,AGUA
-46,1722,-16,AGUA
-43,340,-16,AGUA
-33,829,-2,AGUA
-45,1540,-16,AGUA
-48,1084,-16,AGUA
-48,559,-13,AGUA
-46,1394,-16,AGUA
-48,559,-12,AGUA
-48,559,-15,AGUA
-48,559,-14,AGUA
-48,571,-12,AGUA
-48,571,-13,AGUA
-48,571,-10,AGUA
-48,571,-11,AGUA
-42,636,-16,AGUA
-48,571,-14,AGUA
-48,571,-15,AGUA
-48,400,-16,AGUA
-42,237,-16,AGUA
-43,398,-16,AGUA
-47,968,-16,AGUA
-40,1409,-16,AGUA
-44,1546,-16,AGUA
-33,109,-2,AGUA
-33,1083,-2,AGUA
-47,980,-16,AGUA
-42,1657,-16,AGUA
-40,1522,-16,AGUA
-47,1504,-16,AGUA
-45,1528,-16,AGUA
-48,1383,-16,AGUA
-40,581,-16,AGUA
-48,213,-11,AGUA
-48,213,-12,AGUA
-48,213,-10,AGUA
-48,101,-8,AGUA
-48,213,-15,AGUA
-48,101,-9,AGUA
-46,1522,-16,AGUA
-48,213,-13,AGUA
-48,213,-14,AGUA
-40,1693,-16,AGUA
-48,101,-4,AGUA
-48,101,-5,AGUA
-48,101,-6,AGUA
-48,101,-7,AGUA
-48,101,-2,AGUA
-48,101,-3,AGUA
-45,1328,-16,AGUA
-47,1675,-16,AGUA
-33,1071,-2,AGUA
-40,781,-16,AGUA
-47,1189,-16,AGUA
-43,614,-16,AGUA
-47,1018,-16,AGUA
-47,593,-16,AGUA
-48,658,-16,AGUA
-42,1011,-16,AGUA
-40,610,-16,AGUA
-42,1182,-16,AGUA
-48,1012,-16,AGUA
-44,986,-16,AGUA
-33,1347,-2,AGUA
-46,644,-16,AGUA
-47,657,-16,AGUA
-33,1359,-2,AGUA
-42,1621,-16,AGUA
-48,1100,-16,AGUA
-43,1476,-16,AGUA
-40,86,-16,AGUA
-47,681,-16,AGUA
-48,306,-1,AGUA
-47,1541,-16,AGUA
-40,1246,-16,AGUA
-40,868,-16,AGUA
-45,606,-16,AGUA
-48,1558,-16,AGUA
-48,331,-2,AGUA
-46,732,-16,AGUA
-48,331,-3,AGUA
-48,331,-4,AGUA
-48,331,-5,AGUA
-48,331,-6,AGUA
-40,1433,-16,AGUA
-42,461,-16,AGUA
-42,525,-16,AGUA
-33,1095,-2,AGUA
-40,1610,-16,AGUA
-42,1710,-16,AGUA
-47,1452,-16,AGUA
-47,494,-16,AGUA
-46,392,-16,AGUA
-45,132,-16,AGUA
-44,504,-16,AGUA
-40,482,-16,AGUA
-47,1265,-16,AGUA
-47,933,-16,AGUA
-46,368,-16,AGUA
-45,266,-16,AGUA
-40,369,-16,AGUA
-48,301,-15,AGUA
-48,301,-14,AGUA
-48,301,-13,AGUA
-48,301,-12,AGUA
-48,301,-11,AGUA
-45,1264,-16,AGUA
-48,301,-10,AGUA
-40,956,-16,AGUA
-47,1428,-16,AGUA
-48,318,-1,AGUA
-48,946,-16,AGUA
-45,630,-16,AGUA
-46,332,-16,AGUA
-43,82,-16,AGUA
-48,607,-2,AGUA
-48,607,-1,AGUA
-48,1323,-16,AGUA
-48,607,-9,AGUA
-48,607,-8,AGUA
-48,607,-7,AGUA
-48,607,-6,AGUA
-48,607,-5,AGUA
-46,308,-16,AGUA
-48,607,-4,AGUA
-48,607,-3,AGUA
-47,183,-16,AGUA
-43,874,-16,AGUA
-48,1745,-16,AGUA
-47,1739,-16,AGUA
-44,852,-16,AGUA
-48,1494,-16,AGUA
-43,726,-16,AGUA
-42,748,-16,AGUA
-44,1258,-16,AGUA
-42,1123,-16,AGUA
-42,1094,-16,AGUA
-48,619,-8,AGUA
-48,619,-9,AGUA
-44,1622,-16,AGUA
-48,619,-6,AGUA
-42,1158,-16,AGUA
-48,619,-7,AGUA
-48,619,-4,AGUA
-48,619,-5,AGUA
-40,1023,-16,AGUA
-48,619,-2,AGUA
-48,619,-3,AGUA
-48,524,-16,AGUA
-48,619,-1,AGUA
-43,1440,-16,AGUA
-45,1604,-16,AGUA
-48,96,-16,AGUA
-44,488,-16,AGUA
-42,935,-16,AGUA
-33,1311,-2,AGUA
-43,1698,-16,AGUA
-45,2,-16,AGUA
-33,1661,-2,AGUA
-42,712,-16,AGUA
-43,474,-16,AGUA
-42,496,-16,AGUA
-33,1323,-2,AGUA
-40,1581,-16,AGUA
-42,1271,-16,AGUA
-48,124,-16,AGUA
-33,1335,-2,AGUA
-40,134,-16,AGUA
-42,274,-16,AGUA
-45,1388,-16,AGUA
-40,1210,-16,AGUA
-47,1141,-16,AGUA
-40,892,-16,AGUA
-40,721,-16,AGUA
-33,541,-2,AGUA
-45,964,-16,AGUA
-42,103,-16,AGUA
-47,1599,-16,AGUA
-48,635,-14,AGUA
-48,635,-13,AGUA
-46,54,-16,AGUA
-48,635,-15,AGUA
-42,883,-16,AGUA
-40,534,-16,AGUA
-42,859,-16,AGUA
-40,171,-16,AGUA
-44,1482,-16,AGUA
-40,921,-16,AGUA
-44,428,-16,AGUA
-48,635,-10,AGUA
-48,1523,-16,AGUA
-48,635,-12,AGUA
-48,635,-11,AGUA
-46,1470,-16,AGUA
-43,1216,-16,AGUA
-45,1130,-16,AGUA
-44,652,-16,AGUA
-40,808,-16,AGUA
-42,401,-16,AGUA
-47,146,-16,AGUA
-40,445,-16,AGUA
-42,585,-16,AGUA
-33,459,-2,AGUA
-48,1136,-16,AGUA
-40,1557,-16,AGUA
-46,1646,-16,AGUA
-46,110,-16,AGUA
-45,1404,-16,AGUA
-48,1634,-16,AGUA
-33,565,-2,AGUA
-47,1799,-16,AGUA
-47,346,-16,AGUA
-42,1792,-16,AGUA
-47,34,-16,AGUA
-44,452,-16,AGUA
-48,392,-1,AGUA
-48,1047,-16,AGUA
-40,258,-16,AGUA
-48,248,-16,AGUA
-48,835,-16,AGUA
-46,1670,-16,AGUA
-46,866,-16,AGUA
-33,553,-2,AGUA
-44,1282,-16,AGUA
-46,1446,-16,AGUA
-45,690,-16,AGUA
-48,367,-7,AGUA
-48,367,-6,AGUA
-48,367,-9,AGUA
-48,367,-8,AGUA
-48,367,-3,AGUA
-48,367,-2,AGUA
-48,367,-5,AGUA
-48,367,-4,AGUA
-42,385,-16,AGUA
-43,58,-16,AGUA
-48,161,-10,AGUA
-48,161,-11,AGUA
-40,1744,-16,AGUA
-48,161,-12,AGUA
-48,161,-13,AGUA
-48,161,-14,AGUA
-48,161,-15,AGUA
-42,772,-16,AGUA
-40,1470,-16,AGUA
-33,435,-2,AGUA
-40,645,-16,AGUA
-48,435,-12,AGUA
-48,435,-11,AGUA
-48,435,-14,AGUA
-48,435,-13,AGUA
-43,750,-16,AGUA
-42,601,-16,AGUA
-48,355,-9,AGUA
-48,435,-10,AGUA
-48,379,-7,AGUA
-48,379,-8,AGUA
-48,379,-9,AGUA
-48,379,-3,AGUA
-48,379,-4,AGUA
-48,379,-5,AGUA
-40,1357,-16,AGUA
-48,379,-6,AGUA
-48,379,-1,AGUA
-48,379,-2,AGUA
-47,570,-16,AGUA
-33,411,-2,AGUA
-40,1083,-16,AGUA
-44,1682,-16,AGUA
-33,447,-2,AGUA
-48,435,-15,AGUA
-42,1708,-16,AGUA
-45,1664,-16,AGUA
-40,4,-16,AGUA
-47,844,-16,AGUA
-42,414,-16,AGUA
-47,370,-16,AGUA
-40,49,-16,AGUA
-42,1047,-16,AGUA
-48,331,-7,AGUA
-48,331,-8,AGUA
-48,331,-9,AGUA
-44,154,-16,AGUA
-43,176,-16,AGUA
-48,343,-7,AGUA
-48,343,-6,AGUA
-48,343,-5,AGUA
-48,343,-4,AGUA
-48,343,-3,AGUA
-48,343,-2,AGUA
-43,1416,-16,AGUA
-42,185,-16,AGUA
-42,214,-16,AGUA
-48,355,-7,AGUA
-48,355,-8,AGUA
-48,355,-5,AGUA
-48,355,-6,AGUA
-48,59,-10,AGUA
-42,1434,-16,AGUA
-48,355,-3,AGUA
-48,355,-4,AGUA
-48,355,-2,AGUA
-43,1616,-16,AGUA
-40,1270,-16,AGUA
-40,832,-16,AGUA
-42,972,-16,AGUA
-48,343,-9,AGUA
-48,343,-8,AGUA
-42,801,-16,AGUA
-44,628,-16,AGUA
-48,59,-15,AGUA
-48,59,-11,AGUA
-48,59,-12,AGUA
-48,59,-13,AGUA
-48,59,-14,AGUA
-33,423,-2,AGUA
-48,1623,-16,AGUA
-42,502,-16,AGUA
-33,1805,-2,AGUA
-43,264,-16,AGUA
-47,1289,-16,AGUA
-46,780,-16,AGUA
-42,1323,-16,AGUA
-42,484,-16,AGUA
-43,996,-16,AGUA
-48,396,-16,AGUA
-48,646,-16,AGUA
-42,549,-16,AGUA
-33,1817,-2,AGUA
-40,345,-16,AGUA
-46,192,-16,AGUA
-48,511,-11,AGUA
-48,511,-10,AGUA
-48,511,-13,AGUA
-48,511,-12,AGUA
-48,511,-15,AGUA
-48,511,-14,AGUA
-42,984,-16,AGUA
-44,776,-16,AGUA
-40,780,-16,AGUA
-48,47,-15,AGUA
-44,206,-16,AGUA
-48,47,-14,AGUA
-48,47,-13,AGUA
-48,47,-12,AGUA
-42,1411,-16,AGUA
-40,210,-16,AGUA
-43,1116,-16,AGUA
-48,1693,-16,AGUA
-48,561,-2,AGUA
-48,561,-3,AGUA
-48,561,-4,AGUA
-48,561,-5,AGUA
-42,137,-16,AGUA
-48,561,-1,AGUA
-47,1154,-16,AGUA
-40,1293,-16,AGUA
-47,1316,-16,AGUA
-48,261,-14,AGUA
-45,430,-16,AGUA
-48,261,-15,AGUA
-48,261,-12,AGUA
-48,261,-13,AGUA
-48,261,-10,AGUA
-48,261,-11,AGUA
-46,1658,-16,AGUA
-43,1774,-16,AGUA
-48,573,-2,AGUA
-48,573,-1,AGUA
-42,1458,-16,AGUA
-48,573,-6,AGUA
-47,1,-16,AGUA
-48,573,-5,AGUA
-48,573,-4,AGUA
-48,573,-3,AGUA
-47,546,-16,AGUA
-48,572,-16,AGUA
-45,1142,-16,AGUA
-40,845,-16,AGUA
-48,561,-6,AGUA
-48,561,-7,AGUA
-48,561,-8,AGUA
-48,561,-9,AGUA
-48,1258,-16,AGUA
-40,271,-16,AGUA
-47,134,-16,AGUA
-44,1058,-16,AGUA
-45,718,-16,AGUA
-48,137,-14,AGUA
-48,137,-15,AGUA
-48,137,-12,AGUA
-48,137,-13,AGUA
-48,137,-10,AGUA
-48,137,-11,AGUA
-47,1228,-16,AGUA
-40,757,-16,AGUA
-40,692,-16,AGUA
-47,708,-16,AGUA
-43,1598,-16,AGUA
-47,1663,-16,AGUA
-48,115,-7,AGUA
-42,1100,-16,AGUA
-48,115,-8,AGUA
-48,115,-9,AGUA
-45,788,-16,AGUA
-44,1182,-16,AGUA
-48,115,-3,AGUA
-48,115,-4,AGUA
-45,842,-16,AGUA
-48,115,-5,AGUA
-48,115,-6,AGUA
-48,115,-2,AGUA
-46,1282,-16,AGUA
-40,521,-16,AGUA
-43,1528,-16,AGUA
-40,656,-16,AGUA
-44,1808,-16,AGUA
-40,1482,-16,AGUA
-48,127,-7,AGUA
-48,127,-6,AGUA
-48,127,-5,AGUA
-48,127,-4,AGUA
-48,127,-9,AGUA
-48,127,-8,AGUA
-48,127,-3,AGUA
-47,195,-16,AGUA
-40,1732,-16,AGUA
-48,127,-2,AGUA
-42,813,-16,AGUA
-46,1212,-16,AGUA
-40,1047,-16,AGUA
-44,1112,-16,AGUA
-43,338,-16,AGUA
-48,47,-11,AGUA
-48,47,-10,AGUA
-48,225,-11,AGUA
-45,1216,-16,AGUA
-48,225,-10,AGUA
-48,225,-15,AGUA
-42,173,-16,AGUA
-48,225,-14,AGUA
-48,225,-13,AGUA
-48,225,-12,AGUA
-48,139,-7,AGUA
-48,139,-8,AGUA
-33,577,-2,AGUA
-48,139,-5,AGUA
-48,139,-6,AGUA
-48,139,-9,AGUA
-46,678,-16,AGUA
-40,1311,-16,AGUA
-48,139,-3,AGUA
-48,139,-4,AGUA
-48,139,-2,AGUA
-42,1393,-16,AGUA
-45,916,-16,AGUA
-44,1558,-16,AGUA
-48,1123,-16,AGUA
-33,589,-2,AGUA
-47,269,-16,AGUA
-47,634,-16,AGUA
-40,1669,-16,AGUA
-40,37,-16,AGUA
-42,1494,-16,AGUA
-47,1242,-16,AGUA
-44,688,-16,AGUA
-40,1381,-16,AGUA
-48,140,-1,AGUA
-43,926,-16,AGUA
-47,68,-16,AGUA
-45,342,-16,AGUA
-44,952,-16,AGUA
-42,448,-16,AGUA
-44,404,-16,AGUA
-45,166,-16,AGUA
-40,1122,-16,AGUA
-40,582,-16,AGUA
-45,1588,-16,AGUA
-47,920,-16,AGUA
-40,309,-16,AGUA
-48,747,-16,AGUA
-48,883,-16,AGUA
-47,1487,-16,AGUA
-47,323,-16,AGUA
-40,381,-16,AGUA
-47,1188,-16,AGUA
-46,818,-16,AGUA
-42,1357,-16,AGUA
-48,2,-16,AGUA
-45,1252,-16,AGUA
-44,330,-16,AGUA
-46,1768,-16,AGUA
-48,1359,-16,AGUA
-44,1734,-16,AGUA
-42,1568,-16,AGUA
-47,879,-16,AGUA
-48,159,-12,AGUA
-48,159,-13,AGUA
-48,159,-14,AGUA
-47,235,-16,AGUA
-48,159,-15,AGUA
-48,200,-16,AGUA
-48,159,-10,AGUA
-48,159,-11,AGUA
-40,169,-16,AGUA
-46,744,-16,AGUA
-43,1006,-16,AGUA
-42,1769,-16,AGUA
-42,795,-16,AGUA
-48,957,-16,AGUA
-48,401,-14,AGUA
-48,401,-15,AGUA
-48,401,-12,AGUA
-48,401,-13,AGUA
-47,1005,-16,AGUA
-42,238,-16,AGUA
-48,401,-10,AGUA
-47,1417,-16,AGUA
-48,401,-11,AGUA
-40,967,-16,AGUA
-47,1803,-16,AGUA
-48,103,-7,AGUA
-48,103,-6,AGUA
-48,585,-8,AGUA
-48,103,-9,AGUA
-48,103,-8,AGUA
-48,585,-9,AGUA
-48,471,-10,AGUA
-47,981,-16,AGUA
-48,103,-3,AGUA
-48,471,-11,AGUA
-48,103,-2,AGUA
-48,471,-12,AGUA
-48,103,-5,AGUA
-48,471,-13,AGUA
-48,103,-4,AGUA
-48,471,-14,AGUA
-48,471,-15,AGUA
-44,48,-16,AGUA
-42,1082,-16,AGUA
-46,170,-16,AGUA
-42,624,-16,AGUA
-43,1664,-16,AGUA
-47,309,-16,AGUA
-48,597,-2,AGUA
-48,597,-1,AGUA
-48,597,-4,AGUA
-43,1652,-16,AGUA
-48,597,-3,AGUA
-48,597,-6,AGUA
-48,597,-5,AGUA
-42,1283,-16,AGUA
-48,597,-8,AGUA
-48,597,-7,AGUA
-48,573,-9,AGUA
-43,886,-16,AGUA
-42,56,-16,AGUA
-48,573,-8,AGUA
-48,573,-7,AGUA
-44,1146,-16,AGUA
-47,810,-16,AGUA
-45,1628,-16,AGUA
-42,1183,-16,AGUA
-48,1483,-16,AGUA
-45,1698,-16,AGUA
-42,1582,-16,AGUA
-40,955,-16,AGUA
-48,1184,-16,AGUA
-47,880,-16,AGUA
-48,585,-2,AGUA
-48,585,-3,AGUA
-43,440,-16,AGUA
-48,585,-1,AGUA
-48,585,-6,AGUA
-48,585,-7,AGUA
-48,585,-4,AGUA
-48,585,-5,AGUA
-43,22,-16,AGUA
-42,1012,-16,AGUA
-47,409,-16,AGUA
-46,1036,-16,AGUA
-40,881,-16,AGUA
-43,514,-16,AGUA
-43,786,-16,AGUA
-44,276,-16,AGUA
-40,98,-16,AGUA
-44,1072,-16,AGUA
-42,550,-16,AGUA
-40,1692,-16,AGUA
-46,244,-16,AGUA
-48,700,-16,AGUA
-47,1118,-16,AGUA
-43,198,-16,AGUA
-40,1421,-16,AGUA
-46,1694,-16,AGUA
-40,710,-16,AGUA
-48,597,-9,AGUA
-46,1422,-16,AGUA
-43,1738,-16,AGUA
-40,1622,-16,AGUA
-40,1793,-16,AGUA
-48,871,-16,AGUA
-42,923,-16,AGUA
-42,1656,-16,AGUA
-40,546,-16,AGUA
-44,1792,-16,AGUA
-33,673,-2,AGUA
-46,90,-16,AGUA
-44,1768,-16,AGUA
-40,481,-16,AGUA
-47,1106,-16,AGUA
-33,1301,-2,AGUA
-40,1592,-16,AGUA
-33,1073,-2,AGUA
-40,570,-16,AGUA
-45,220,-16,AGUA
-33,1795,-2,AGUA
-33,1313,-2,AGUA
-44,440,-16,AGUA
-44,416,-16,AGUA
-42,1757,-16,AGUA
-33,1061,-2,AGUA
-33,901,-2,AGUA
-33,685,-2,AGUA
-42,436,-16,AGUA
-40,1521,-16,AGUA
-45,952,-16,AGUA
-45,1352,-16,AGUA
-40,135,-16,AGUA
-43,1252,-16,AGUA
-47,1290,-16,AGUA
-44,940,-16,AGUA
-48,712,-16,AGUA
-33,1325,-2,AGUA
-33,1783,-2,AGUA
-42,1533,-16,AGUA
-33,339,-2,AGUA
-33,327,-2,AGUA
-33,1337,-2,AGUA
-43,1388,-16,AGUA
-43,1726,-16,AGUA
-40,820,-16,AGUA
-44,166,-16,AGUA
-40,1245,-16,AGUA
-45,678,-16,AGUA
-33,1097,-2,AGUA
-42,1622,-16,AGUA
-48,371,-11,AGUA
-48,371,-10,AGUA
-48,371,-13,AGUA
-40,644,-16,AGUA
-48,371,-12,AGUA
-48,371,-15,AGUA
-44,342,-16,AGUA
-48,371,-14,AGUA
-33,1085,-2,AGUA
-33,1349,-2,AGUA
-33,315,-2,AGUA
-42,362,-16,AGUA
-45,88,-16,AGUA
-40,209,-16,AGUA
-46,1224,-16,AGUA
-44,916,-16,AGUA
-33,697,-2,AGUA
-44,190,-16,AGUA
-42,1257,-16,AGUA
-43,386,-16,AGUA
-44,1694,-16,AGUA
-48,560,-16,AGUA
-42,713,-16,AGUA
-40,722,-16,AGUA
-44,1212,-16,AGUA
-47,511,-16,AGUA
-40,920,-16,AGUA
-43,304,-16,AGUA
-47,756,-16,AGUA
-43,502,-16,AGUA
-40,991,-16,AGUA
-43,404,-16,AGUA
-44,264,-16,AGUA
-40,1147,-16,AGUA
-45,578,-16,AGUA
-42,273,-16,AGUA
-40,893,-16,AGUA
-48,347,-15,AGUA
-48,347,-14,AGUA
-48,347,-13,AGUA
-48,347,-12,AGUA
-48,347,-11,AGUA
-48,347,-10,AGUA
-47,1764,-16,AGUA
-33,303,-2,AGUA
-43,1152,-16,AGUA
-43,1628,-16,AGUA
-47,1429,-16,AGUA
-40,857,-16,AGUA
-48,125,-14,AGUA
-46,920,-16,AGUA
-48,125,-13,AGUA
-48,125,-15,AGUA
-48,125,-10,AGUA
-48,125,-12,AGUA
-48,125,-11,AGUA
-48,1246,-16,AGUA
-45,442,-16,AGUA
-40,235,-16,AGUA
-43,1762,-16,AGUA
-40,709,-16,AGUA
-47,682,-16,AGUA
-40,357,-16,AGUA
-47,1364,-16,AGUA
-48,273,-15,AGUA
-48,273,-14,AGUA
-48,273,-13,AGUA
-48,273,-12,AGUA
-48,273,-11,AGUA
-48,273,-10,AGUA
-33,661,-2,AGUA
-42,1159,-16,AGUA
-48,1001,-16,AGUA
-45,1752,-16,AGUA
-45,178,-16,AGUA
-33,1009,-2,AGUA
-46,1558,-16,AGUA
-40,333,-16,AGUA
-43,1054,-16,AGUA
-43,1488,-16,AGUA
-46,954,-16,AGUA
-42,1222,-16,AGUA
-47,169,-16,AGUA
-47,33,-16,AGUA
-47,1053,-16,AGUA
-47,919,-16,AGUA
-42,747,-16,AGUA
-40,1211,-16,AGUA
-43,1030,-16,AGUA
-48,634,-16,AGUA
-42,1446,-16,AGUA
-40,170,-16,AGUA
-42,313,-16,AGUA
-43,1128,-16,AGUA
-48,73,-10,AGUA
-48,73,-12,AGUA
-48,73,-11,AGUA
-48,1733,-16,AGUA
-48,73,-14,AGUA
-48,73,-13,AGUA
-48,73,-15,AGUA
-40,1082,-16,AGUA
-44,816,-16,AGUA
-42,1793,-16,AGUA
-43,164,-16,AGUA
-42,673,-16,AGUA
-42,584,-16,AGUA
-44,1594,-16,AGUA
-45,1018,-16,AGUA
-42,402,-16,AGUA
-42,1722,-16,AGUA
-48,160,-16,AGUA
-43,1804,-16,AGUA
-42,1135,-16,AGUA
-40,1556,-16,AGUA
-48,536,-16,AGUA
-43,738,-16,AGUA
-47,1627,-16,AGUA
-46,1258,-16,AGUA
-47,945,-16,AGUA
-45,776,-16,AGUA
-43,70,-16,AGUA
-40,1000,-16,AGUA
-44,1194,-16,AGUA
-42,1046,-16,AGUA
-40,1171,-16,AGUA
-47,1798,-16,AGUA
-47,445,-16,AGUA
-45,318,-16,AGUA
-47,1527,-16,AGUA
-46,1084,-16,AGUA
-46,380,-16,AGUA
-47,1698,-16,AGUA
-48,260,-1,AGUA
-44,898,-16,AGUA
-46,854,-16,AGUA
-46,122,-16,AGUA
-48,272,-1,AGUA
-44,1310,-16,AGUA
-47,1553,-16,AGUA
-44,1668,-16,AGUA
-43,1586,-16,AGUA
-47,358,-16,AGUA
-46,880,-16,AGUA
-44,540,-16,AGUA
-40,61,-16,AGUA
-47,200,-16,AGUA
-40,1358,-16,AGUA
-46,1200,-16,AGUA
-47,1453,-16,AGUA
-48,284,-1,AGUA
-40,1458,-16,AGUA
-48,436,-16,AGUA
-40,446,-16,AGUA
-45,1076,-16,AGUA
-47,371,-16,AGUA
-46,1158,-16,AGUA
-42,21,-16,AGUA
-47,845,-16,AGUA
-46,1434,-16,AGUA
-42,413,-16,AGUA
-44,552,-16,AGUA
-40,1769,-16,AGUA
-47,223,-16,AGUA
-43,1018,-16,AGUA
-45,1118,-16,AGUA
-46,1756,-16,AGUA
-33,707,-2,AGUA
-47,293,-16,AGUA
-40,1634,-16,AGUA
-40,434,-16,AGUA
-42,1734,-16,AGUA
-47,92,-16,AGUA
-44,1582,-16,AGUA
-42,1482,-16,AGUA
-40,1109,-16,AGUA
-42,1369,-16,AGUA
-46,756,-16,AGUA
-48,1534,-16,AGUA
-33,1107,-2,AGUA
-46,1184,-16,AGUA
-40,1222,-16,AGUA
-45,566,-16,AGUA
-47,22,-16,AGUA
-44,804,-16,AGUA
-40,182,-16,AGUA
-47,1387,-16,AGUA
-48,259,-7,AGUA
-48,259,-6,AGUA
-48,259,-5,AGUA
-48,259,-4,AGUA
-48,237,-15,AGUA
-48,259,-9,AGUA
-48,259,-8,AGUA
-42,895,-16,AGUA
-48,259,-3,AGUA
-48,259,-2,AGUA
-40,247,-16,AGUA
-47,608,-16,AGUA
-43,898,-16,AGUA
-44,1100,-16,AGUA
-44,1656,-16,AGUA
-48,483,-11,AGUA
-48,483,-10,AGUA
-48,483,-13,AGUA
-48,483,-12,AGUA
-48,483,-15,AGUA
-48,237,-11,AGUA
-48,483,-14,AGUA
-48,237,-12,AGUA
-48,237,-13,AGUA
-48,237,-14,AGUA
-48,237,-10,AGUA
-48,1460,-16,AGUA
-42,573,-16,AGUA
-48,247,-7,AGUA
-43,1140,-16,AGUA
-48,247,-8,AGUA
-48,247,-9,AGUA
-48,247,-3,AGUA
-48,247,-4,AGUA
-48,247,-5,AGUA
-47,721,-16,AGUA
-48,247,-6,AGUA
-48,247,-2,AGUA
-42,825,-16,AGUA
-42,161,-16,AGUA
-48,235,-7,AGUA
-48,235,-6,AGUA
-48,235,-9,AGUA
-48,235,-8,AGUA
-48,235,-3,AGUA
-48,235,-2,AGUA
-48,235,-5,AGUA
-48,235,-4,AGUA
-47,779,-16,AGUA
-47,957,-16,AGUA
-45,1616,-16,AGUA
-42,1171,-16,AGUA
-42,1295,-16,AGUA
-43,416,-16,AGUA
-42,1070,-16,AGUA
-43,238,-16,AGUA
-42,1058,-16,AGUA
-45,818,-16,AGUA
-44,1158,-16,AGUA
-44,178,-16,AGUA
-47,1651,-16,AGUA
-42,647,-16,AGUA
-48,223,-7,AGUA
-48,223,-8,AGUA
-48,223,-5,AGUA
-42,760,-16,AGUA
-48,223,-6,AGUA
-48,223,-3,AGUA
-48,223,-4,AGUA
-48,223,-2,AGUA
-42,397,-16,AGUA
-47,410,-16,AGUA
-46,220,-16,AGUA
-42,911,-16,AGUA
-48,296,-16,AGUA
-48,223,-9,AGUA
-48,424,-16,AGUA
-48,172,-16,AGUA
-48,548,-16,AGUA
-44,1084,-16,AGUA
-46,1360,-16,AGUA
-42,226,-16,AGUA
-46,1682,-16,AGUA
-47,1565,-16,AGUA
-47,534,-16,AGUA
-48,1223,-16,AGUA
-43,34,-16,AGUA
-33,719,-2,AGUA
-33,1181,-2,AGUA
-48,611,-15,AGUA
-40,508,-16,AGUA
-40,621,-16,AGUA
-42,1000,-16,AGUA
-43,774,-16,AGUA
-47,1029,-16,AGUA
-48,211,-9,AGUA
-48,211,-8,AGUA
-48,211,-7,AGUA
-48,211,-6,AGUA
-48,211,-5,AGUA
-47,856,-16,AGUA
-48,211,-4,AGUA
-48,211,-3,AGUA
-48,211,-2,AGUA
-45,208,-16,AGUA
-33,1193,-2,AGUA
-47,1464,-16,AGUA
-46,842,-16,AGUA
-45,1652,-16,AGUA
-44,788,-16,AGUA
-42,1423,-16,AGUA
-48,394,-1,AGUA
-42,537,-16,AGUA
-43,914,-16,AGUA
-47,1076,-16,AGUA
-44,74,-16,AGUA
-44,676,-16,AGUA
-48,1658,-16,AGUA
-46,632,-16,AGUA
-45,1154,-16,AGUA
-42,650,-16,AGUA
-47,394,-16,AGUA
-47,1277,-16,AGUA
-40,1580,-16,AGUA
-40,1533,-16,AGUA
-33,1651,-2,AGUA
-47,1142,-16,AGUA
-48,611,-14,AGUA
-42,1610,-16,AGUA
-48,611,-13,AGUA
-48,611,-12,AGUA
-48,611,-11,AGUA
-48,611,-10,AGUA
-33,1675,-2,AGUA
-43,1376,-16,AGUA
-47,669,-16,AGUA
-45,1726,-16,AGUA
-40,1510,-16,AGUA
-33,781,-2,AGUA
-47,122,-16,AGUA
-43,1190,-16,AGUA
-42,1311,-16,AGUA
-40,310,-16,AGUA
-47,1390,-16,AGUA
-46,1310,-16,AGUA
-47,782,-16,AGUA
-46,706,-16,AGUA
-43,486,-16,AGUA
-47,581,-16,AGUA
-43,984,-16,AGUA
-48,312,-16,AGUA
-42,149,-16,AGUA
-42,262,-16,AGUA
-42,724,-16,AGUA
-42,1381,-16,AGUA
-47,468,-16,AGUA
-44,60,-16,AGUA
-48,35,-15,AGUA
-48,35,-13,AGUA
-48,35,-14,AGUA
-46,1324,-16,AGUA
-40,1323,-16,AGUA
-42,1124,-16,AGUA
-46,1792,-16,AGUA
-47,1216,-16,AGUA
-33,1663,-2,AGUA
-40,493,-16,AGUA
-48,35,-11,AGUA
-48,35,-12,AGUA
-48,35,-10,AGUA
-46,270,-16,AGUA
-42,996,-16,AGUA
-40,1720,-16,AGUA
-47,1775,-16,AGUA
-47,892,-16,AGUA
-40,1035,-16,AGUA
-40,25,-16,AGUA
-40,1708,-16,AGUA
-42,1112,-16,AGUA
-44,1046,-16,AGUA
-42,44,-16,AGUA
-40,1393,-16,AGUA
-46,344,-16,AGUA
-48,300,-16,AGUA
-45,454,-16,AGUA
-48,1282,-16,AGUA
-33,1119,-2,AGUA
-48,8,-1,AGUA
-33,1687,-2,AGUA
-40,294,-16,AGUA
-45,940,-16,AGUA
-43,1750,-16,AGUA
-44,306,-16,AGUA
-40,680,-16,AGUA
-40,123,-16,AGUA
-45,1228,-16,AGUA
-45,854,-16,AGUA
-33,1771,-2,AGUA
-42,1556,-16,AGUA
-33,793,-2,AGUA
-33,1699,-2,AGUA
-48,670,-16,AGUA
-48,859,-16,AGUA
-42,336,-16,AGUA
-43,128,-16,AGUA
-48,113,-14,AGUA
-48,113,-15,AGUA
-48,113,-10,AGUA
-48,113,-11,AGUA
-48,113,-12,AGUA
-48,113,-13,AGUA
-45,1240,-16,AGUA
-47,1705,-16,AGUA
-43,1264,-16,AGUA
-40,869,-16,AGUA
-42,1692,-16,AGUA
-45,1030,-16,AGUA
-40,1681,-16,AGUA
-47,1017,-16,AGUA
-40,1770,-16,AGUA
-33,913,-2,AGUA
-47,335,-16,AGUA
-42,1781,-16,AGUA
-42,685,-16,AGUA
-47,246,-16,AGUA
-42,596,-16,AGUA
-47,157,-16,AGUA
-42,301,-16,AGUA
-47,270,-16,AGUA
-45,1006,-16,AGUA
-47,1130,-16,AGUA
-40,1657,-16,AGUA
-48,1581,-16,AGUA
-33,925,-2,AGUA
-48,85,-12,AGUA
-48,85,-13,AGUA
-48,85,-10,AGUA
-48,85,-11,AGUA
-46,892,-16,AGUA
-48,85,-14,AGUA
-48,85,-15,AGUA
-45,928,-16,AGUA
-47,45,-16,AGUA
-40,1568,-16,AGUA
-42,1668,-16,AGUA
-46,20,-16,AGUA
-43,152,-16,AGUA
-40,1494,-16,AGUA
-48,489,-9,AGUA
-48,489,-8,AGUA
-48,489,-7,AGUA
-48,489,-6,AGUA
-48,489,-5,AGUA
-48,489,-4,AGUA
-48,489,-3,AGUA
-48,489,-2,AGUA
-48,489,-1,AGUA
-46,410,-16,AGUA
-45,1104,-16,AGUA
-46,208,-16,AGUA
-46,232,-16,AGUA
-47,172,-16,AGUA
-42,1210,-16,AGUA
-33,937,-2,AGUA
-47,1499,-16,AGUA
-40,411,-16,AGUA
-46,990,-16,AGUA
-46,1570,-16,AGUA
-46,1294,-16,AGUA
-46,1546,-16,AGUA
-43,226,-16,AGUA
-43,650,-16,AGUA
-46,966,-16,AGUA
-46,1072,-16,AGUA
-33,949,-2,AGUA
-47,809,-16,AGUA
-47,1588,-16,AGUA
-48,595,-12,AGUA
-48,595,-13,AGUA
-48,453,-8,AGUA
-48,595,-14,AGUA
-48,453,-9,AGUA
-48,595,-15,AGUA
-48,595,-10,AGUA
-48,595,-11,AGUA
-47,833,-16,AGUA
-46,134,-16,AGUA
-48,453,-2,AGUA
-48,453,-3,AGUA
-48,453,-1,AGUA
-48,453,-6,AGUA
-48,453,-7,AGUA
-48,453,-4,AGUA
-48,453,-5,AGUA
-43,626,-16,AGUA
-46,1146,-16,AGUA
-48,441,-2,AGUA
-48,441,-1,AGUA
-48,441,-6,AGUA
-48,441,-5,AGUA
-48,441,-4,AGUA
-42,612,-16,AGUA
-48,441,-3,AGUA
-45,1504,-16,AGUA
-44,388,-16,AGUA
-48,477,-1,AGUA
-48,477,-2,AGUA
-48,477,-3,AGUA
-48,477,-4,AGUA
-44,36,-16,AGUA
-48,477,-5,AGUA
-48,477,-6,AGUA
-48,477,-7,AGUA
-48,477,-8,AGUA
-48,477,-9,AGUA
-42,1023,-16,AGUA
-43,374,-16,AGUA
-42,1194,-16,AGUA
-48,441,-9,AGUA
-40,1094,-16,AGUA
-48,441,-8,AGUA
-48,441,-7,AGUA
-46,1048,-16,AGUA
-40,792,-16,AGUA
-42,1594,-16,AGUA
-42,961,-16,AGUA
-47,433,-16,AGUA
-42,783,-16,AGUA
-42,848,-16,AGUA
-48,669,-12,AGUA
-48,669,-13,AGUA
-40,1346,-16,AGUA
-48,669,-14,AGUA
-48,669,-15,AGUA
-42,196,-16,AGUA
-48,669,-10,AGUA
-48,669,-11,AGUA
-48,195,-15,AGUA
-42,203,-16,AGUA
-48,195,-14,AGUA
-48,195,-13,AGUA
-48,195,-12,AGUA
-42,374,-16,AGUA
-48,195,-11,AGUA
-46,1196,-16,AGUA
-48,195,-10,AGUA
-40,1110,-16,AGUA
-48,12,-16,AGUA
-33,1709,-2,AGUA
-40,1755,-16,AGUA
-40,1281,-16,AGUA
-33,207,-2,AGUA
-44,1722,-16,AGUA
-48,465,-9,AGUA
-48,1394,-16,AGUA
-43,552,-16,AGUA
-47,907,-16,AGUA
-45,1430,-16,AGUA
-48,465,-2,AGUA
-48,465,-1,AGUA
-44,2,-16,AGUA
-48,465,-4,AGUA
-48,465,-3,AGUA
-48,465,-6,AGUA
-48,465,-5,AGUA
-48,465,-8,AGUA
-33,219,-2,AGUA
-48,465,-7,AGUA
-40,679,-16,AGUA
-47,1515,-16,AGUA
-47,1686,-16,AGUA
-45,1488,-16,AGUA
-47,1041,-16,AGUA
-46,608,-16,AGUA
-47,1165,-16,AGUA
-48,164,-1,AGUA
-47,1254,-16,AGUA
-33,1433,-2,AGUA
-42,472,-16,AGUA
-45,76,-16,AGUA
-48,404,-1,AGUA
-48,15,-2,AGUA
-48,15,-3,AGUA
-48,15,-6,AGUA
-48,15,-7,AGUA
-48,15,-4,AGUA
-48,15,-5,AGUA
-48,15,-8,AGUA
-48,15,-9,AGUA
-45,190,-16,AGUA
-46,566,-16,AGUA
-40,558,-16,AGUA
-45,804,-16,AGUA
-43,848,-16,AGUA
-42,514,-16,AGUA
-48,416,-1,AGUA
-48,152,-1,AGUA
-33,1421,-2,AGUA
-48,27,-2,AGUA
-45,1088,-16,AGUA
-48,27,-4,AGUA
-48,27,-3,AGUA
-43,276,-16,AGUA
-48,27,-6,AGUA
-48,27,-5,AGUA
-47,483,-16,AGUA
-48,27,-8,AGUA
-48,27,-7,AGUA
-45,1290,-16,AGUA
-45,232,-16,AGUA
-48,27,-9,AGUA
-40,1444,-16,AGUA
-42,1245,-16,AGUA
-47,646,-16,AGUA
-33,1469,-2,AGUA
-48,428,-1,AGUA
-48,39,-2,AGUA
-48,39,-3,AGUA
-48,39,-4,AGUA
-48,39,-5,AGUA
-47,670,-16,AGUA
-48,39,-6,AGUA
-48,39,-7,AGUA
-48,39,-8,AGUA
-48,39,-9,AGUA
-44,128,-16,AGUA
-47,1441,-16,AGUA
-47,1328,-16,AGUA
-48,188,-1,AGUA
-40,745,-16,AGUA
-45,730,-16,AGUA
-42,1521,-16,AGUA
-47,1639,-16,AGUA
-40,100,-16,AGUA
-44,1322,-16,AGUA
-46,492,-16,AGUA
-47,1752,-16,AGUA
-44,886,-16,AGUA
-45,1364,-16,AGUA
-45,306,-16,AGUA
-43,4,-16,AGUA
-48,40,-1,AGUA
-48,176,-1,AGUA
-47,557,-16,AGUA
-45,1764,-16,AGUA
-45,990,-16,AGUA
-40,1159,-16,AGUA
-47,744,-16,AGUA
-42,1260,-16,AGUA
-42,946,-16,AGUA
-48,64,-1,AGUA
-48,52,-1,AGUA
-42,1808,-16,AGUA
-40,1012,-16,AGUA
-40,1183,-16,AGUA
-33,293,-2,AGUA
-46,468,-16,AGUA
-47,1728,-16,AGUA
-45,706,-16,AGUA
-40,819,-16,AGUA
-45,330,-16,AGUA
-42,1147,-16,AGUA
-48,1060,-16,AGUA
-42,872,-16,AGUA
-40,1370,-16,AGUA
-48,1721,-16,AGUA
-42,759,-16,AGUA
-44,928,-16,AGUA
-40,75,-16,AGUA
-47,1352,-16,AGUA
-40,1257,-16,AGUA
-48,809,-16,AGUA
-33,1457,-2,AGUA
-42,1334,-16,AGUA
-48,88,-1,AGUA
-42,91,-16,AGUA
-40,932,-16,AGUA
-48,76,-1,AGUA
-42,701,-16,AGUA
-48,335,-14,AGUA
-48,335,-15,AGUA
-48,922,-16,AGUA
-46,1170,-16,AGUA
-48,335,-12,AGUA
-48,335,-13,AGUA
-48,335,-10,AGUA
-48,335,-11,AGUA
-44,1224,-16,AGUA
-42,285,-16,AGUA
-33,1445,-2,AGUA
-42,114,-16,AGUA
-43,1042,-16,AGUA
-43,1516,-16,AGUA
-33,281,-2,AGUA
-34,0,-5,TOCHA
-34,0,-8,TOCHA
-44,1148,-16,AGUA
-33,455,-2,AGUA
-42,227,-16,AGUA
-48,250,-1,AGUA
-42,324,-16,AGUA
-42,1145,-16,AGUA
-33,1531,-2,AGUA
-47,1726,-16,AGUA
-33,569,-2,AGUA
-47,1064,-16,AGUA
-48,249,-9,AGUA
-40,755,-16,AGUA
-48,249,-6,AGUA
-48,249,-5,AGUA
-48,249,-8,AGUA
-48,249,-7,AGUA
-43,1526,-16,AGUA
-48,249,-2,AGUA
-48,1348,-16,AGUA
-48,249,-4,AGUA
-48,249,-3,AGUA
-48,262,-1,AGUA
-42,797,-16,AGUA
-33,467,-2,AGUA
-47,447,-16,AGUA
-48,237,-8,AGUA
-48,237,-9,AGUA
-48,237,-6,AGUA
-48,237,-7,AGUA
-48,237,-4,AGUA
-48,237,-5,AGUA
-48,237,-2,AGUA
-48,237,-3,AGUA
-48,1301,-16,AGUA
-33,1543,-2,AGUA
-48,736,-16,AGUA
-46,1210,-16,AGUA
-40,620,-16,AGUA
-42,1010,-16,AGUA
-42,459,-16,AGUA
-40,667,-16,AGUA
-48,274,-1,AGUA
-46,1780,-16,AGUA
-44,1680,-16,AGUA
-43,748,-16,AGUA
-33,557,-2,AGUA
-40,1480,-16,AGUA
-40,1133,-16,AGUA
-46,120,-16,AGUA
-47,1490,-16,AGUA
-48,225,-9,AGUA
-42,1057,-16,AGUA
-48,225,-8,AGUA
-48,225,-7,AGUA
-48,225,-6,AGUA
-47,891,-16,AGUA
-48,225,-5,AGUA
-48,225,-4,AGUA
-48,225,-3,AGUA
-48,225,-2,AGUA
-42,412,-16,AGUA
-48,286,-1,AGUA
-45,878,-16,AGUA
-33,431,-2,AGUA
-43,174,-16,AGUA
-42,1571,-16,AGUA
-40,1707,-16,AGUA
-43,1290,-16,AGUA
-42,885,-16,AGUA
-46,370,-16,AGUA
-48,298,-1,AGUA
-48,297,-10,AGUA
-33,443,-2,AGUA
-48,297,-12,AGUA
-48,297,-11,AGUA
-48,213,-2,AGUA
-48,297,-14,AGUA
-48,213,-3,AGUA
-48,297,-13,AGUA
-48,213,-4,AGUA
-48,1125,-16,AGUA
-48,213,-5,AGUA
-48,297,-15,AGUA
-48,213,-6,AGUA
-48,213,-7,AGUA
-48,213,-8,AGUA
-48,213,-9,AGUA
-43,1614,-16,AGUA
-46,1460,-16,AGUA
-39,0,-11,TOCHA
-46,944,-16,AGUA
-48,250,-16,AGUA
-47,23,-16,AGUA
-43,1206,-16,AGUA
-45,1802,-16,AGUA
-43,998,-16,AGUA
-33,521,-2,AGUA
-43,1776,-16,AGUA
-48,648,-16,AGUA
-42,547,-16,AGUA
-46,606,-16,AGUA
-40,300,-16,AGUA
-42,1224,-16,AGUA
-47,535,-16,AGUA
-46,908,-16,AGUA
-47,1240,-16,AGUA
-42,1395,-16,AGUA
-44,116,-16,AGUA
-48,201,-9,AGUA
-47,233,-16,AGUA
-47,720,-16,AGUA
-42,583,-16,AGUA
-33,1579,-2,AGUA
-40,1160,-16,AGUA
-45,1788,-16,AGUA
-48,201,-2,AGUA
-48,201,-4,AGUA
-48,201,-3,AGUA
-48,201,-6,AGUA
-47,368,-16,AGUA
-48,201,-5,AGUA
-48,201,-8,AGUA
-48,201,-7,AGUA
-48,13,-3,AGUA
-48,13,-2,AGUA
-48,13,-5,AGUA
-48,13,-4,AGUA
-48,13,-7,AGUA
-48,13,-6,AGUA
-42,1719,-16,AGUA
-48,13,-9,AGUA
-48,13,-8,AGUA
-42,139,-16,AGUA
-47,1638,-16,AGUA
-33,545,-2,AGUA
-44,1236,-16,AGUA
-47,1091,-16,AGUA
-33,1555,-2,AGUA
-48,25,-2,AGUA
-42,1359,-16,AGUA
-48,25,-3,AGUA
-48,25,-4,AGUA
-48,25,-5,AGUA
-48,25,-6,AGUA
-48,25,-7,AGUA
-48,25,-8,AGUA
-48,25,-9,AGUA
-44,630,-16,AGUA
-46,690,-16,AGUA
-44,1592,-16,AGUA
-47,1199,-16,AGUA
-40,1782,-16,AGUA
-40,435,-16,AGUA
-33,533,-2,AGUA
-40,922,-16,AGUA
-33,1567,-2,AGUA
-48,37,-9,AGUA
-48,37,-8,AGUA
-48,37,-7,AGUA
-48,37,-6,AGUA
-48,37,-5,AGUA
-46,334,-16,AGUA
-48,37,-4,AGUA
-48,37,-3,AGUA
-48,37,-2,AGUA
-46,1512,-16,AGUA
-47,3,-16,AGUA
-42,81,-16,AGUA
-40,843,-16,AGUA
-40,1268,-16,AGUA
-44,862,-16,AGUA
-48,569,-11,AGUA
-48,569,-12,AGUA
-47,807,-16,AGUA
-48,569,-10,AGUA
-42,1544,-16,AGUA
-43,388,-16,AGUA
-48,11,-10,AGUA
-48,11,-11,AGUA
-48,11,-12,AGUA
-48,11,-13,AGUA
-48,11,-14,AGUA
-48,97,-12,AGUA
-48,97,-11,AGUA
-48,97,-10,AGUA
-48,97,-15,AGUA
-48,97,-14,AGUA
-48,97,-13,AGUA
-42,1400,-16,AGUA
-42,263,-16,AGUA
-44,1500,-16,AGUA
-48,11,-15,AGUA
-48,569,-15,AGUA
-48,569,-13,AGUA
-48,569,-14,AGUA
-43,872,-16,AGUA
-42,626,-16,AGUA
-47,1762,-16,AGUA
-45,392,-16,AGUA
-42,495,-16,AGUA
-48,1094,-16,AGUA
-48,1182,-16,AGUA
-47,855,-16,AGUA
-43,1562,-16,AGUA
-40,212,-16,AGUA
-42,1181,-16,AGUA
-43,784,-16,AGUA
-40,268,-16,AGUA
-40,1435,-16,AGUA
-44,1272,-16,AGUA
-44,950,-16,AGUA
-47,71,-16,AGUA
-33,905,-2,AGUA
-48,482,-16,AGUA
-48,609,-1,AGUA
-48,609,-2,AGUA
-48,609,-3,AGUA
-48,609,-4,AGUA
-44,1070,-16,AGUA
-47,1577,-16,AGUA
-48,609,-5,AGUA
-48,609,-6,AGUA
-48,609,-7,AGUA
-48,609,-8,AGUA
-48,126,-16,AGUA
-46,1608,-16,AGUA
-48,609,-9,AGUA
-42,45,-16,AGUA
-47,1116,-16,AGUA
-42,351,-16,AGUA
-47,1287,-16,AGUA
-45,1586,-16,AGUA
-47,1503,-16,AGUA
-40,181,-16,AGUA
-48,358,-16,AGUA
-48,671,-9,AGUA
-47,1589,-16,AGUA
-48,671,-8,AGUA
-48,671,-7,AGUA
-45,168,-16,AGUA
-42,1755,-16,AGUA
-48,671,-6,AGUA
-47,1406,-16,AGUA
-40,1221,-16,AGUA
-44,406,-16,AGUA
-47,922,-16,AGUA
-43,428,-16,AGUA
-47,1805,-16,AGUA
-40,1523,-16,AGUA
-46,1122,-16,AGUA
-33,1109,-2,AGUA
-48,513,-15,AGUA
-48,513,-14,AGUA
-48,671,-5,AGUA
-46,1424,-16,AGUA
-48,671,-4,AGUA
-48,671,-3,AGUA
-48,671,-2,AGUA
-48,671,-1,AGUA
-43,126,-16,AGUA
-48,513,-11,AGUA
-48,513,-10,AGUA
-48,513,-13,AGUA
-47,1674,-16,AGUA
-48,513,-12,AGUA
-43,1438,-16,AGUA
-48,601,-12,AGUA
-48,114,-16,AGUA
-48,601,-13,AGUA
-48,601,-10,AGUA
-44,204,-16,AGUA
-48,601,-11,AGUA
-47,1489,-16,AGUA
-47,767,-16,AGUA
-40,1694,-16,AGUA
-46,246,-16,AGUA
-48,601,-14,AGUA
-48,601,-15,AGUA
-42,837,-16,AGUA
-47,1104,-16,AGUA
-46,730,-16,AGUA
-47,794,-16,AGUA
-47,109,-16,AGUA
-47,492,-16,AGUA
-45,1498,-16,AGUA
-40,969,-16,AGUA
-40,1036,-16,AGUA
-47,1318,-16,AGUA
-48,385,-12,AGUA
-48,385,-11,AGUA
-47,321,-16,AGUA
-48,385,-10,AGUA
-48,385,-15,AGUA
-48,385,-14,AGUA
-48,385,-13,AGUA
-40,1308,-16,AGUA
-43,1650,-16,AGUA
-40,1392,-16,AGUA
-48,214,-16,AGUA
-45,268,-16,AGUA
-42,750,-16,AGUA
-45,1714,-16,AGUA
-47,623,-16,AGUA
-48,570,-16,AGUA
-46,518,-16,AGUA
-42,1312,-16,AGUA
-44,506,-16,AGUA
-42,1483,-16,AGUA
-46,322,-16,AGUA
-46,1708,-16,AGUA
-40,1479,-16,AGUA
-45,380,-16,AGUA
-48,1082,-16,AGUA
-47,819,-16,AGUA
-43,1154,-16,AGUA
-40,957,-16,AGUA
-48,1735,-16,AGUA
-44,1196,-16,AGUA
-42,1435,-16,AGUA
-44,738,-16,AGUA
-46,1500,-16,AGUA
-40,891,-16,AGUA
-43,1662,-16,AGUA
-40,707,-16,AGUA
-47,1016,-16,AGUA
-40,359,-16,AGUA
-44,1544,-16,AGUA
-42,595,-16,AGUA
-47,1774,-16,AGUA
-47,658,-16,AGUA
-40,233,-16,AGUA
-46,956,-16,AGUA
-44,1372,-16,AGUA
-45,1078,-16,AGUA
-46,1732,-16,AGUA
-47,843,-16,AGUA
-47,245,-16,AGUA
-43,68,-16,AGUA
-48,534,-16,AGUA
-33,641,-2,AGUA
-46,554,-16,AGUA
-33,1459,-2,AGUA
-42,1259,-16,AGUA
-40,483,-16,AGUA
-42,934,-16,AGUA
-46,1134,-16,AGUA
-44,1794,-16,AGUA
-47,1442,-16,AGUA
-43,696,-16,AGUA
-40,312,-16,AGUA
-44,418,-16,AGUA
-47,1542,-16,AGUA
-43,1306,-16,AGUA
-40,133,-16,AGUA
-40,383,-16,AGUA
-47,1140,-16,AGUA
-42,175,-16,AGUA
-46,1560,-16,AGUA
-42,104,-16,AGUA
-43,796,-16,AGUA
-40,970,-16,AGUA
-40,1611,-16,AGUA
-43,1728,-16,AGUA
-42,1022,-16,AGUA
-42,447,-16,AGUA
-42,1667,-16,AGUA
-43,1254,-16,AGUA
-33,347,-2,AGUA
-40,535,-16,AGUA
-40,822,-16,AGUA
-42,275,-16,AGUA
-42,1093,-16,AGUA
-43,1004,-16,AGUA
-42,749,-16,AGUA
-42,1009,-16,AGUA
-42,460,-16,AGUA
-43,138,-16,AGUA
-40,87,-16,AGUA
-33,1171,-2,AGUA
-40,1511,-16,AGUA
-40,1024,-16,AGUA
-39,-1,-8,TOCHA
-42,1193,-16,AGUA
-42,849,-16,AGUA
-44,1692,-16,AGUA
-40,1682,-16,AGUA
-42,1767,-16,AGUA
-33,335,-2,AGUA
-44,498,-16,AGUA
-48,49,-9,AGUA
-48,49,-7,AGUA
-47,300,-16,AGUA
-48,49,-8,AGUA
-48,49,-5,AGUA
-48,58,-16,AGUA
-40,791,-16,AGUA
-48,49,-6,AGUA
-48,49,-3,AGUA
-48,49,-4,AGUA
-48,49,-2,AGUA
-48,129,-6,AGUA
-42,1109,-16,AGUA
-48,129,-7,AGUA
-48,129,-8,AGUA
-48,129,-9,AGUA
-48,129,-2,AGUA
-48,129,-3,AGUA
-48,129,-4,AGUA
-48,129,-5,AGUA
-47,1714,-16,AGUA
-33,39,-2,AGUA
-42,215,-16,AGUA
-44,1136,-16,AGUA
-48,370,-1,AGUA
-47,1738,-16,AGUA
-48,1248,-16,AGUA
-48,821,-16,AGUA
-48,50,-1,AGUA
-40,720,-16,AGUA
-33,1183,-2,AGUA
-45,576,-16,AGUA
-48,130,-1,AGUA
-45,30,-16,AGUA
-45,620,-16,AGUA
-40,1719,-16,AGUA
-48,74,-1,AGUA
-47,184,-16,AGUA
-48,357,-9,AGUA
-48,357,-8,AGUA
-48,357,-7,AGUA
-48,357,-6,AGUA
-48,357,-5,AGUA
-46,382,-16,AGUA
-48,357,-4,AGUA
-48,357,-3,AGUA
-48,357,-2,AGUA
-47,719,-16,AGUA
-33,359,-2,AGUA
-46,856,-16,AGUA
-48,154,-1,AGUA
-40,1356,-16,AGUA
-33,1195,-2,AGUA
-47,547,-16,AGUA
-48,142,-1,AGUA
-33,15,-2,AGUA
-46,422,-16,AGUA
-45,1178,-16,AGUA
-40,878,-16,AGUA
-48,369,-8,AGUA
-48,369,-9,AGUA
-48,369,-6,AGUA
-48,369,-7,AGUA
-48,369,-4,AGUA
-48,369,-5,AGUA
-48,434,-16,AGUA
-48,369,-2,AGUA
-48,369,-3,AGUA
-47,943,-16,AGUA
-46,654,-16,AGUA
-48,1433,-16,AGUA
-47,145,-16,AGUA
-44,442,-16,AGUA
-47,356,-16,AGUA
-48,62,-1,AGUA
-47,1366,-16,AGUA
-48,1448,-16,AGUA
-44,542,-16,AGUA
-43,1330,-16,AGUA
-33,895,-2,AGUA
-45,778,-16,AGUA
-33,27,-2,AGUA
-48,321,-8,AGUA
-47,671,-16,AGUA
-48,321,-9,AGUA
-40,1558,-16,AGUA
-40,1256,-16,AGUA
-42,1720,-16,AGUA
-42,571,-16,AGUA
-42,802,-16,AGUA
-42,1791,-16,AGUA
-48,98,-1,AGUA
-33,1447,-2,AGUA
-48,262,-16,AGUA
-48,333,-2,AGUA
-48,333,-4,AGUA
-44,140,-16,AGUA
-48,333,-3,AGUA
-48,333,-6,AGUA
-48,333,-5,AGUA
-48,333,-8,AGUA
-48,333,-7,AGUA
-48,178,-1,AGUA
-45,978,-16,AGUA
-45,676,-16,AGUA
-48,166,-1,AGUA
-42,973,-16,AGUA
-47,35,-16,AGUA
-47,500,-16,AGUA
-48,333,-9,AGUA
-33,1435,-2,AGUA
-48,249,-15,AGUA
-42,1620,-16,AGUA
-48,249,-14,AGUA
-43,464,-16,AGUA
-46,980,-16,AGUA
-48,345,-2,AGUA
-48,345,-3,AGUA
-48,345,-4,AGUA
-48,345,-5,AGUA
-48,345,-6,AGUA
-48,345,-7,AGUA
-48,345,-8,AGUA
-48,345,-9,AGUA
-48,249,-11,AGUA
-48,249,-10,AGUA
-48,249,-13,AGUA
-48,249,-12,AGUA
-43,564,-16,AGUA
-44,240,-16,AGUA
-48,86,-1,AGUA
-42,873,-16,AGUA
-48,308,-1,AGUA
-42,702,-16,AGUA
-40,1743,-16,AGUA
-44,1368,-16,AGUA
-48,162,-16,AGUA
-44,340,-16,AGUA
-33,1423,-2,AGUA
-44,814,-16,AGUA
-47,571,-16,AGUA
-40,1658,-16,AGUA
-48,636,-16,AGUA
-48,191,-9,AGUA
-48,191,-8,AGUA
-48,191,-7,AGUA
-47,400,-16,AGUA
-48,191,-2,AGUA
-42,386,-16,AGUA
-48,191,-6,AGUA
-48,191,-5,AGUA
-48,191,-4,AGUA
-48,191,-3,AGUA
-44,1568,-16,AGUA
-44,914,-16,AGUA
-42,400,-16,AGUA
-33,1411,-2,AGUA
-43,162,-16,AGUA
-47,471,-16,AGUA
-42,671,-16,AGUA
-42,1133,-16,AGUA
-40,1084,-16,AGUA
-40,1571,-16,AGUA
-42,500,-16,AGUA
-44,1468,-16,AGUA
-43,262,-16,AGUA
-40,48,-16,AGUA
-48,321,-2,AGUA
-48,321,-3,AGUA
-48,321,-6,AGUA
-48,321,-7,AGUA
-48,321,-4,AGUA
-43,736,-16,AGUA
-48,321,-5,AGUA
-47,1750,-16,AGUA
-33,1291,-2,AGUA
-42,1412,-16,AGUA
-48,895,-16,AGUA
-48,422,-16,AGUA
-42,251,-16,AGUA
-40,909,-16,AGUA
-47,1218,-16,AGUA
-42,1644,-16,AGUA
-44,874,-16,AGUA
-42,726,-16,AGUA
-44,304,-16,AGUA
-40,1794,-16,AGUA
-46,346,-16,AGUA
-47,955,-16,AGUA
-47,133,-16,AGUA
-44,642,-16,AGUA
-40,121,-16,AGUA
-47,1466,-16,AGUA
-43,1266,-16,AGUA
-40,200,-16,AGUA
-46,666,-16,AGUA
-44,1082,-16,AGUA
-47,1662,-16,AGUA
-40,934,-16,AGUA
-46,844,-16,AGUA
-44,1260,-16,AGUA
-43,1462,-16,AGUA
-42,483,-16,AGUA
-40,594,-16,AGUA
-40,1060,-16,AGUA
-45,904,-16,AGUA
-40,1535,-16,AGUA
-40,1731,-16,AGUA
-47,732,-16,AGUA
-42,4,-16,AGUA
-40,1456,-16,AGUA
-43,772,-16,AGUA
-47,619,-16,AGUA
-48,46,-16,AGUA
-45,1776,-16,AGUA
-45,244,-16,AGUA
-43,576,-16,AGUA
-43,1230,-16,AGUA
-48,226,-16,AGUA
-48,323,-14,AGUA
-48,323,-13,AGUA
-43,274,-16,AGUA
-48,323,-15,AGUA
-48,323,-10,AGUA
-48,323,-12,AGUA
-48,102,-16,AGUA
-48,323,-11,AGUA
-43,452,-16,AGUA
-48,1,-9,AGUA
-48,1,-8,AGUA
-48,1,-7,AGUA
-44,1492,-16,AGUA
-48,1811,-16,AGUA
-42,985,-16,AGUA
-42,814,-16,AGUA
-40,1195,-16,AGUA
-42,68,-16,AGUA
-33,1229,-2,AGUA
-48,1,-2,AGUA
-48,397,-12,AGUA
-48,397,-13,AGUA
-48,397,-14,AGUA
-48,397,-15,AGUA
-40,1411,-16,AGUA
-48,1,-6,AGUA
-48,1,-5,AGUA
-48,1,-4,AGUA
-48,1,-3,AGUA
-40,1233,-16,AGUA
-42,1732,-16,AGUA
-48,494,-16,AGUA
-48,397,-10,AGUA
-48,397,-11,AGUA
-40,36,-16,AGUA
-47,94,-16,AGUA
-33,1217,-2,AGUA
-42,1619,-16,AGUA
-47,635,-16,AGUA
-46,542,-16,AGUA
-47,11,-16,AGUA
-45,1474,-16,AGUA
-40,157,-16,AGUA
-42,512,-16,AGUA
-47,1164,-16,AGUA
-44,1600,-16,AGUA
-40,520,-16,AGUA
-42,897,-16,AGUA
-43,1426,-16,AGUA
-47,1786,-16,AGUA
-40,993,-16,AGUA
-43,488,-16,AGUA
-44,802,-16,AGUA
-40,691,-16,AGUA
-46,434,-16,AGUA
-48,1768,-16,AGUA
-47,196,-16,AGUA
-42,10,-16,AGUA
-43,896,-16,AGUA
-45,564,-16,AGUA
-44,1658,-16,AGUA
-46,1096,-16,AGUA
-44,1408,-16,AGUA
-48,933,-16,AGUA
-44,838,-16,AGUA
-33,323,-2,AGUA
-42,1471,-16,AGUA
-42,1110,-16,AGUA
-42,375,-16,AGUA
-48,546,-16,AGUA
-42,1567,-16,AGUA
-42,1583,-16,AGUA
-42,1811,-16,AGUA
-43,1626,-16,AGUA
-42,649,-16,AGUA
-33,311,-2,AGUA
-46,132,-16,AGUA
-42,1680,-16,AGUA
-44,750,-16,AGUA
-48,599,-1,AGUA
-48,599,-2,AGUA
-48,599,-5,AGUA
-48,599,-6,AGUA
-48,599,-3,AGUA
-48,599,-4,AGUA
-48,599,-9,AGUA
-48,599,-7,AGUA
-48,599,-8,AGUA
-42,762,-16,AGUA
-48,1225,-16,AGUA
-48,197,-15,AGUA
-48,197,-14,AGUA
-33,1205,-2,AGUA
-45,14,-16,AGUA
-46,1808,-16,AGUA
-48,197,-13,AGUA
-48,197,-12,AGUA
-48,197,-11,AGUA
-40,855,-16,AGUA
-48,197,-10,AGUA
-47,435,-16,AGUA
-42,424,-16,AGUA
-44,1048,-16,AGUA
-43,1764,-16,AGUA
-43,186,-16,AGUA
-40,423,-16,AGUA
-40,109,-16,AGUA
-44,1444,-16,AGUA
-40,292,-16,AGUA
-48,613,-15,AGUA
-48,613,-14,AGUA
-48,613,-13,AGUA
-40,655,-16,AGUA
-44,1248,-16,AGUA
-48,501,-15,AGUA
-48,285,-10,AGUA
-48,285,-11,AGUA
-47,523,-16,AGUA
-48,285,-12,AGUA
-48,285,-13,AGUA
-48,285,-14,AGUA
-48,285,-15,AGUA
-47,221,-16,AGUA
-33,1820,-2,AGUA
-33,1819,-2,AGUA
-42,535,-16,AGUA
-33,653,-2,AGUA
-40,1292,-16,AGUA
-48,613,-12,AGUA
-48,613,-11,AGUA
-48,613,-10,AGUA
-48,551,-5,AGUA
-46,1436,-16,AGUA
-48,551,-6,AGUA
-48,551,-3,AGUA
-48,551,-4,AGUA
-48,551,-1,AGUA
-48,551,-2,AGUA
-44,72,-16,AGUA
-46,630,-16,AGUA
-33,773,-2,AGUA
-40,13,-16,AGUA
-44,690,-16,AGUA
-47,1430,-16,AGUA
-48,672,-16,AGUA
-47,694,-16,AGUA
-44,104,-16,AGUA
-40,1594,-16,AGUA
-48,501,-11,AGUA
-48,501,-12,AGUA
-48,501,-13,AGUA
-48,501,-14,AGUA
-40,99,-16,AGUA
-48,501,-10,AGUA
-42,922,-16,AGUA
-47,1275,-16,AGUA
-33,665,-2,AGUA
-48,370,-16,AGUA
-40,1121,-16,AGUA
-48,551,-9,AGUA
-48,551,-7,AGUA
-48,551,-8,AGUA
-48,563,-5,AGUA
-48,563,-4,AGUA
-48,563,-7,AGUA
-44,1746,-16,AGUA
-48,563,-6,AGUA
-48,563,-1,AGUA
-43,684,-16,AGUA
-47,910,-16,AGUA
-48,563,-3,AGUA
-48,563,-2,AGUA
-45,1598,-16,AGUA
-40,193,-16,AGUA
-47,1418,-16,AGUA
-40,1623,-16,AGUA
-33,761,-2,AGUA
-33,677,-2,AGUA
-47,867,-16,AGUA
-48,575,-5,AGUA
-48,575,-6,AGUA
-48,575,-7,AGUA
-48,1284,-16,AGUA
-48,575,-8,AGUA
-48,575,-1,AGUA
-40,1379,-16,AGUA
-48,575,-2,AGUA
-48,575,-3,AGUA
-48,575,-4,AGUA
-40,324,-16,AGUA
-42,1383,-16,AGUA
-42,163,-16,AGUA
-40,810,-16,AGUA
-48,563,-9,AGUA
-48,563,-8,AGUA
-48,458,-16,AGUA
-47,1389,-16,AGUA
-48,587,-1,AGUA
-33,689,-2,AGUA
-48,587,-5,AGUA
-46,718,-16,AGUA
-48,587,-4,AGUA
-48,587,-3,AGUA
-42,1081,-16,AGUA
-48,587,-2,AGUA
-48,587,-9,AGUA
-48,587,-8,AGUA
-48,587,-7,AGUA
-48,587,-6,AGUA
-42,1069,-16,AGUA
-42,1212,-16,AGUA
-45,1814,-16,AGUA
-43,986,-16,AGUA
-47,392,-16,AGUA
-33,1807,-2,AGUA
-44,606,-16,AGUA
-47,1331,-16,AGUA
-40,495,-16,AGUA
-46,932,-16,AGUA
-40,1492,-16,AGUA
-40,1208,-16,AGUA
-46,1322,-16,AGUA
-40,1321,-16,AGUA
-45,280,-16,AGUA
-48,575,-9,AGUA
-45,368,-16,AGUA
-48,1313,-16,AGUA
-43,1816,-16,AGUA
-43,884,-16,AGUA
-48,23,-15,AGUA
-48,23,-14,AGUA
-43,1638,-16,AGUA
-44,38,-16,AGUA
-42,1508,-16,AGUA
-42,1168,-16,AGUA
-45,1398,-16,AGUA
-42,614,-16,AGUA
-33,203,-2,AGUA
-43,376,-16,AGUA
-42,363,-16,AGUA
-42,1300,-16,AGUA
-48,1396,-16,AGUA
-42,1281,-16,AGUA
-45,1506,-16,AGUA
-40,981,-16,AGUA
-45,1190,-16,AGUA
-33,1761,-2,AGUA
-44,62,-16,AGUA
-48,23,-11,AGUA
-48,23,-10,AGUA
-48,23,-13,AGUA
-48,23,-12,AGUA
-43,92,-16,AGUA
-33,215,-2,AGUA
-47,1354,-16,AGUA
-40,571,-16,AGUA
-43,1574,-16,AGUA
-33,1773,-2,AGUA
-46,570,-16,AGUA
-48,1421,-16,AGUA
-33,227,-2,AGUA
-45,428,-16,AGUA
-42,140,-16,AGUA
-40,1423,-16,AGUA
-40,1148,-16,AGUA
-33,1785,-2,AGUA
-40,1344,-16,AGUA
-47,909,-16,AGUA
-33,239,-2,AGUA
-40,1172,-16,AGUA
-42,116,-16,AGUA
-42,1532,-16,AGUA
-45,1486,-16,AGUA
-40,1059,-16,AGUA
-47,1176,-16,AGUA
-44,430,-16,AGUA
-46,1010,-16,AGUA
-45,192,-16,AGUA
-43,548,-16,AGUA
-43,150,-16,AGUA
-46,1312,-16,AGUA
-48,311,-14,AGUA
-48,311,-15,AGUA
-47,333,-16,AGUA
-48,311,-10,AGUA
-48,311,-11,AGUA
-48,311,-12,AGUA
-48,311,-13,AGUA
-43,1318,-16,AGUA
-43,316,-16,AGUA
-47,1399,-16,AGUA
-44,1356,-16,AGUA
-40,400,-16,AGUA
-42,33,-16,AGUA
-46,890,-16,AGUA
-42,683,-16,AGUA
-45,42,-16,AGUA
-45,1702,-16,AGUA
-33,1797,-2,AGUA
-40,458,-16,AGUA
-47,281,-16,AGUA
-45,108,-16,AGUA
-45,256,-16,AGUA
-40,1468,-16,AGUA
-46,234,-16,AGUA
-48,1071,-16,AGUA
-48,1510,-16,AGUA
-46,406,-16,AGUA
-33,917,-2,AGUA
-48,1681,-16,AGUA
-40,743,-16,AGUA
-46,992,-16,AGUA
-45,1338,-16,AGUA
-40,608,-16,AGUA
-47,755,-16,AGUA
-45,866,-16,AGUA
-48,1568,-16,AGUA
-44,1384,-16,AGUA
-47,583,-16,AGUA
-47,168,-16,AGUA
-47,47,-16,AGUA
-47,1028,-16,AGUA
-45,1166,-16,AGUA
-33,929,-2,AGUA
-47,978,-16,AGUA
-40,779,-16,AGUA
-45,1530,-16,AGUA
-48,346,-16,AGUA
-47,1615,-16,AGUA
-47,110,-16,AGUA
-46,742,-16,AGUA
-42,861,-16,AGUA
-46,708,-16,AGUA
-44,1184,-16,AGUA
-48,848,-16,AGUA
-48,909,-16,AGUA
-46,1744,-16,AGUA
-43,1514,-16,AGUA
-40,1096,-16,AGUA
-42,1447,-16,AGUA
-48,593,-14,AGUA
-48,593,-15,AGUA
-45,488,-16,AGUA
-48,593,-10,AGUA
-48,593,-11,AGUA
-48,593,-12,AGUA
-48,593,-13,AGUA
-48,74,-16,AGUA
-42,312,-16,AGUA
-47,412,-16,AGUA
-42,1679,-16,AGUA
-48,1336,-16,AGUA
-48,174,-16,AGUA
-42,93,-16,AGUA
-43,1118,-16,AGUA
-47,831,-16,AGUA
-40,1670,-16,AGUA
-47,257,-16,AGUA
-40,1001,-16,AGUA
-42,287,-16,AGUA
-44,1556,-16,AGUA
-45,688,-16,AGUA
-42,198,-16,AGUA
-40,1646,-16,AGUA
-45,890,-16,AGUA
-48,1592,-16,AGUA
-42,785,-16,AGUA
-44,926,-16,AGUA
-42,957,-16,AGUA
-46,108,-16,AGUA
-48,980,-16,AGUA
-42,398,-16,AGUA
-43,1040,-16,AGUA
-46,310,-16,AGUA
-40,371,-16,AGUA
-45,1204,-16,AGUA
-42,1336,-16,AGUA
-48,1723,-16,AGUA
-48,724,-16,AGUA
-44,726,-16,AGUA
-44,252,-16,AGUA
-47,1139,-16,AGUA
-44,0,-6,TOCHA
-44,0,-5,TOCHA
-42,659,-16,AGUA
-43,1016,-16,AGUA
-33,991,-2,AGUA
-46,1270,-16,AGUA
-47,1252,-16,AGUA
-44,228,-16,AGUA
-48,1508,-16,AGUA
-47,1554,-16,AGUA
-42,1034,-16,AGUA
-40,347,-16,AGUA
-40,460,-16,AGUA
-42,1247,-16,AGUA
-43,1342,-16,AGUA
-42,1360,-16,AGUA
-44,554,-16,AGUA
-44,1580,-16,AGUA
-43,1142,-16,AGUA
-40,245,-16,AGUA
-47,559,-16,AGUA
-40,632,-16,AGUA
-46,968,-16,AGUA
-40,719,-16,AGUA
-40,547,-16,AGUA
-40,60,-16,AGUA
-47,1526,-16,AGUA
-47,1052,-16,AGUA
-46,1572,-16,AGUA
-40,519,-16,AGUA
-47,1697,-16,AGUA
-44,1124,-16,AGUA
-46,1620,-16,AGUA
-40,1061,-16,AGUA
-42,340,-16,AGUA
-33,181,-2,AGUA
-45,1642,-16,AGUA
-40,933,-16,AGUA
-43,1704,-16,AGUA
-42,387,-16,AGUA
-47,866,-16,AGUA
-40,507,-16,AGUA
-48,1035,-16,AGUA
-46,280,-16,AGUA
-43,1686,-16,AGUA
-42,572,-16,AGUA
-47,1377,-16,AGUA
-42,1170,-16,AGUA
-45,1374,-16,AGUA
-47,695,-16,AGUA
-44,938,-16,AGUA
-42,1235,-16,AGUA
-46,42,-16,AGUA
-47,731,-16,AGUA
-48,493,-13,AGUA
-48,493,-14,AGUA
-48,493,-11,AGUA
-48,493,-12,AGUA
-48,493,-10,AGUA
-48,493,-15,AGUA
-48,423,-12,AGUA
-48,423,-13,AGUA
-48,423,-14,AGUA
-48,423,-15,AGUA
-48,423,-10,AGUA
-48,423,-11,AGUA
-43,1098,-16,AGUA
-46,210,-16,AGUA
-40,1635,-16,AGUA
-47,12,-16,AGUA
-42,1643,-16,AGUA
-40,192,-16,AGUA
-45,1304,-16,AGUA
-47,310,-16,AGUA
-45,90,-16,AGUA
-44,1308,-16,AGUA
-42,660,-16,AGUA
-47,1163,-16,AGUA
-48,1544,-16,AGUA
-43,602,-16,AGUA
-44,84,-16,AGUA
-42,896,-16,AGUA
-42,725,-16,AGUA
-47,1566,-16,AGUA
-46,1246,-16,AGUA
-48,238,-16,AGUA
-47,82,-16,AGUA
-48,396,-1,AGUA
-44,1770,-16,AGUA
-43,588,-16,AGUA
-42,826,-16,AGUA
-48,369,-12,AGUA
-48,369,-11,AGUA
-48,369,-14,AGUA
-48,369,-13,AGUA
-40,257,-16,AGUA
-43,1130,-16,AGUA
-48,369,-10,AGUA
-48,369,-15,AGUA
-47,1751,-16,AGUA
-40,1446,-16,AGUA
-44,364,-16,AGUA
-47,481,-16,AGUA
-47,607,-16,AGUA
-47,1465,-16,AGUA
-40,156,-16,AGUA
-47,778,-16,AGUA
-44,14,-16,AGUA
-47,1715,-16,AGUA
-33,881,-2,AGUA
-45,1730,-16,AGUA
-33,1219,-2,AGUA
-42,1472,-16,AGUA
-44,618,-16,AGUA
-48,372,-1,AGUA
-42,252,-16,AGUA
-48,660,-16,AGUA
-48,360,-1,AGUA
-40,1232,-16,AGUA
-43,352,-16,AGUA
-47,1650,-16,AGUA
-42,69,-16,AGUA
-40,1196,-16,AGUA
-48,103,-15,AGUA
-48,103,-14,AGUA
-33,29,-2,AGUA
-48,103,-13,AGUA
-48,103,-12,AGUA
-48,103,-11,AGUA
-33,893,-2,AGUA
-48,103,-10,AGUA
-40,809,-16,AGUA
-42,761,-16,AGUA
-33,1207,-2,AGUA
-47,411,-16,AGUA
-44,1700,-16,AGUA
-48,173,-11,AGUA
-48,173,-10,AGUA
-48,173,-13,AGUA
-48,173,-12,AGUA
-48,173,-15,AGUA
-48,173,-14,AGUA
-47,783,-16,AGUA
-47,1816,-16,AGUA
-33,193,-2,AGUA
-46,446,-16,AGUA
-45,1340,-16,AGUA
-42,1269,-16,AGUA
-43,80,-16,AGUA
-48,457,-15,AGUA
-45,328,-16,AGUA
-44,974,-16,AGUA
-42,1424,-16,AGUA
-48,1069,-16,AGUA
-42,151,-16,AGUA
-48,612,-16,AGUA
-46,1334,-16,AGUA
-47,1649,-16,AGUA
-45,666,-16,AGUA
-46,156,-16,AGUA
-42,335,-16,AGUA
-44,904,-16,AGUA
-42,1068,-16,AGUA
-46,1268,-16,AGUA
-48,34,-16,AGUA
-43,672,-16,AGUA
-48,286,-16,AGUA
-33,1641,-2,AGUA
-47,1075,-16,AGUA
-47,524,-16,AGUA
-46,1050,-16,AGUA
-42,1744,-16,AGUA
-42,909,-16,AGUA
-40,1534,-16,AGUA
-47,1206,-16,AGUA
-43,1490,-16,AGUA
-46,1536,-16,AGUA
-47,1276,-16,AGUA
-43,10,-16,AGUA
-43,1076,-16,AGUA
-40,311,-16,AGUA
-44,1344,-16,AGUA
-42,910,-16,AGUA
-44,1160,-16,AGUA
-40,1108,-16,AGUA
-40,122,-16,AGUA
-33,1677,-2,AGUA
-40,595,-16,AGUA
-40,293,-16,AGUA
-43,1064,-16,AGUA
-42,423,-16,AGUA
-33,119,-2,AGUA
-43,1366,-16,AGUA
-40,424,-16,AGUA
-33,807,-2,AGUA
-42,594,-16,AGUA
-46,832,-16,AGUA
-33,1665,-2,AGUA
-40,223,-16,AGUA
-33,107,-2,AGUA
-47,1330,-16,AGUA
-40,494,-16,AGUA
-40,1209,-16,AGUA
-45,110,-16,AGUA
-33,1689,-2,AGUA
-47,594,-16,AGUA
-46,76,-16,AGUA
-33,1653,-2,AGUA
-40,323,-16,AGUA
-44,1646,-16,AGUA
-48,659,-10,AGUA
-48,659,-14,AGUA
-48,659,-13,AGUA
-48,659,-12,AGUA
-48,659,-11,AGUA
-48,659,-15,AGUA
-47,1431,-16,AGUA
-48,22,-16,AGUA
-33,91,-2,AGUA
-42,536,-16,AGUA
-44,790,-16,AGUA
-40,12,-16,AGUA
-43,298,-16,AGUA
-45,1054,-16,AGUA
-42,1555,-16,AGUA
-47,222,-16,AGUA
-47,393,-16,AGUA
-43,1450,-16,AGUA
-45,180,-16,AGUA
-48,558,-16,AGUA
-43,1164,-16,AGUA
-40,1279,-16,AGUA
-46,530,-16,AGUA
-42,637,-16,AGUA
-48,457,-10,AGUA
-45,54,-16,AGUA
-47,292,-16,AGUA
-48,457,-14,AGUA
-48,457,-13,AGUA
-33,819,-2,AGUA
-48,457,-12,AGUA
-48,457,-11,AGUA
-45,754,-16,AGUA
-47,121,-16,AGUA
-47,967,-16,AGUA
-43,228,-16,AGUA
-48,479,-1,AGUA
-42,1595,-16,AGUA
-48,479,-3,AGUA
-48,479,-2,AGUA
-48,479,-5,AGUA
-48,479,-4,AGUA
-48,479,-7,AGUA
-48,479,-6,AGUA
-48,479,-9,AGUA
-48,479,-8,AGUA
-46,458,-16,AGUA
-44,1060,-16,AGUA
-47,173,-16,AGUA
-45,720,-16,AGUA
-48,467,-1,AGUA
-48,467,-2,AGUA
-40,1754,-16,AGUA
-47,932,-16,AGUA
-48,467,-5,AGUA
-48,467,-6,AGUA
-48,467,-3,AGUA
-48,467,-4,AGUA
-48,467,-9,AGUA
-48,467,-7,AGUA
-48,783,-16,AGUA
-48,467,-8,AGUA
-44,1036,-16,AGUA
-45,1576,-16,AGUA
-46,482,-16,AGUA
-42,1033,-16,AGUA
-48,69,-11,AGUA
-48,69,-10,AGUA
-48,69,-13,AGUA
-48,69,-12,AGUA
-48,69,-15,AGUA
-48,310,-16,AGUA
-48,69,-14,AGUA
-42,186,-16,AGUA
-40,778,-16,AGUA
-46,1660,-16,AGUA
-47,1614,-16,AGUA
-47,979,-16,AGUA
-42,115,-16,AGUA
-48,455,-1,AGUA
-43,660,-16,AGUA
-47,1685,-16,AGUA
-48,455,-5,AGUA
-48,455,-4,AGUA
-48,455,-3,AGUA
-48,455,-2,AGUA
-48,455,-9,AGUA
-48,455,-8,AGUA
-48,455,-7,AGUA
-45,452,-16,AGUA
-48,455,-6,AGUA
-43,1752,-16,AGUA
-40,24,-16,AGUA
-42,773,-16,AGUA
-40,393,-16,AGUA
-45,1120,-16,AGUA
-47,156,-16,AGUA
-46,1062,-16,AGUA
-46,1234,-16,AGUA
-42,524,-16,AGUA
-48,115,-10,AGUA
-48,115,-11,AGUA
-48,115,-12,AGUA
-48,115,-13,AGUA
-48,115,-14,AGUA
-48,115,-15,AGUA
-40,867,-16,AGUA
-33,915,-2,AGUA
-43,286,-16,AGUA
-47,1703,-16,AGUA
-46,1636,-16,AGUA
-48,694,-16,AGUA
-44,1634,-16,AGUA
-42,34,-16,AGUA
-40,3,-16,AGUA
-40,1434,-16,AGUA
-40,1345,-16,AGUA
-33,927,-2,AGUA
-40,1647,-16,AGUA
-47,647,-16,AGUA
-47,582,-16,AGUA
-47,280,-16,AGUA
-48,418,-1,AGUA
-33,785,-2,AGUA
-47,1264,-16,AGUA
-40,412,-16,AGUA
-47,1027,-16,AGUA
-47,46,-16,AGUA
-47,1329,-16,AGUA
-43,904,-16,AGUA
-40,1280,-16,AGUA
-46,820,-16,AGUA
-42,962,-16,AGUA
-40,1582,-16,AGUA
-46,778,-16,AGUA
-33,797,-2,AGUA
-47,1514,-16,AGUA
-42,997,-16,AGUA
-33,939,-2,AGUA
-42,1780,-16,AGUA
-48,443,-5,AGUA
-48,443,-6,AGUA
-48,443,-7,AGUA
-48,443,-8,AGUA
-48,443,-2,AGUA
-48,443,-3,AGUA
-48,443,-4,AGUA
-47,1040,-16,AGUA
-42,862,-16,AGUA
-44,1208,-16,AGUA
-48,443,-9,AGUA
-46,1382,-16,AGUA
-48,431,-5,AGUA
-48,431,-4,AGUA
-42,1301,-16,AGUA
-42,204,-16,AGUA
-48,431,-7,AGUA
-48,431,-6,AGUA
-48,431,-1,AGUA
-48,431,-3,AGUA
-48,431,-2,AGUA
-44,666,-16,AGUA
-48,431,-9,AGUA
-48,431,-8,AGUA
-40,1569,-16,AGUA
-42,560,-16,AGUA
-40,59,-16,AGUA
-42,1122,-16,AGUA
-40,1095,-16,AGUA
-44,316,-16,AGUA
-42,1293,-16,AGUA
-40,678,-16,AGUA
-46,180,-16,AGUA
-43,1786,-16,AGUA
-47,1092,-16,AGUA
-42,286,-16,AGUA
-47,1785,-16,AGUA
-45,1274,-16,AGUA
-43,1402,-16,AGUA
-40,631,-16,AGUA
-42,1335,-16,AGUA
-40,744,-16,AGUA
-40,833,-16,AGUA
-40,607,-16,AGUA
-43,938,-16,AGUA
-42,1520,-16,AGUA
-48,1361,-16,AGUA
-46,222,-16,AGUA
-44,1296,-16,AGUA
-45,1676,-16,AGUA
-48,594,-16,AGUA
-33,531,-2,AGUA
-42,1809,-16,AGUA
-43,1604,-16,AGUA
-45,144,-16,AGUA
-42,602,-16,AGUA
-42,399,-16,AGUA
-44,26,-16,AGUA
-47,743,-16,AGUA
-43,364,-16,AGUA
-40,559,-16,AGUA
-46,582,-16,AGUA
-48,523,-15,AGUA
-45,618,-16,AGUA
-44,50,-16,AGUA
-40,459,-16,AGUA
-43,962,-16,AGUA
-48,406,-1,AGUA
-48,523,-10,AGUA
-48,523,-13,AGUA
-45,1020,-16,AGUA
-48,523,-14,AGUA
-48,523,-11,AGUA
-48,523,-12,AGUA
-45,820,-16,AGUA
-47,832,-16,AGUA
-47,345,-16,AGUA
-47,256,-16,AGUA
-47,558,-16,AGUA
-40,1671,-16,AGUA
-42,92,-16,AGUA
-43,1028,-16,AGUA
-46,754,-16,AGUA
-40,1600,-16,AGUA
-46,1300,-16,AGUA
-42,1678,-16,AGUA
-48,1793,-16,AGUA
-43,838,-16,AGUA
-48,252,-1,AGUA
-42,5,-16,AGUA
-43,536,-16,AGUA
-48,149,-14,AGUA
-48,149,-13,AGUA
-48,149,-12,AGUA
-44,1712,-16,AGUA
-48,149,-11,AGUA
-48,149,-10,AGUA
-33,1293,-2,AGUA
-48,334,-16,AGUA
-47,458,-16,AGUA
-44,298,-16,AGUA
-48,149,-15,AGUA
-33,469,-2,AGUA
-42,1691,-16,AGUA
-48,239,-9,AGUA
-48,239,-8,AGUA
-48,239,-7,AGUA
-40,1184,-16,AGUA
-48,239,-6,AGUA
-48,239,-5,AGUA
-46,1400,-16,AGUA
-48,239,-4,AGUA
-48,239,-3,AGUA
-48,239,-2,AGUA
-33,445,-2,AGUA
-48,240,-1,AGUA
-44,1396,-16,AGUA
-40,1771,-16,AGUA
-42,1507,-16,AGUA
-43,636,-16,AGUA
-42,471,-16,AGUA
-42,945,-16,AGUA
-40,1013,-16,AGUA
-42,300,-16,AGUA
-47,1727,-16,AGUA
-44,398,-16,AGUA
-48,86,-16,AGUA
-33,457,-2,AGUA
-48,227,-2,AGUA
-48,227,-3,AGUA
-48,227,-4,AGUA
-48,227,-5,AGUA
-48,227,-6,AGUA
-48,227,-7,AGUA
-48,227,-8,AGUA
-48,227,-9,AGUA
-43,44,-16,AGUA
-44,1410,-16,AGUA
-33,1281,-2,AGUA
-44,1094,-16,AGUA
-40,76,-16,AGUA
-40,1500,-16,AGUA
-42,458,-16,AGUA
-45,832,-16,AGUA
-45,654,-16,AGUA
-45,476,-16,AGUA
-48,1372,-16,AGUA
-46,594,-16,AGUA
-48,1194,-16,AGUA
-33,421,-2,AGUA
-42,1394,-16,AGUA
-42,1572,-16,AGUA
-45,1688,-16,AGUA
-42,1459,-16,AGUA
-46,18,-16,AGUA
-48,582,-16,AGUA
-45,316,-16,AGUA
-48,673,-8,AGUA
-48,673,-9,AGUA
-48,469,-14,AGUA
-48,469,-15,AGUA
-47,820,-16,AGUA
-33,433,-2,AGUA
-40,844,-16,AGUA
-48,469,-10,AGUA
-48,469,-11,AGUA
-48,673,-1,AGUA
-48,673,-2,AGUA
-48,469,-12,AGUA
-48,673,-3,AGUA
-48,469,-13,AGUA
-48,673,-4,AGUA
-48,673,-5,AGUA
-48,673,-6,AGUA
-44,1172,-16,AGUA
-48,673,-7,AGUA
-40,47,-16,AGUA
-44,714,-16,AGUA
-43,1302,-16,AGUA
-48,661,-2,AGUA
-48,661,-1,AGUA
-48,661,-4,AGUA
-48,661,-3,AGUA
-48,661,-6,AGUA
-48,661,-5,AGUA
-44,464,-16,AGUA
-48,138,-16,AGUA
-46,1346,-16,AGUA
-42,323,-16,AGUA
-46,1524,-16,AGUA
-48,512,-16,AGUA
-48,967,-16,AGUA
-43,702,-16,AGUA
-48,661,-8,AGUA
-48,661,-7,AGUA
-40,281,-16,AGUA
-48,661,-9,AGUA
-42,974,-16,AGUA
-42,1709,-16,AGUA
-42,298,-16,AGUA
-47,1306,-16,AGUA
-47,1502,-16,AGUA
-40,666,-16,AGUA
-47,446,-16,AGUA
-43,1106,-16,AGUA
-48,264,-1,AGUA
-46,790,-16,AGUA
-43,1176,-16,AGUA
-43,1354,-16,AGUA
-40,1310,-16,AGUA
-33,1545,-2,AGUA
-45,66,-16,AGUA
-44,1670,-16,AGUA
-47,1590,-16,AGUA
-44,216,-16,AGUA
-40,1546,-16,AGUA
-48,276,-1,AGUA
-47,381,-16,AGUA
-33,555,-2,AGUA
-45,156,-16,AGUA
-43,1052,-16,AGUA
-42,796,-16,AGUA
-33,543,-2,AGUA
-46,506,-16,AGUA
-47,1241,-16,AGUA
-33,579,-2,AGUA
-40,1783,-16,AGUA
-47,268,-16,AGUA
-47,1128,-16,AGUA
-48,288,-1,AGUA
-33,1557,-2,AGUA
-40,1267,-16,AGUA
-47,1299,-16,AGUA
-44,518,-16,AGUA
-42,1324,-16,AGUA
-47,660,-16,AGUA
-40,1132,-16,AGUA
-44,588,-16,AGUA
-48,251,-15,AGUA
-35,0,-8,TOCHA
-47,1342,-16,AGUA
-35,0,-5,TOCHA
-48,251,-10,AGUA
-48,251,-12,AGUA
-46,1168,-16,AGUA
-48,251,-11,AGUA
-48,251,-14,AGUA
-48,251,-13,AGUA
-43,826,-16,AGUA
-46,1648,-16,AGUA
-40,1380,-16,AGUA
-44,286,-16,AGUA
-47,1229,-16,AGUA
-47,707,-16,AGUA
-33,1521,-2,AGUA
-48,98,-16,AGUA
-46,1110,-16,AGUA
-46,1026,-16,AGUA
-47,1063,-16,AGUA
-42,1223,-16,AGUA
-44,766,-16,AGUA
-42,1401,-16,AGUA
-43,524,-16,AGUA
-48,760,-16,AGUA
-40,1481,-16,AGUA
-40,1368,-16,AGUA
-48,647,-14,AGUA
-48,647,-15,AGUA
-48,647,-12,AGUA
-48,647,-13,AGUA
-46,88,-16,AGUA
-33,567,-2,AGUA
-48,647,-10,AGUA
-48,647,-11,AGUA
-48,117,-9,AGUA
-40,335,-16,AGUA
-48,117,-6,AGUA
-48,117,-5,AGUA
-48,117,-8,AGUA
-48,117,-7,AGUA
-48,117,-2,AGUA
-48,117,-4,AGUA
-48,117,-3,AGUA
-33,1533,-2,AGUA
-48,3,-12,AGUA
-48,3,-13,AGUA
-48,3,-10,AGUA
-48,3,-11,AGUA
-40,767,-16,AGUA
-40,1807,-16,AGUA
-48,3,-14,AGUA
-48,3,-15,AGUA
-45,352,-16,AGUA
-48,1473,-16,AGUA
-48,1023,-16,AGUA
-40,880,-16,AGUA
-47,878,-16,AGUA
-45,1452,-16,AGUA
-42,1270,-16,AGUA
-46,470,-16,AGUA
-45,1630,-16,AGUA
-48,105,-8,AGUA
-48,105,-9,AGUA
-48,105,-6,AGUA
-48,105,-7,AGUA
-48,105,-4,AGUA
-48,105,-5,AGUA
-48,105,-2,AGUA
-48,105,-3,AGUA
-42,239,-16,AGUA
-42,352,-16,AGUA
-40,968,-16,AGUA
-48,1295,-16,AGUA
-42,1495,-16,AGUA
-46,1720,-16,AGUA
-47,991,-16,AGUA
-48,1496,-16,AGUA
-48,345,-12,AGUA
-48,345,-11,AGUA
-48,345,-10,AGUA
-48,345,-15,AGUA
-48,345,-14,AGUA
-48,345,-13,AGUA
-47,921,-16,AGUA
-47,1804,-16,AGUA
-42,1543,-16,AGUA
-48,411,-12,AGUA
-48,411,-11,AGUA
-48,411,-10,AGUA
-42,625,-16,AGUA
-48,411,-15,AGUA
-48,411,-14,AGUA
-48,411,-13,AGUA
-48,683,-16,AGUA
-47,1407,-16,AGUA
-47,808,-16,AGUA
-48,215,-13,AGUA
-48,215,-14,AGUA
-48,215,-11,AGUA
-48,215,-12,AGUA
-47,1603,-16,AGUA
-48,215,-10,AGUA
-45,1386,-16,AGUA
-47,1673,-16,AGUA
-42,1157,-16,AGUA
-40,1048,-16,AGUA
-47,1187,-16,AGUA
-40,583,-16,AGUA
-43,1390,-16,AGUA
-42,494,-16,AGUA
-40,269,-16,AGUA
-47,1477,-16,AGUA
-40,1161,-16,AGUA
-33,1569,-2,AGUA
-42,695,-16,AGUA
-40,211,-16,AGUA
-40,382,-16,AGUA
-47,493,-16,AGUA
-48,1757,-16,AGUA
-47,58,-16,AGUA
-47,1175,-16,AGUA
-43,1478,-16,AGUA
-46,618,-16,AGUA
-47,70,-16,AGUA
-45,210,-16,AGUA
-40,1309,-16,AGUA
-40,110,-16,AGUA
-42,435,-16,AGUA
-48,1556,-16,AGUA
-42,737,-16,AGUA
-40,168,-16,AGUA
-47,1004,-16,AGUA
-40,1422,-16,AGUA
-48,386,-16,AGUA
-48,215,-15,AGUA
-47,423,-16,AGUA
-42,1655,-16,AGUA
-33,903,-2,AGUA
-48,185,-15,AGUA
-44,1332,-16,AGUA
-47,624,-16,AGUA
-48,185,-10,AGUA
-48,185,-13,AGUA
-48,185,-14,AGUA
-47,795,-16,AGUA
-48,185,-11,AGUA
-48,185,-12,AGUA
-42,57,-16,AGUA
-48,357,-12,AGUA
-48,357,-13,AGUA
-48,357,-14,AGUA
-48,357,-15,AGUA
-46,1222,-16,AGUA
-48,357,-10,AGUA
-48,357,-11,AGUA
-43,328,-16,AGUA
-42,1756,-16,AGUA
-48,470,-16,AGUA
-48,944,-16,AGUA
-43,1538,-16,AGUA
-44,962,-16,AGUA
-48,1800,-16,AGUA
-43,240,-16,AGUA
-42,1169,-16,AGUA
-45,1440,-16,AGUA
-42,850,-16,AGUA
-45,1742,-16,AGUA
-47,766,-16,AGUA
-47,322,-16,AGUA
-42,1282,-16,AGUA
-43,1550,-16,AGUA
-42,364,-16,AGUA
-47,209,-16,AGUA
-42,838,-16,AGUA
-40,732,-16,AGUA
-40,821,-16,AGUA
-40,619,-16,AGUA
-40,643,-16,AGUA
-40,708,-16,AGUA
-46,144,-16,AGUA
-48,1058,-16,AGUA
-48,1236,-16,AGUA
-48,1260,-16,AGUA
-44,850,-16,AGUA
-43,1414,-16,AGUA
-33,651,-2,AGUA
-42,1371,-16,AGUA
-43,216,-16,AGUA
-48,1325,-16,AGUA
-48,1171,-16,AGUA
-45,766,-16,AGUA
-48,535,-15,AGUA
-40,910,-16,AGUA
-48,535,-14,AGUA
-42,1258,-16,AGUA
-44,180,-16,AGUA
-47,1105,-16,AGUA
-33,663,-2,AGUA
-42,1460,-16,AGUA
-46,1038,-16,AGUA
-47,1578,-16,AGUA
-33,1051,-2,AGUA
-42,1347,-16,AGUA
-48,624,-16,AGUA
-33,675,-2,AGUA
-45,790,-16,AGUA
-44,826,-16,AGUA
-48,1147,-16,AGUA
-33,1315,-2,AGUA
-33,1063,-2,AGUA
-44,352,-16,AGUA
-33,349,-2,AGUA
-44,156,-16,AGUA
-42,1436,-16,AGUA
-45,588,-16,AGUA
-33,1087,-2,AGUA
-44,1758,-16,AGUA
-40,1612,-16,AGUA
-40,536,-16,AGUA
-40,234,-16,AGUA
-40,358,-16,AGUA
-33,337,-2,AGUA
-40,471,-16,AGUA
-46,642,-16,AGUA
-48,1645,-16,AGUA
-33,325,-2,AGUA
-43,1218,-16,AGUA
-33,1075,-2,AGUA
-33,1303,-2,AGUA
-40,1333,-16,AGUA
-47,1365,-16,AGUA
-44,530,-16,AGUA
-40,88,-16,AGUA
-44,1456,-16,AGUA
-45,292,-16,AGUA
-43,974,-16,AGUA
-46,30,-16,AGUA
-48,861,-16,AGUA
-46,1778,-16,AGUA
-33,313,-2,AGUA
-42,1200,-16,AGUA
-42,1810,-16,AGUA
-45,1066,-16,AGUA
-42,933,-16,AGUA
-33,301,-2,AGUA
-47,210,-16,AGUA
-48,274,-16,AGUA
-46,1412,-16,AGUA
-48,446,-16,AGUA
-45,1238,-16,AGUA
-45,464,-16,AGUA
-48,1610,-16,AGUA
-44,1284,-16,AGUA
-44,702,-16,AGUA
-43,1740,-16,AGUA
-47,683,-16,AGUA
-42,1092,-16,AGUA
-46,808,-16,AGUA
-47,1543,-16,AGUA
-47,512,-16,AGUA
-33,1099,-2,AGUA
-45,938,-16,AGUA
-43,1798,-16,AGUA
-42,174,-16,AGUA
-44,1024,-16,AGUA
-45,1606,-16,AGUA
-46,268,-16,AGUA
-48,347,-3,AGUA
-48,347,-2,AGUA
-40,1718,-16,AGUA
-48,347,-5,AGUA
-48,347,-4,AGUA
-48,347,-7,AGUA
-48,347,-6,AGUA
-48,347,-9,AGUA
-48,347,-8,AGUA
-45,530,-16,AGUA
-40,1025,-16,AGUA
-46,292,-16,AGUA
-40,879,-16,AGUA
-40,1742,-16,AGUA
-40,992,-16,AGUA
-40,945,-16,AGUA
-47,185,-16,AGUA
-45,506,-16,AGUA
-48,359,-2,AGUA
-48,359,-3,AGUA
-45,1564,-16,AGUA
-48,359,-4,AGUA
-48,359,-5,AGUA
-48,359,-6,AGUA
-48,359,-7,AGUA
-48,359,-8,AGUA
-48,359,-9,AGUA
-47,944,-16,AGUA
-42,1134,-16,AGUA
-33,17,-2,AGUA
-42,1608,-16,AGUA
-48,311,-9,AGUA
-43,56,-16,AGUA
-48,209,-12,AGUA
-48,209,-13,AGUA
-43,850,-16,AGUA
-48,209,-10,AGUA
-48,209,-11,AGUA
-48,209,-14,AGUA
-48,209,-15,AGUA
-43,648,-16,AGUA
-42,714,-16,AGUA
-48,57,-13,AGUA
-48,322,-16,AGUA
-48,57,-14,AGUA
-48,57,-15,AGUA
-43,476,-16,AGUA
-42,1632,-16,AGUA
-42,1721,-16,AGUA
-40,1072,-16,AGUA
-48,57,-10,AGUA
-42,1045,-16,AGUA
-42,216,-16,AGUA
-48,57,-11,AGUA
-48,57,-12,AGUA
-42,1519,-16,AGUA
-48,150,-16,AGUA
-42,803,-16,AGUA
-48,323,-5,AGUA
-48,323,-4,AGUA
-48,323,-3,AGUA
-48,795,-16,AGUA
-48,323,-2,AGUA
-48,323,-9,AGUA
-48,323,-8,AGUA
-45,1090,-16,AGUA
-48,323,-7,AGUA
-48,323,-6,AGUA
-42,240,-16,AGUA
-40,1244,-16,AGUA
-43,1674,-16,AGUA
-48,335,-2,AGUA
-48,335,-5,AGUA
-48,335,-6,AGUA
-48,335,-3,AGUA
-48,335,-4,AGUA
-48,335,-9,AGUA
-48,335,-7,AGUA
-48,335,-8,AGUA
-42,127,-16,AGUA
-46,766,-16,AGUA
-40,447,-16,AGUA
-48,1579,-16,AGUA
-44,1480,-16,AGUA
-43,1242,-16,AGUA
-44,1782,-16,AGUA
-33,1327,-2,AGUA
-47,659,-16,AGUA
-42,672,-16,AGUA
-33,1339,-2,AGUA
-40,1570,-16,AGUA
-45,1132,-16,AGUA
-47,357,-16,AGUA
-44,96,-16,AGUA
-44,654,-16,AGUA
-47,1454,-16,AGUA
-48,1408,-16,AGUA
-47,144,-16,AGUA
-42,1779,-16,AGUA
-45,962,-16,AGUA
-47,470,-16,AGUA
-40,1457,-16,AGUA
-44,328,-16,AGUA
-48,1521,-16,AGUA
-40,560,-16,AGUA
-42,22,-16,AGUA
-48,535,-13,AGUA
-46,1370,-16,AGUA
-48,535,-12,AGUA
-48,535,-11,AGUA
-48,535,-10,AGUA
-48,311,-5,AGUA
-48,311,-6,AGUA
-47,1626,-16,AGUA
-48,311,-7,AGUA
-46,1672,-16,AGUA
-48,311,-8,AGUA
-48,311,-2,AGUA
-48,837,-16,AGUA
-48,311,-3,AGUA
-48,311,-4,AGUA
-42,501,-16,AGUA
-45,1262,-16,AGUA
-42,559,-16,AGUA
-43,1716,-16,AGUA
-47,1797,-16,AGUA
-47,1039,-16,AGUA
-40,145,-16,AGUA
-47,1152,-16,AGUA
-45,808,-16,AGUA
-47,947,-16,AGUA
-42,1080,-16,AGUA
-43,248,-16,AGUA
-47,1661,-16,AGUA
-40,120,-16,AGUA
-47,1467,-16,AGUA
-48,139,-14,AGUA
-48,139,-15,AGUA
-48,1607,-16,AGUA
-40,167,-16,AGUA
-42,1742,-16,AGUA
-44,1648,-16,AGUA
-40,690,-16,AGUA
-42,1636,-16,AGUA
-40,496,-16,AGUA
-46,1748,-16,AGUA
-40,1730,-16,AGUA
-47,197,-16,AGUA
-43,1596,-16,AGUA
-47,285,-16,AGUA
-44,866,-16,AGUA
-47,618,-16,AGUA
-47,391,-16,AGUA
-40,1642,-16,AGUA
-40,1536,-16,AGUA
-47,1420,-16,AGUA
-40,1207,-16,AGUA
-43,1026,-16,AGUA
-46,676,-16,AGUA
-44,1092,-16,AGUA
-40,1689,-16,AGUA
-45,914,-16,AGUA
-43,354,-16,AGUA
-48,63,-14,AGUA
-48,63,-15,AGUA
-48,63,-10,AGUA
-48,63,-11,AGUA
-48,63,-12,AGUA
-48,63,-13,AGUA
-47,1573,-16,AGUA
-42,1219,-16,AGUA
-42,968,-16,AGUA
-40,1313,-16,AGUA
-42,815,-16,AGUA
-40,829,-16,AGUA
-47,1138,-16,AGUA
-45,1232,-16,AGUA
-42,639,-16,AGUA
-48,662,-16,AGUA
-47,900,-16,AGUA
-44,16,-16,AGUA
-48,333,-12,AGUA
-48,333,-13,AGUA
-48,333,-10,AGUA
-48,333,-11,AGUA
-48,333,-14,AGUA
-48,333,-15,AGUA
-47,1244,-16,AGUA
-43,460,-16,AGUA
-47,132,-16,AGUA
-40,935,-16,AGUA
-47,66,-16,AGUA
-44,1162,-16,AGUA
-46,1068,-16,AGUA
-40,343,-16,AGUA
-44,972,-16,AGUA
-45,128,-16,AGUA
-45,234,-16,AGUA
-45,322,-16,AGUA
-46,190,-16,AGUA
-42,76,-16,AGUA
-44,402,-16,AGUA
-45,164,-16,AGUA
-48,819,-16,AGUA
-33,1149,-2,AGUA
-48,81,-14,AGUA
-48,81,-15,AGUA
-48,403,-12,AGUA
-48,403,-13,AGUA
-48,403,-10,AGUA
-48,403,-11,AGUA
-48,81,-12,AGUA
-48,81,-13,AGUA
-48,81,-10,AGUA
-42,1789,-16,AGUA
-48,81,-11,AGUA
-47,877,-16,AGUA
-33,1125,-2,AGUA
-48,245,-15,AGUA
-42,153,-16,AGUA
-48,245,-14,AGUA
-48,245,-11,AGUA
-48,245,-10,AGUA
-48,245,-13,AGUA
-48,245,-12,AGUA
-42,1566,-16,AGUA
-47,461,-16,AGUA
-33,1137,-2,AGUA
-45,1038,-16,AGUA
-47,1537,-16,AGUA
-48,403,-14,AGUA
-48,403,-15,AGUA
-45,270,-16,AGUA
-43,1132,-16,AGUA
-45,1718,-16,AGUA
-48,27,-11,AGUA
-48,27,-10,AGUA
-48,27,-13,AGUA
-48,27,-12,AGUA
-45,1302,-16,AGUA
-48,27,-15,AGUA
-48,27,-14,AGUA
-47,1208,-16,AGUA
-46,212,-16,AGUA
-47,1314,-16,AGUA
-43,318,-16,AGUA
-44,1056,-16,AGUA
-42,1150,-16,AGUA
-43,424,-16,AGUA
-48,139,-12,AGUA
-48,139,-13,AGUA
-48,139,-10,AGUA
-48,139,-11,AGUA
-46,106,-16,AGUA
-44,186,-16,AGUA
-45,1144,-16,AGUA
-44,1202,-16,AGUA
-46,1108,-16,AGUA
-45,980,-16,AGUA
-43,1062,-16,AGUA
-48,324,-1,AGUA
-48,732,-16,AGUA
-42,464,-16,AGUA
-48,312,-1,AGUA
-47,983,-16,AGUA
-33,139,-2,AGUA
-40,712,-16,AGUA
-43,284,-16,AGUA
-43,1666,-16,AGUA
-42,851,-16,AGUA
-40,1049,-16,AGUA
-47,790,-16,AGUA
-48,336,-1,AGUA
-40,1137,-16,AGUA
-44,274,-16,AGUA
-48,973,-16,AGUA
-40,654,-16,AGUA
-40,1606,-16,AGUA
-42,1672,-16,AGUA
-43,1724,-16,AGUA
-33,127,-2,AGUA
-44,1578,-16,AGUA
-44,1806,-16,AGUA
-48,300,-1,AGUA
-42,376,-16,AGUA
-46,260,-16,AGUA
-45,698,-16,AGUA
-47,249,-16,AGUA
-43,946,-16,AGUA
-44,1718,-16,AGUA
-40,1466,-16,AGUA
-48,398,-16,AGUA
-43,512,-16,AGUA
-47,1731,-16,AGUA
-45,756,-16,AGUA
-42,1812,-16,AGUA
-42,223,-16,AGUA
-47,307,-16,AGUA
-43,888,-16,AGUA
-48,253,-6,AGUA
-48,253,-7,AGUA
-48,253,-8,AGUA
-48,253,-9,AGUA
-46,1262,-16,AGUA
-40,566,-16,AGUA
-48,253,-2,AGUA
-47,1778,-16,AGUA
-48,253,-3,AGUA
-40,1050,-16,AGUA
-48,253,-4,AGUA
-48,253,-5,AGUA
-44,1790,-16,AGUA
-47,636,-16,AGUA
-33,211,-2,AGUA
-46,1696,-16,AGUA
-40,237,-16,AGUA
-46,142,-16,AGUA
-42,1325,-16,AGUA
-40,1795,-16,AGUA
-48,241,-6,AGUA
-48,241,-5,AGUA
-48,241,-8,AGUA
-48,241,-7,AGUA
-48,241,-9,AGUA
-46,1320,-16,AGUA
-46,804,-16,AGUA
-33,223,-2,AGUA
-45,826,-16,AGUA
-45,768,-16,AGUA
-47,724,-16,AGUA
-46,746,-16,AGUA
-45,1784,-16,AGUA
-48,556,-16,AGUA
-48,241,-2,AGUA
-48,241,-4,AGUA
-48,241,-3,AGUA
-46,588,-16,AGUA
-47,566,-16,AGUA
-40,983,-16,AGUA
-44,778,-16,AGUA
-33,235,-2,AGUA
-44,1232,-16,AGUA
-39,0,-8,TOCHA
-42,709,-16,AGUA
-39,0,-5,TOCHA
-48,614,-16,AGUA
-48,486,-16,AGUA
-44,332,-16,AGUA
-48,1098,-16,AGUA
-43,958,-16,AGUA
-42,1197,-16,AGUA
-40,1291,-16,AGUA
-44,936,-16,AGUA
-48,228,-1,AGUA
-42,1584,-16,AGUA
-33,259,-2,AGUA
-47,1174,-16,AGUA
-47,995,-16,AGUA
-47,1519,-16,AGUA
-42,1255,-16,AGUA
-47,1419,-16,AGUA
-42,522,-16,AGUA
-47,237,-16,AGUA
-48,216,-1,AGUA
-42,793,-16,AGUA
-33,247,-2,AGUA
-40,1584,-16,AGUA
-42,499,-16,AGUA
-47,343,-16,AGUA
-48,1003,-16,AGUA
-43,1654,-16,AGUA
-33,1221,-2,AGUA
-42,258,-16,AGUA
-40,724,-16,AGUA
-44,262,-16,AGUA
-48,204,-1,AGUA
-48,140,-16,AGUA
-42,452,-16,AGUA
-33,1245,-2,AGUA
-43,306,-16,AGUA
-40,795,-16,AGUA
-43,500,-16,AGUA
-44,238,-16,AGUA
-48,15,-10,AGUA
-48,15,-11,AGUA
-48,15,-12,AGUA
-48,15,-13,AGUA
-46,1402,-16,AGUA
-48,15,-14,AGUA
-48,15,-15,AGUA
-40,225,-16,AGUA
-44,1044,-16,AGUA
-46,628,-16,AGUA
-40,1102,-16,AGUA
-47,1766,-16,AGUA
-42,211,-16,AGUA
-47,319,-16,AGUA
-43,1760,-16,AGUA
-45,116,-16,AGUA
-40,448,-16,AGUA
-48,649,-1,AGUA
-48,649,-2,AGUA
-44,1706,-16,AGUA
-48,649,-3,AGUA
-48,649,-4,AGUA
-48,649,-5,AGUA
-48,649,-6,AGUA
-48,649,-7,AGUA
-43,1736,-16,AGUA
-48,649,-8,AGUA
-48,649,-9,AGUA
-40,1690,-16,AGUA
-48,637,-1,AGUA
-48,637,-3,AGUA
-48,637,-2,AGUA
-48,637,-5,AGUA
-48,637,-4,AGUA
-48,397,-9,AGUA
-48,637,-7,AGUA
-48,397,-8,AGUA
-42,1185,-16,AGUA
-48,637,-6,AGUA
-48,397,-7,AGUA
-48,637,-9,AGUA
-42,534,-16,AGUA
-48,637,-8,AGUA
-47,1362,-16,AGUA
-46,1056,-16,AGUA
-42,1220,-16,AGUA
-40,401,-16,AGUA
-40,0,-5,TOCHA
-43,296,-16,AGUA
-42,1114,-16,AGUA
-40,0,-6,TOCHA
-33,1691,-2,AGUA
-42,88,-16,AGUA
-48,397,-6,AGUA
-48,385,-6,AGUA
-48,397,-5,AGUA
-48,385,-7,AGUA
-48,397,-4,AGUA
-48,385,-8,AGUA
-48,873,-16,AGUA
-48,397,-3,AGUA
-48,385,-9,AGUA
-48,397,-2,AGUA
-33,1233,-2,AGUA
-45,1180,-16,AGUA
-42,1291,-16,AGUA
-42,428,-16,AGUA
-44,414,-16,AGUA
-48,438,-16,AGUA
-47,760,-16,AGUA
-45,1772,-16,AGUA
-47,167,-16,AGUA
-42,1518,-16,AGUA
-45,222,-16,AGUA
-48,373,-6,AGUA
-40,1167,-16,AGUA
-48,373,-5,AGUA
-48,373,-8,AGUA
-44,1766,-16,AGUA
-48,373,-7,AGUA
-40,1760,-16,AGUA
-46,154,-16,AGUA
-48,373,-9,AGUA
-45,176,-16,AGUA
-45,1748,-16,AGUA
-40,307,-16,AGUA
-47,736,-16,AGUA
-40,501,-16,AGUA
-33,693,-2,AGUA
-42,675,-16,AGUA
-48,385,-1,AGUA
-48,385,-2,AGUA
-48,385,-3,AGUA
-48,385,-4,AGUA
-48,385,-5,AGUA
-48,451,-11,AGUA
-48,451,-12,AGUA
-48,451,-10,AGUA
-42,1267,-16,AGUA
-43,1180,-16,AGUA
-48,361,-6,AGUA
-48,361,-7,AGUA
-48,361,-4,AGUA
-48,361,-5,AGUA
-48,451,-15,AGUA
-48,361,-8,AGUA
-48,451,-13,AGUA
-48,361,-9,AGUA
-48,451,-14,AGUA
-47,18,-16,AGUA
-42,604,-16,AGUA
-42,117,-16,AGUA
-46,1332,-16,AGUA
-48,281,-10,AGUA
-47,1585,-16,AGUA
-48,281,-11,AGUA
-42,311,-16,AGUA
-48,281,-12,AGUA
-48,281,-13,AGUA
-47,1098,-16,AGUA
-33,681,-2,AGUA
-48,281,-14,AGUA
-48,281,-15,AGUA
-44,28,-16,AGUA
-42,1531,-16,AGUA
-43,366,-16,AGUA
-48,210,-16,AGUA
-47,54,-16,AGUA
-45,1350,-16,AGUA
-42,188,-16,AGUA
-42,1337,-16,AGUA
-48,373,-2,AGUA
-48,373,-4,AGUA
-48,373,-3,AGUA
-40,285,-16,AGUA
-47,1292,-16,AGUA
-40,1654,-16,AGUA
-42,1624,-16,AGUA
-44,1114,-16,AGUA
-40,642,-16,AGUA
-45,1244,-16,AGUA
-46,1784,-16,AGUA
-46,1806,-16,AGUA
-40,865,-16,AGUA
-48,348,-1,AGUA
-40,391,-16,AGUA
-48,361,-2,AGUA
-48,361,-3,AGUA
-46,1226,-16,AGUA
-40,1219,-16,AGUA
-47,1479,-16,AGUA
-47,1801,-16,AGUA
-45,950,-16,AGUA
-40,1,-16,AGUA
-44,344,-16,AGUA
-44,818,-16,AGUA
-42,569,-16,AGUA
-43,1806,-16,AGUA
-40,378,-16,AGUA
-47,1068,-16,AGUA
-47,1696,-16,AGUA
-40,1002,-16,AGUA
-48,104,-16,AGUA
-48,321,-10,AGUA
-48,321,-12,AGUA
-48,321,-11,AGUA
-48,321,-14,AGUA
-48,321,-13,AGUA
-48,321,-15,AGUA
-44,1008,-16,AGUA
-47,1455,-16,AGUA
-47,297,-16,AGUA
-42,1648,-16,AGUA
-40,1630,-16,AGUA
-43,236,-16,AGUA
-45,1220,-16,AGUA
-47,413,-16,AGUA
-47,684,-16,AGUA
-40,1243,-16,AGUA
-46,922,-16,AGUA
-47,1021,-16,AGUA
-33,1605,-2,AGUA
-48,779,-16,AGUA
-42,1407,-16,AGUA
-42,1044,-16,AGUA
-42,1478,-16,AGUA
-42,271,-16,AGUA
-40,759,-16,AGUA
-40,1800,-16,AGUA
-47,1625,-16,AGUA
-47,273,-16,AGUA
-43,1584,-16,AGUA
-48,1063,-16,AGUA
-45,1074,-16,AGUA
-33,619,-2,AGUA
-40,261,-16,AGUA
-45,874,-16,AGUA
-40,1097,-16,AGUA
-33,1617,-2,AGUA
-42,1207,-16,AGUA
-48,1450,-16,AGUA
-42,1431,-16,AGUA
-48,175,-11,AGUA
-48,175,-10,AGUA
-48,175,-13,AGUA
-48,175,-12,AGUA
-40,461,-16,AGUA
-40,35,-16,AGUA
-48,175,-15,AGUA
-42,915,-16,AGUA
-48,175,-14,AGUA
-43,994,-16,AGUA
-46,1156,-16,AGUA
-47,202,-16,AGUA
-43,1202,-16,AGUA
-33,607,-2,AGUA
-33,1029,-2,AGUA
-33,1629,-2,AGUA
-48,613,-1,AGUA
-48,613,-5,AGUA
-48,613,-4,AGUA
-48,613,-3,AGUA
-46,782,-16,AGUA
-48,613,-2,AGUA
-48,613,-9,AGUA
-48,613,-8,AGUA
-48,613,-7,AGUA
-48,613,-6,AGUA
-44,198,-16,AGUA
-40,331,-16,AGUA
-48,508,-16,AGUA
-33,1499,-2,AGUA
-47,473,-16,AGUA
-33,1017,-2,AGUA
-47,78,-16,AGUA
-42,141,-16,AGUA
-46,224,-16,AGUA
-33,1005,-2,AGUA
-43,436,-16,AGUA
-48,625,-1,AGUA
-48,625,-2,AGUA
-48,625,-5,AGUA
-48,625,-6,AGUA
-48,625,-3,AGUA
-48,625,-4,AGUA
-48,625,-9,AGUA
-48,625,-7,AGUA
-48,625,-8,AGUA
-40,618,-16,AGUA
-42,745,-16,AGUA
-48,1691,-16,AGUA
-45,1420,-16,AGUA
-46,1186,-16,AGUA
-46,852,-16,AGUA
-47,830,-16,AGUA
-44,1696,-16,AGUA
-40,689,-16,AGUA
-48,592,-16,AGUA
-44,52,-16,AGUA
-42,1361,-16,AGUA
-48,521,-15,AGUA
-48,601,-1,AGUA
-48,601,-2,AGUA
-48,601,-3,AGUA
-48,521,-13,AGUA
-48,601,-4,AGUA
-48,521,-14,AGUA
-48,521,-11,AGUA
-48,521,-12,AGUA
-48,521,-10,AGUA
-48,601,-9,AGUA
-48,601,-5,AGUA
-48,601,-6,AGUA
-48,601,-7,AGUA
-48,601,-8,AGUA
-45,246,-16,AGUA
-40,531,-16,AGUA
-46,40,-16,AGUA
-42,64,-16,AGUA
-45,1678,-16,AGUA
-43,390,-16,AGUA
-42,1056,-16,AGUA
-40,1037,-16,AGUA
-47,971,-16,AGUA
-47,890,-16,AGUA
-43,1050,-16,AGUA
-46,1772,-16,AGUA
-44,1672,-16,AGUA
-47,320,-16,AGUA
-44,214,-16,AGUA
-40,1278,-16,AGUA
-40,1706,-16,AGUA
-48,638,-16,AGUA
-42,557,-16,AGUA
-33,489,-2,AGUA
-45,992,-16,AGUA
-48,309,-10,AGUA
-48,309,-11,AGUA
-48,309,-12,AGUA
-48,309,-13,AGUA
-48,309,-14,AGUA
-48,309,-15,AGUA
-45,638,-16,AGUA
-45,1208,-16,AGUA
-42,341,-16,AGUA
-44,40,-16,AGUA
-33,477,-2,AGUA
-33,739,-2,AGUA
-48,11,-2,AGUA
-48,11,-3,AGUA
-40,772,-16,AGUA
-48,11,-4,AGUA
-48,11,-5,AGUA
-48,11,-6,AGUA
-48,11,-7,AGUA
-47,1549,-16,AGUA
-48,11,-8,AGUA
-45,1706,-16,AGUA
-44,1244,-16,AGUA
-48,11,-9,AGUA
-46,828,-16,AGUA
-48,807,-16,AGUA
-44,948,-16,AGUA
-48,1108,-16,AGUA
-42,388,-16,AGUA
-44,76,-16,AGUA
-43,828,-16,AGUA
-48,1550,-16,AGUA
-48,23,-9,AGUA
-48,23,-8,AGUA
-48,23,-7,AGUA
-48,23,-6,AGUA
-48,23,-5,AGUA
-48,23,-4,AGUA
-48,23,-3,AGUA
-44,1566,-16,AGUA
-48,23,-2,AGUA
-33,465,-2,AGUA
-40,1618,-16,AGUA
-42,652,-16,AGUA
-48,591,-9,AGUA
-48,591,-7,AGUA
-48,591,-8,AGUA
-48,591,-5,AGUA
-48,591,-6,AGUA
-46,1274,-16,AGUA
-48,591,-3,AGUA
-48,591,-4,AGUA
-47,31,-16,AGUA
-46,758,-16,AGUA
-33,441,-2,AGUA
-44,392,-16,AGUA
-48,35,-8,AGUA
-48,35,-9,AGUA
-48,580,-16,AGUA
-48,35,-6,AGUA
-42,1279,-16,AGUA
-48,35,-7,AGUA
-48,35,-4,AGUA
-48,35,-5,AGUA
-48,35,-2,AGUA
-48,35,-3,AGUA
-47,1198,-16,AGUA
-46,770,-16,AGUA
-47,1279,-16,AGUA
-48,1192,-16,AGUA
-40,436,-16,AGUA
-40,249,-16,AGUA
-33,453,-2,AGUA
-40,842,-16,AGUA
-47,225,-16,AGUA
-48,47,-8,AGUA
-48,47,-7,AGUA
-48,47,-9,AGUA
-48,47,-4,AGUA
-48,47,-3,AGUA
-48,47,-6,AGUA
-48,47,-5,AGUA
-48,47,-2,AGUA
-46,16,-16,AGUA
-43,1784,-16,AGUA
-44,144,-16,AGUA
-48,591,-1,AGUA
-48,591,-2,AGUA
-48,1419,-16,AGUA
-44,108,-16,AGUA
-40,1348,-16,AGUA
-43,630,-16,AGUA
-46,1684,-16,AGUA
-48,59,-8,AGUA
-48,59,-9,AGUA
-48,59,-4,AGUA
-48,59,-5,AGUA
-48,59,-6,AGUA
-48,59,-7,AGUA
-42,627,-16,AGUA
-48,59,-2,AGUA
-48,59,-3,AGUA
-42,404,-16,AGUA
-44,1742,-16,AGUA
-48,152,-16,AGUA
-47,1601,-16,AGUA
-42,1243,-16,AGUA
-48,60,-1,AGUA
-40,1125,-16,AGUA
-48,1367,-16,AGUA
-43,1606,-16,AGUA
-48,568,-16,AGUA
-42,246,-16,AGUA
-42,582,-16,AGUA
-40,578,-16,AGUA
-47,806,-16,AGUA
-47,448,-16,AGUA
-42,827,-16,AGUA
-47,1056,-16,AGUA
-45,1618,-16,AGUA
-47,606,-16,AGUA
-47,1637,-16,AGUA
-43,166,-16,AGUA
-42,1466,-16,AGUA
-42,1718,-16,AGUA
-47,1385,-16,AGUA
-40,1548,-16,AGUA
-48,127,-10,AGUA
-48,127,-12,AGUA
-48,127,-11,AGUA
-44,1636,-16,AGUA
-48,127,-14,AGUA
-47,378,-16,AGUA
-48,368,-16,AGUA
-48,127,-13,AGUA
-43,1690,-16,AGUA
-40,58,-16,AGUA
-33,1365,-2,AGUA
-48,127,-15,AGUA
-46,342,-16,AGUA
-48,51,-14,AGUA
-48,51,-13,AGUA
-48,51,-12,AGUA
-48,51,-11,AGUA
-44,532,-16,AGUA
-48,51,-15,AGUA
-46,558,-16,AGUA
-48,51,-10,AGUA
-43,1120,-16,AGUA
-48,426,-16,AGUA
-45,1026,-16,AGUA
-47,250,-16,AGUA
-40,1677,-16,AGUA
-45,294,-16,AGUA
-44,806,-16,AGUA
-33,1353,-2,AGUA
-44,960,-16,AGUA
-47,1707,-16,AGUA
-44,308,-16,AGUA
-43,1320,-16,AGUA
-42,0,-13,TOCHA
-33,1389,-2,AGUA
-42,0,-16,AGUA
-48,1701,-16,AGUA
-44,748,-16,AGUA
-40,179,-16,AGUA
-47,854,-16,AGUA
-33,921,-2,AGUA
-33,1377,-2,AGUA
-42,1396,-16,AGUA
-45,1654,-16,AGUA
-43,1262,-16,AGUA
-42,981,-16,AGUA
-43,1038,-16,AGUA
-47,1349,-16,AGUA
-45,440,-16,AGUA
-42,1754,-16,AGUA
-46,616,-16,AGUA
-44,1032,-16,AGUA
-42,334,-16,AGUA
-48,498,-16,AGUA
-43,1192,-16,AGUA
-42,1313,-16,AGUA
-47,108,-16,AGUA
-44,1174,-16,AGUA
-42,938,-16,AGUA
-42,1554,-16,AGUA
-48,257,-15,AGUA
-48,257,-13,AGUA
-48,1297,-16,AGUA
-48,257,-14,AGUA
-48,257,-11,AGUA
-33,933,-2,AGUA
-48,257,-12,AGUA
-46,1092,-16,AGUA
-48,257,-10,AGUA
-40,250,-16,AGUA
-40,1179,-16,AGUA
-44,736,-16,AGUA
-45,926,-16,AGUA
-43,1536,-16,AGUA
-40,524,-16,AGUA
-46,688,-16,AGUA
-46,118,-16,AGUA
-44,462,-16,AGUA
-40,912,-16,AGUA
-33,945,-2,AGUA
-43,1466,-16,AGUA
-45,1156,-16,AGUA
-42,1612,-16,AGUA
-43,1250,-16,AGUA
-40,366,-16,AGUA
-47,1531,-16,AGUA
-44,1518,-16,AGUA
-47,120,-16,AGUA
-33,969,-2,AGUA
-45,310,-16,AGUA
-40,180,-16,AGUA
-43,700,-16,AGUA
-42,722,-16,AGUA
-46,546,-16,AGUA
-47,923,-16,AGUA
-33,1257,-2,AGUA
-43,1108,-16,AGUA
-44,1102,-16,AGUA
-43,50,-16,AGUA
-45,568,-16,AGUA
-48,685,-16,AGUA
-40,1220,-16,AGUA
-42,1126,-16,AGUA
-45,510,-16,AGUA
-43,758,-16,AGUA
-33,1341,-2,AGUA
-48,93,-15,AGUA
-48,93,-14,AGUA
-48,93,-13,AGUA
-33,957,-2,AGUA
-44,878,-16,AGUA
-48,1514,-16,AGUA
-48,93,-12,AGUA
-48,93,-11,AGUA
-48,93,-10,AGUA
-46,272,-16,AGUA
-44,890,-16,AGUA
-47,924,-16,AGUA
-47,1103,-16,AGUA
-40,1191,-16,AGUA
-45,1584,-16,AGUA
-43,484,-16,AGUA
-33,1269,-2,AGUA
-40,23,-16,AGUA
-47,1033,-16,AGUA
-47,1009,-16,AGUA
-48,356,-16,AGUA
-40,473,-16,AGUA
-42,1684,-16,AGUA
-45,364,-16,AGUA
-48,720,-16,AGUA
-42,1443,-16,AGUA
-40,119,-16,AGUA
-48,937,-16,AGUA
-43,554,-16,AGUA
-48,1573,-16,AGUA
-47,889,-16,AGUA
-46,1198,-16,AGUA
-46,1144,-16,AGUA
-42,1079,-16,AGUA
-40,77,-16,AGUA
-42,757,-16,AGUA
-48,187,-11,AGUA
-48,187,-12,AGUA
-48,187,-10,AGUA
-48,1332,-16,AGUA
-40,1478,-16,AGUA
-40,1753,-16,AGUA
-42,1596,-16,AGUA
-48,187,-15,AGUA
-48,187,-13,AGUA
-48,187,-14,AGUA
-48,533,-15,AGUA
-48,533,-14,AGUA
-48,533,-13,AGUA
-48,533,-12,AGUA
-48,533,-11,AGUA
-48,533,-10,AGUA
-43,1378,-16,AGUA
-47,425,-16,AGUA
-40,877,-16,AGUA
-45,78,-16,AGUA
-40,143,-16,AGUA
-42,283,-16,AGUA
-47,1507,-16,AGUA
-42,28,-16,AGUA
-42,176,-16,AGUA
-47,1684,-16,AGUA
-44,1730,-16,AGUA
-40,1729,-16,AGUA
-42,1419,-16,AGUA
-40,1255,-16,AGUA
-48,222,-16,AGUA
-45,1432,-16,AGUA
-40,1418,-16,AGUA
-43,1796,-16,AGUA
-47,1791,-16,AGUA
-47,578,-16,AGUA
-45,792,-16,AGUA
-47,155,-16,AGUA
-44,1778,-16,AGUA
-47,1186,-16,AGUA
-48,1238,-16,AGUA
-47,829,-16,AGUA
-42,52,-16,AGUA
-45,1086,-16,AGUA
-47,1550,-16,AGUA
-33,1509,-2,AGUA
-46,816,-16,AGUA
-48,265,-6,AGUA
-48,265,-5,AGUA
-48,265,-4,AGUA
-48,265,-3,AGUA
-48,265,-2,AGUA
-40,1512,-16,AGUA
-48,265,-9,AGUA
-48,265,-8,AGUA
-48,265,-7,AGUA
-42,781,-16,AGUA
-47,1256,-16,AGUA
-42,1373,-16,AGUA
-43,982,-16,AGUA
-46,412,-16,AGUA
-48,277,-6,AGUA
-45,1102,-16,AGUA
-48,277,-7,AGUA
-48,277,-4,AGUA
-48,277,-5,AGUA
-48,277,-2,AGUA
-48,277,-3,AGUA
-40,413,-16,AGUA
-47,1220,-16,AGUA
-47,648,-16,AGUA
-47,174,-16,AGUA
-48,626,-16,AGUA
-47,1443,-16,AGUA
-43,224,-16,AGUA
-48,277,-8,AGUA
-48,277,-9,AGUA
-48,4,-16,AGUA
-33,115,-2,AGUA
-40,1074,-16,AGUA
-48,289,-9,AGUA
-33,103,-2,AGUA
-45,838,-16,AGUA
-48,203,-13,AGUA
-40,1325,-16,AGUA
-48,203,-12,AGUA
-48,203,-15,AGUA
-48,203,-14,AGUA
-48,203,-11,AGUA
-42,353,-16,AGUA
-48,203,-10,AGUA
-44,602,-16,AGUA
-46,970,-16,AGUA
-40,213,-16,AGUA
-48,289,-6,AGUA
-48,289,-5,AGUA
-44,1320,-16,AGUA
-48,289,-8,AGUA
-48,289,-7,AGUA
-48,289,-2,AGUA
-40,971,-16,AGUA
-48,289,-4,AGUA
-48,289,-3,AGUA
-43,922,-16,AGUA
-42,1021,-16,AGUA
-33,369,-2,AGUA
-44,684,-16,AGUA
-33,1811,-2,AGUA
-33,1583,-2,AGUA
-48,290,-1,AGUA
-42,1173,-16,AGUA
-47,959,-16,AGUA
-40,817,-16,AGUA
-48,84,-1,AGUA
-48,529,-1,AGUA
-42,1149,-16,AGUA
-47,1126,-16,AGUA
-42,487,-16,AGUA
-48,72,-1,AGUA
-48,529,-9,AGUA
-48,529,-8,AGUA
-48,529,-7,AGUA
-48,529,-6,AGUA
-48,529,-5,AGUA
-42,1777,-16,AGUA
-48,529,-4,AGUA
-48,529,-3,AGUA
-48,529,-2,AGUA
-40,590,-16,AGUA
-40,1572,-16,AGUA
-40,543,-16,AGUA
-47,355,-16,AGUA
-45,104,-16,AGUA
-48,650,-16,AGUA
-33,1571,-2,AGUA
-47,1350,-16,AGUA
-46,1214,-16,AGUA
-48,517,-1,AGUA
-48,517,-2,AGUA
-48,517,-3,AGUA
-48,517,-4,AGUA
-40,677,-16,AGUA
-48,517,-5,AGUA
-48,517,-6,AGUA
-48,517,-7,AGUA
-48,517,-8,AGUA
-48,517,-9,AGUA
-40,1372,-16,AGUA
-44,1450,-16,AGUA
-45,708,-16,AGUA
-45,20,-16,AGUA
-47,518,-16,AGUA
-33,49,-2,AGUA
-48,1806,-16,AGUA
-46,840,-16,AGUA
-47,1150,-16,AGUA
-46,1414,-16,AGUA
-47,542,-16,AGUA
-48,505,-1,AGUA
-42,874,-16,AGUA
-48,505,-3,AGUA
-48,505,-2,AGUA
-48,505,-5,AGUA
-48,505,-4,AGUA
-40,1144,-16,AGUA
-48,505,-7,AGUA
-48,505,-6,AGUA
-48,505,-9,AGUA
-48,505,-8,AGUA
-48,96,-1,AGUA
-48,463,-11,AGUA
-48,463,-10,AGUA
-47,485,-16,AGUA
-47,90,-16,AGUA
-33,715,-2,AGUA
-48,463,-15,AGUA
-48,463,-14,AGUA
-48,463,-13,AGUA
-47,701,-16,AGUA
-40,1442,-16,AGUA
-48,463,-12,AGUA
-42,903,-16,AGUA
-33,25,-2,AGUA
-48,850,-16,AGUA
-42,687,-16,AGUA
-40,1772,-16,AGUA
-46,1014,-16,AGUA
-45,862,-16,AGUA
-40,947,-16,AGUA
-48,1075,-16,AGUA
-47,759,-16,AGUA
-40,319,-16,AGUA
-42,1019,-16,AGUA
-46,1618,-16,AGUA
-33,37,-2,AGUA
-33,727,-2,AGUA
-42,129,-16,AGUA
-47,1326,-16,AGUA
-43,6,-16,AGUA
-42,1349,-16,AGUA
-46,910,-16,AGUA
-47,1480,-16,AGUA
-42,1490,-16,AGUA
-45,732,-16,AGUA
-46,1344,-16,AGUA
-48,1679,-16,AGUA
-48,1462,-16,AGUA
-40,1014,-16,AGUA
-46,494,-16,AGUA
-47,1754,-16,AGUA
-48,1262,-16,AGUA
-40,1385,-16,AGUA
-33,703,-2,AGUA
-33,1595,-2,AGUA
-45,1362,-16,AGUA
-40,747,-16,AGUA
-47,1280,-16,AGUA
-42,887,-16,AGUA
-40,273,-16,AGUA
-33,13,-2,AGUA
-47,672,-16,AGUA
-42,405,-16,AGUA
-48,409,-9,AGUA
-48,409,-7,AGUA
-48,409,-8,AGUA
-44,1520,-16,AGUA
-48,409,-5,AGUA
-48,409,-6,AGUA
-48,409,-3,AGUA
-48,409,-4,AGUA
-48,410,-1,AGUA
-48,409,-2,AGUA
-43,1380,-16,AGUA
-45,662,-16,AGUA
-45,1286,-16,AGUA
-40,201,-16,AGUA
-42,1420,-16,AGUA
-42,581,-16,AGUA
-48,984,-16,AGUA
-48,21,-9,AGUA
-33,1003,-2,AGUA
-48,21,-7,AGUA
-48,38,-16,AGUA
-48,21,-8,AGUA
-48,21,-5,AGUA
-48,21,-6,AGUA
-48,21,-3,AGUA
-48,21,-4,AGUA
-48,21,-2,AGUA
-47,1080,-16,AGUA
-44,900,-16,AGUA
-48,422,-1,AGUA
-47,472,-16,AGUA
-42,1467,-16,AGUA
-46,1120,-16,AGUA
-43,120,-16,AGUA
-40,1455,-16,AGUA
-40,771,-16,AGUA
-48,3,-9,AGUA
-44,1020,-16,AGUA
-40,701,-16,AGUA
-48,33,-9,AGUA
-48,33,-8,AGUA
-48,33,-5,AGUA
-48,33,-4,AGUA
-48,33,-7,AGUA
-48,33,-6,AGUA
-48,33,-3,AGUA
-48,33,-2,AGUA
-43,852,-16,AGUA
-48,70,-16,AGUA
-48,3,-5,AGUA
-48,3,-6,AGUA
-48,3,-7,AGUA
-48,3,-8,AGUA
-45,1480,-16,AGUA
-48,3,-2,AGUA
-48,3,-3,AGUA
-48,3,-4,AGUA
-42,1314,-16,AGUA
-46,1532,-16,AGUA
-48,45,-9,AGUA
-48,45,-5,AGUA
-48,45,-6,AGUA
-45,1536,-16,AGUA
-48,45,-7,AGUA
-48,45,-8,AGUA
-48,45,-2,AGUA
-48,45,-3,AGUA
-48,45,-4,AGUA
-48,446,-1,AGUA
-40,1038,-16,AGUA
-40,1784,-16,AGUA
-47,77,-16,AGUA
-48,57,-9,AGUA
-48,57,-8,AGUA
-48,57,-7,AGUA
-47,519,-16,AGUA
-48,57,-6,AGUA
-48,387,-10,AGUA
-48,387,-14,AGUA
-48,387,-13,AGUA
-48,387,-12,AGUA
-48,387,-11,AGUA
-47,625,-16,AGUA
-48,57,-5,AGUA
-48,57,-4,AGUA
-48,57,-3,AGUA
-48,57,-2,AGUA
-48,387,-15,AGUA
-40,1349,-16,AGUA
-40,354,-16,AGUA
-43,676,-16,AGUA
-47,1233,-16,AGUA
-47,1789,-16,AGUA
-40,46,-16,AGUA
-48,1749,-16,AGUA
-46,460,-16,AGUA
-33,9,-2,AGUA
-45,486,-16,AGUA
-43,1168,-16,AGUA
-40,1302,-16,AGUA
-40,262,-16,AGUA
-48,70,-1,AGUA
-42,1,-16,AGUA
-44,724,-16,AGUA
-44,1484,-16,AGUA
-40,994,-16,AGUA
-43,1560,-16,AGUA
-42,914,-16,AGUA
-40,665,-16,AGUA
-45,416,-16,AGUA
-48,69,-9,AGUA
-48,69,-7,AGUA
-48,69,-8,AGUA
-48,69,-2,AGUA
-48,69,-5,AGUA
-48,69,-6,AGUA
-47,30,-16,AGUA
-48,69,-3,AGUA
-48,69,-4,AGUA
-44,1414,-16,AGUA
-42,511,-16,AGUA
-44,650,-16,AGUA
-48,1632,-16,AGUA
-46,534,-16,AGUA
-47,1636,-16,AGUA
-40,1547,-16,AGUA
-42,1731,-16,AGUA
-48,94,-1,AGUA
-42,1138,-16,AGUA
-44,1256,-16,AGUA
-47,296,-16,AGUA
-46,1712,-16,AGUA
-45,1050,-16,AGUA
-42,1573,-16,AGUA
-45,570,-16,AGUA
-48,581,-15,AGUA
-42,840,-16,AGUA
-48,581,-10,AGUA
-40,1705,-16,AGUA
-48,581,-14,AGUA
-48,581,-13,AGUA
-48,581,-12,AGUA
-48,581,-11,AGUA
-33,357,-2,AGUA
-46,1606,-16,AGUA
-40,591,-16,AGUA
-48,1202,-16,AGUA
-48,82,-1,AGUA
-43,1454,-16,AGUA
-42,475,-16,AGUA
-47,226,-16,AGUA
-44,1660,-16,AGUA
-46,1566,-16,AGUA
-40,1266,-16,AGUA
-45,522,-16,AGUA
-47,436,-16,AGUA
-42,247,-16,AGUA
-47,1408,-16,AGUA
-46,318,-16,AGUA
-47,1602,-16,AGUA
-40,437,-16,AGUA
-46,888,-16,AGUA
-45,898,-16,AGUA
-48,698,-16,AGUA
-40,178,-16,AGUA
-40,108,-16,AGUA
-33,1331,-2,AGUA
-40,1491,-16,AGUA
-47,936,-16,AGUA
-33,345,-2,AGUA
-42,1625,-16,AGUA
-46,946,-16,AGUA
-46,284,-16,AGUA
-47,1672,-16,AGUA
-48,198,-16,AGUA
-45,1800,-16,AGUA
-45,1444,-16,AGUA
-45,1572,-16,AGUA
-33,931,-2,AGUA
-47,1478,-16,AGUA
-33,1343,-2,AGUA
-42,439,-16,AGUA
-48,545,-15,AGUA
-48,497,-15,AGUA
-48,497,-13,AGUA
-48,497,-14,AGUA
-48,497,-11,AGUA
-48,497,-12,AGUA
-33,955,-2,AGUA
-48,497,-10,AGUA
-44,578,-16,AGUA
-48,673,-11,AGUA
-48,673,-12,AGUA
-48,673,-13,AGUA
-48,673,-14,AGUA
-48,673,-15,AGUA
-33,943,-2,AGUA
-48,545,-10,AGUA
-47,1044,-16,AGUA
-48,545,-11,AGUA
-48,545,-12,AGUA
-48,545,-13,AGUA
-48,545,-14,AGUA
-48,673,-10,AGUA
-33,1355,-2,AGUA
-40,1595,-16,AGUA
-47,380,-16,AGUA
-47,107,-16,AGUA
-33,333,-2,AGUA
-33,321,-2,AGUA
-48,344,-16,AGUA
-43,96,-16,AGUA
-45,1396,-16,AGUA
-44,508,-16,AGUA
-48,427,-12,AGUA
-48,427,-13,AGUA
-48,427,-14,AGUA
-48,427,-15,AGUA
-48,427,-10,AGUA
-43,712,-16,AGUA
-48,427,-11,AGUA
-40,1678,-16,AGUA
-47,911,-16,AGUA
-44,474,-16,AGUA
-47,1562,-16,AGUA
-44,1506,-16,AGUA
-46,64,-16,AGUA
-40,512,-16,AGUA
-48,756,-16,AGUA
-33,1247,-2,AGUA
-33,979,-2,AGUA
-42,164,-16,AGUA
-42,721,-16,AGUA
-40,854,-16,AGUA
-42,993,-16,AGUA
-42,950,-16,AGUA
-44,1448,-16,AGUA
-42,1542,-16,AGUA
-47,853,-16,AGUA
-45,1326,-16,AGUA
-48,1157,-16,AGUA
-33,1235,-2,AGUA
-42,99,-16,AGUA
-42,87,-16,AGUA
-42,664,-16,AGUA
-47,1373,-16,AGUA
-44,88,-16,AGUA
-33,967,-2,AGUA
-33,1259,-2,AGUA
-48,270,-16,AGUA
-42,1384,-16,AGUA
-42,365,-16,AGUA
-42,29,-16,AGUA
-42,322,-16,AGUA
-47,1719,-16,AGUA
-33,1223,-2,AGUA
-42,1055,-16,AGUA
-40,1192,-16,AGUA
-43,816,-16,AGUA
-42,1683,-16,AGUA
-47,379,-16,AGUA
-48,901,-16,AGUA
-43,212,-16,AGUA
-47,1219,-16,AGUA
-48,128,-16,AGUA
-46,388,-16,AGUA
-48,1785,-16,AGUA
-45,626,-16,AGUA
-44,132,-16,AGUA
-44,1374,-16,AGUA
-40,911,-16,AGUA
-42,1613,-16,AGUA
-42,839,-16,AGUA
-33,237,-2,AGUA
-40,805,-16,AGUA
-46,1724,-16,AGUA
-47,424,-16,AGUA
-44,1292,-16,AGUA
-33,249,-2,AGUA
-46,1392,-16,AGUA
-47,1444,-16,AGUA
-43,1308,-16,AGUA
-47,1185,-16,AGUA
-44,1268,-16,AGUA
-43,1502,-16,AGUA
-47,1281,-16,AGUA
-42,282,-16,AGUA
-40,1254,-16,AGUA
-33,571,-2,AGUA
-47,673,-16,AGUA
-43,1406,-16,AGUA
-47,9,-16,AGUA
-47,1079,-16,AGUA
-40,144,-16,AGUA
-44,842,-16,AGUA
-46,376,-16,AGUA
-43,14,-16,AGUA
-42,1659,-16,AGUA
-48,462,-16,AGUA
-45,140,-16,AGUA
-33,823,-2,AGUA
-43,794,-16,AGUA
-47,1790,-16,AGUA
-45,614,-16,AGUA
-44,1366,-16,AGUA
-40,472,-16,AGUA
-47,1087,-16,AGUA
-47,1032,-16,AGUA
-47,700,-16,AGUA
-48,1548,-16,AGUA
-42,1280,-16,AGUA
-45,498,-16,AGUA
-48,186,-16,AGUA
-33,811,-2,AGUA
-44,1472,-16,AGUA
-47,747,-16,AGUA
-40,1513,-16,AGUA
-42,17,-16,AGUA
-40,555,-16,AGUA
-48,1250,-16,AGUA
-33,847,-2,AGUA
-48,625,-12,AGUA
-48,625,-13,AGUA
-48,625,-14,AGUA
-48,625,-15,AGUA
-46,1002,-16,AGUA
-42,756,-16,AGUA
-47,590,-16,AGUA
-45,1418,-16,AGUA
-48,5,-14,AGUA
-48,5,-15,AGUA
-48,5,-12,AGUA
-47,89,-16,AGUA
-48,5,-13,AGUA
-48,5,-10,AGUA
-48,5,-11,AGUA
-42,926,-16,AGUA
-48,625,-10,AGUA
-48,625,-11,AGUA
-40,1406,-16,AGUA
-33,859,-2,AGUA
-47,577,-16,AGUA
-33,835,-2,AGUA
-43,688,-16,AGUA
-40,629,-16,AGUA
-44,996,-16,AGUA
-48,1797,-16,AGUA
-33,509,-2,AGUA
-48,1039,-16,AGUA
-47,1008,-16,AGUA
-48,519,-10,AGUA
-48,519,-11,AGUA
-48,519,-14,AGUA
-48,519,-15,AGUA
-48,519,-12,AGUA
-48,519,-13,AGUA
-47,332,-16,AGUA
-42,1695,-16,AGUA
-43,1332,-16,AGUA
-43,804,-16,AGUA
-44,566,-16,AGUA
-40,1180,-16,AGUA
-43,1226,-16,AGUA
-42,53,-16,AGUA
-47,497,-16,AGUA
-47,984,-16,AGUA
-43,330,-16,AGUA
-45,1524,-16,AGUA
-48,82,-16,AGUA
-42,1372,-16,AGUA
-42,804,-16,AGUA
-43,1700,-16,AGUA
-43,48,-16,AGUA
-43,566,-16,AGUA
-43,132,-16,AGUA
-43,760,-16,AGUA
-42,200,-16,AGUA
-48,151,-11,AGUA
-48,151,-10,AGUA
-48,151,-15,AGUA
-48,151,-14,AGUA
-48,151,-13,AGUA
-48,151,-12,AGUA
-43,590,-16,AGUA
-47,460,-16,AGUA
-40,1073,-16,AGUA
-46,1760,-16,AGUA
-44,614,-16,AGUA
-42,875,-16,AGUA
-42,1091,-16,AGUA
-43,1086,-16,AGUA
-48,708,-16,AGUA
-48,1391,-16,AGUA
-48,495,-1,AGUA
-48,495,-5,AGUA
-48,495,-4,AGUA
-48,495,-3,AGUA
-47,65,-16,AGUA
-48,495,-2,AGUA
-46,1356,-16,AGUA
-40,1741,-16,AGUA
-48,649,-14,AGUA
-48,649,-15,AGUA
-48,649,-12,AGUA
-46,178,-16,AGUA
-40,946,-16,AGUA
-48,649,-13,AGUA
-48,649,-10,AGUA
-48,649,-11,AGUA
-46,1484,-16,AGUA
-44,1612,-16,AGUA
-40,1026,-16,AGUA
-48,495,-9,AGUA
-48,495,-8,AGUA
-45,376,-16,AGUA
-48,495,-7,AGUA
-48,495,-6,AGUA
-42,1020,-16,AGUA
-45,1548,-16,AGUA
-42,1174,-16,AGUA
-47,1127,-16,AGUA
-40,1430,-16,AGUA
-42,1103,-16,AGUA
-40,89,-16,AGUA
-42,1231,-16,AGUA
-42,1705,-16,AGUA
-47,960,-16,AGUA
-47,1398,-16,AGUA
-48,234,-16,AGUA
-47,1325,-16,AGUA
-42,1348,-16,AGUA
-42,199,-16,AGUA
-40,889,-16,AGUA
-43,606,-16,AGUA
-33,1739,-2,AGUA
-44,712,-16,AGUA
-47,284,-16,AGUA
-40,1643,-16,AGUA
-45,474,-16,AGUA
-44,368,-16,AGUA
-47,1151,-16,AGUA
-40,1384,-16,AGUA
-48,483,-1,AGUA
-48,483,-2,AGUA
-47,1755,-16,AGUA
-47,543,-16,AGUA
-48,483,-3,AGUA
-48,483,-4,AGUA
-33,1727,-2,AGUA
-40,274,-16,AGUA
-42,128,-16,AGUA
-47,771,-16,AGUA
-48,483,-9,AGUA
-40,1113,-16,AGUA
-40,1156,-16,AGUA
-48,483,-5,AGUA
-48,483,-6,AGUA
-48,483,-7,AGUA
-48,483,-8,AGUA
-44,1138,-16,AGUA
-43,664,-16,AGUA
-47,1812,-16,AGUA
-33,1715,-2,AGUA
-42,902,-16,AGUA
-40,1717,-16,AGUA
-48,308,-16,AGUA
-40,748,-16,AGUA
-45,32,-16,AGUA
-42,615,-16,AGUA
-43,190,-16,AGUA
-47,143,-16,AGUA
-47,186,-16,AGUA
-46,98,-16,AGUA
-33,583,-2,AGUA
-42,558,-16,AGUA
-47,617,-16,AGUA
-44,1496,-16,AGUA
-42,1778,-16,AGUA
-48,1620,-16,AGUA
-46,424,-16,AGUA
-48,471,-9,AGUA
-48,471,-8,AGUA
-40,389,-16,AGUA
-48,471,-5,AGUA
-47,1268,-16,AGUA
-45,1620,-16,AGUA
-48,471,-4,AGUA
-48,471,-7,AGUA
-48,471,-6,AGUA
-48,471,-1,AGUA
-48,471,-3,AGUA
-48,471,-2,AGUA
-46,652,-16,AGUA
-40,318,-16,AGUA
-33,595,-2,AGUA
-33,1703,-2,AGUA
-47,888,-16,AGUA
-48,1712,-16,AGUA
-47,696,-16,AGUA
-42,235,-16,AGUA
-48,992,-16,AGUA
-45,1278,-16,AGUA
-40,1231,-16,AGUA
-40,828,-16,AGUA
-48,62,-16,AGUA
-47,401,-16,AGUA
-42,1218,-16,AGUA
-43,934,-16,AGUA
-42,1491,-16,AGUA
-48,163,-11,AGUA
-42,638,-16,AGUA
-48,163,-12,AGUA
-48,163,-13,AGUA
-48,163,-14,AGUA
-42,816,-16,AGUA
-48,163,-10,AGUA
-48,163,-15,AGUA
-48,557,-11,AGUA
-47,1491,-16,AGUA
-48,557,-10,AGUA
-48,557,-13,AGUA
-48,557,-12,AGUA
-48,170,-1,AGUA
-46,1578,-16,AGUA
-48,557,-15,AGUA
-48,379,-10,AGUA
-48,557,-14,AGUA
-48,379,-11,AGUA
-48,379,-14,AGUA
-48,157,-9,AGUA
-48,379,-15,AGUA
-48,379,-12,AGUA
-48,379,-13,AGUA
-48,913,-16,AGUA
-33,1463,-2,AGUA
-48,169,-6,AGUA
-48,169,-7,AGUA
-48,169,-8,AGUA
-48,169,-9,AGUA
-48,169,-2,AGUA
-48,169,-3,AGUA
-48,169,-4,AGUA
-40,191,-16,AGUA
-48,169,-5,AGUA
-42,886,-16,AGUA
-47,214,-16,AGUA
-48,332,-16,AGUA
-33,1475,-2,AGUA
-44,626,-16,AGUA
-47,948,-16,AGUA
-45,1560,-16,AGUA
-42,1162,-16,AGUA
-45,388,-16,AGUA
-45,1062,-16,AGUA
-48,194,-1,AGUA
-43,1284,-16,AGUA
-47,865,-16,AGUA
-43,1678,-16,AGUA
-48,1169,-16,AGUA
-33,191,-2,AGUA
-42,699,-16,AGUA
-48,182,-1,AGUA
-46,522,-16,AGUA
-43,200,-16,AGUA
-42,1743,-16,AGUA
-44,696,-16,AGUA
-45,1812,-16,AGUA
-46,1508,-16,AGUA
-42,1660,-16,AGUA
-33,1487,-2,AGUA
-42,377,-16,AGUA
-47,367,-16,AGUA
-46,934,-16,AGUA
-48,897,-16,AGUA
-47,1538,-16,AGUA
-33,629,-2,AGUA
-40,1373,-16,AGUA
-47,554,-16,AGUA
-48,108,-1,AGUA
-48,1273,-16,AGUA
-42,969,-16,AGUA
-47,791,-16,AGUA
-42,152,-16,AGUA
-47,198,-16,AGUA
-40,923,-16,AGUA
-46,52,-16,AGUA
-48,661,-11,AGUA
-48,661,-10,AGUA
-42,1565,-16,AGUA
-46,436,-16,AGUA
-48,661,-15,AGUA
-48,661,-14,AGUA
-48,661,-13,AGUA
-33,617,-2,AGUA
-48,661,-12,AGUA
-47,306,-16,AGUA
-40,342,-16,AGUA
-48,1667,-16,AGUA
-47,131,-16,AGUA
-47,1162,-16,AGUA
-45,886,-16,AGUA
-47,712,-16,AGUA
-33,605,-2,AGUA
-47,1743,-16,AGUA
-47,119,-16,AGUA
-45,1796,-16,AGUA
-45,744,-16,AGUA
-48,1525,-16,AGUA
-42,949,-16,AGUA
-40,1812,-16,AGUA
-40,736,-16,AGUA
-48,246,-16,AGUA
-48,474,-16,AGUA
-33,1451,-2,AGUA
-42,733,-16,AGUA
-46,1132,-16,AGUA
-43,1712,-16,AGUA
-40,1560,-16,AGUA
-40,1290,-16,AGUA
-40,783,-16,AGUA
-33,105,-2,AGUA
-47,1432,-16,AGUA
-48,399,-14,AGUA
-46,1736,-16,AGUA
-48,399,-15,AGUA
-40,155,-16,AGUA
-48,399,-10,AGUA
-42,1455,-16,AGUA
-48,399,-11,AGUA
-48,399,-12,AGUA
-48,399,-13,AGUA
-42,294,-16,AGUA
-44,1532,-16,AGUA
-40,1467,-16,AGUA
-42,1254,-16,AGUA
-47,1207,-16,AGUA
-48,26,-16,AGUA
-42,1601,-16,AGUA
-45,650,-16,AGUA
-43,342,-16,AGUA
-48,1086,-16,AGUA
-47,637,-16,AGUA
-42,1268,-16,AGUA
-43,1620,-16,AGUA
-47,1245,-16,AGUA
-40,1524,-16,AGUA
-40,1796,-16,AGUA
-44,1386,-16,AGUA
-43,840,-16,AGUA
-40,713,-16,AGUA
-33,129,-2,AGUA
-45,780,-16,AGUA
-48,302,-1,AGUA
-46,1380,-16,AGUA
-47,1506,-16,AGUA
-33,1091,-2,AGUA
-40,1607,-16,AGUA
-46,1520,-16,AGUA
-45,1168,-16,AGUA
-42,1067,-16,AGUA
-42,780,-16,AGUA
-48,602,-16,AGUA
-33,117,-2,AGUA
-46,200,-16,AGUA
-45,1314,-16,AGUA
-42,41,-16,AGUA
-40,1337,-16,AGUA
-42,1597,-16,AGUA
-48,121,-2,AGUA
-48,121,-3,AGUA
-48,121,-4,AGUA
-48,121,-5,AGUA
-47,1302,-16,AGUA
-46,258,-16,AGUA
-47,1518,-16,AGUA
-42,1585,-16,AGUA
-40,1136,-16,AGUA
-46,1650,-16,AGUA
-40,567,-16,AGUA
-44,590,-16,AGUA
-42,523,-16,AGUA
-48,415,-12,AGUA
-48,415,-11,AGUA
-46,1250,-16,AGUA
-48,415,-10,AGUA
-48,133,-6,AGUA
-48,121,-6,AGUA
-48,133,-5,AGUA
-48,121,-7,AGUA
-48,133,-4,AGUA
-48,121,-8,AGUA
-48,133,-3,AGUA
-48,121,-9,AGUA
-48,133,-2,AGUA
-44,1402,-16,AGUA
-42,1529,-16,AGUA
-48,1214,-16,AGUA
-42,463,-16,AGUA
-47,1574,-16,AGUA
-42,792,-16,AGUA
-40,238,-16,AGUA
-45,12,-16,AGUA
-46,1238,-16,AGUA
-46,1022,-16,AGUA
-40,1666,-16,AGUA
-33,201,-2,AGUA
-47,1660,-16,AGUA
-48,145,-6,AGUA
-48,145,-7,AGUA
-48,145,-4,AGUA
-48,145,-5,AGUA
-48,145,-2,AGUA
-48,145,-3,AGUA
-42,309,-16,AGUA
-40,1062,-16,AGUA
-48,133,-9,AGUA
-40,425,-16,AGUA
-48,133,-8,AGUA
-48,133,-7,AGUA
-48,1584,-16,AGUA
-48,415,-15,AGUA
-33,213,-2,AGUA
-48,415,-14,AGUA
-48,415,-13,AGUA
-43,970,-16,AGUA
-42,593,-16,AGUA
-48,157,-6,AGUA
-48,157,-5,AGUA
-48,157,-8,AGUA
-40,69,-16,AGUA
-48,157,-7,AGUA
-48,157,-2,AGUA
-44,448,-16,AGUA
-48,157,-4,AGUA
-48,157,-3,AGUA
-45,1298,-16,AGUA
-47,1648,-16,AGUA
-48,1027,-16,AGUA
-40,11,-16,AGUA
-40,982,-16,AGUA
-33,225,-2,AGUA
-45,152,-16,AGUA
-45,1456,-16,AGUA
-47,42,-16,AGUA
-40,224,-16,AGUA
-48,145,-8,AGUA
-48,145,-9,AGUA
-40,653,-16,AGUA
-48,1356,-16,AGUA
-42,863,-16,AGUA
-48,399,-2,AGUA
-48,399,-3,AGUA
-48,399,-4,AGUA
-48,399,-5,AGUA
-48,399,-6,AGUA
-48,399,-7,AGUA
-48,399,-8,AGUA
-48,387,-9,AGUA
-48,387,-8,AGUA
-43,84,-16,AGUA
-44,1624,-16,AGUA
-46,330,-16,AGUA
-48,627,-4,AGUA
-40,392,-16,AGUA
-48,627,-3,AGUA
-48,627,-2,AGUA
-48,627,-1,AGUA
-48,627,-8,AGUA
-48,627,-7,AGUA
-48,627,-6,AGUA
-48,627,-5,AGUA
-46,306,-16,AGUA
-48,627,-9,AGUA
-44,486,-16,AGUA
-48,94,-16,AGUA
-48,375,-9,AGUA
-48,375,-7,AGUA
-48,375,-8,AGUA
-42,1008,-16,AGUA
-40,2,-16,AGUA
-46,1368,-16,AGUA
-47,1800,-16,AGUA
-33,1681,-2,AGUA
-48,639,-4,AGUA
-48,387,-1,AGUA
-48,639,-5,AGUA
-48,639,-2,AGUA
-48,387,-3,AGUA
-48,387,-2,AGUA
-48,639,-3,AGUA
-48,387,-5,AGUA
-48,639,-8,AGUA
-48,1502,-16,AGUA
-48,387,-4,AGUA
-48,639,-9,AGUA
-45,356,-16,AGUA
-48,639,-6,AGUA
-48,387,-7,AGUA
-48,387,-6,AGUA
-48,639,-7,AGUA
-40,500,-16,AGUA
-43,724,-16,AGUA
-40,402,-16,AGUA
-45,258,-16,AGUA
-48,791,-16,AGUA
-48,639,-1,AGUA
-48,363,-5,AGUA
-45,1110,-16,AGUA
-40,1583,-16,AGUA
-48,363,-4,AGUA
-48,363,-3,AGUA
-48,363,-2,AGUA
-45,1666,-16,AGUA
-45,282,-16,AGUA
-42,1800,-16,AGUA
-48,603,-4,AGUA
-48,603,-3,AGUA
-47,166,-16,AGUA
-48,603,-6,AGUA
-48,603,-5,AGUA
-47,842,-16,AGUA
-48,603,-2,AGUA
-42,937,-16,AGUA
-48,603,-1,AGUA
-42,498,-16,AGUA
-48,603,-8,AGUA
-48,603,-7,AGUA
-48,603,-9,AGUA
-48,351,-9,AGUA
-48,351,-5,AGUA
-48,351,-6,AGUA
-48,351,-7,AGUA
-48,351,-8,AGUA
-44,1150,-16,AGUA
-48,375,-2,AGUA
-44,520,-16,AGUA
-48,375,-5,AGUA
-48,375,-6,AGUA
-48,375,-3,AGUA
-48,375,-4,AGUA
-46,404,-16,AGUA
-43,448,-16,AGUA
-48,615,-4,AGUA
-48,615,-5,AGUA
-48,615,-6,AGUA
-48,615,-7,AGUA
-48,615,-1,AGUA
-48,615,-2,AGUA
-48,615,-3,AGUA
-48,116,-16,AGUA
-47,1613,-16,AGUA
-48,615,-8,AGUA
-48,615,-9,AGUA
-44,1126,-16,AGUA
-48,211,-10,AGUA
-47,1720,-16,AGUA
-48,211,-15,AGUA
-48,1655,-16,AGUA
-48,211,-13,AGUA
-48,211,-14,AGUA
-48,1486,-16,AGUA
-48,211,-11,AGUA
-48,211,-12,AGUA
-45,534,-16,AGUA
-42,212,-16,AGUA
-47,1361,-16,AGUA
-45,0,-16,AGUA
-46,296,-16,AGUA
-40,890,-16,AGUA
-48,363,-9,AGUA
-42,187,-16,AGUA
-48,363,-8,AGUA
-48,363,-7,AGUA
-40,1101,-16,AGUA
-48,363,-6,AGUA
-48,269,-15,AGUA
-48,338,-1,AGUA
-48,269,-14,AGUA
-48,269,-13,AGUA
-44,120,-16,AGUA
-48,269,-12,AGUA
-47,531,-16,AGUA
-48,269,-11,AGUA
-48,269,-10,AGUA
-33,1379,-2,AGUA
-40,297,-16,AGUA
-47,507,-16,AGUA
-40,900,-16,AGUA
-48,293,-10,AGUA
-48,293,-12,AGUA
-48,293,-11,AGUA
-48,293,-14,AGUA
-48,293,-13,AGUA
-48,293,-15,AGUA
-42,768,-16,AGUA
-40,866,-16,AGUA
-42,105,-16,AGUA
-40,958,-16,AGUA
-40,1361,-16,AGUA
-42,710,-16,AGUA
-48,351,-2,AGUA
-48,351,-3,AGUA
-48,351,-4,AGUA
-42,1302,-16,AGUA
-43,1474,-16,AGUA
-42,1115,-16,AGUA
-43,472,-16,AGUA
-42,1766,-16,AGUA
-48,314,-1,AGUA
-44,780,-16,AGUA
-43,250,-16,AGUA
-47,1115,-16,AGUA
-42,1292,-16,AGUA
-45,1192,-16,AGUA
-33,1367,-2,AGUA
-47,1337,-16,AGUA
-47,261,-16,AGUA
-47,735,-16,AGUA
-40,377,-16,AGUA
-33,1693,-2,AGUA
-42,676,-16,AGUA
-40,1761,-16,AGUA
-40,1168,-16,AGUA
-47,605,-16,AGUA
-48,367,-10,AGUA
-48,367,-12,AGUA
-48,367,-11,AGUA
-48,367,-14,AGUA
-48,367,-13,AGUA
-48,367,-15,AGUA
-40,484,-16,AGUA
-43,1074,-16,AGUA
-42,1530,-16,AGUA
-48,326,-1,AGUA
-43,1296,-16,AGUA
-42,310,-16,AGUA
-47,1099,-16,AGUA
-46,1448,-16,AGUA
-46,590,-16,AGUA
-40,1003,-16,AGUA
-45,1266,-16,AGUA
-43,1548,-16,AGUA
-43,546,-16,AGUA
-40,1396,-16,AGUA
-48,1747,-16,AGUA
-42,898,-16,AGUA
-44,854,-16,AGUA
-44,226,-16,AGUA
-47,661,-16,AGUA
-40,1289,-16,AGUA
-33,1101,-2,AGUA
-40,760,-16,AGUA
-44,250,-16,AGUA
-44,1354,-16,AGUA
-48,1321,-16,AGUA
-40,90,-16,AGUA
-40,1501,-16,AGUA
-45,44,-16,AGUA
-45,200,-16,AGUA
-33,1113,-2,AGUA
-48,507,-10,AGUA
-48,507,-12,AGUA
-48,507,-11,AGUA
-48,507,-14,AGUA
-48,507,-13,AGUA
-45,902,-16,AGUA
-48,507,-15,AGUA
-42,416,-16,AGUA
-43,178,-16,AGUA
-46,664,-16,AGUA
-40,34,-16,AGUA
-48,522,-16,AGUA
-43,1344,-16,AGUA
-47,1695,-16,AGUA
-43,1442,-16,AGUA
-43,1418,-16,AGUA
-40,1631,-16,AGUA
-47,1197,-16,AGUA
-44,152,-16,AGUA
-48,1762,-16,AGUA
-47,474,-16,AGUA
-42,440,-16,AGUA
-42,546,-16,AGUA
-42,1432,-16,AGUA
-42,1408,-16,AGUA
-44,380,-16,AGUA
-42,603,-16,AGUA
-47,589,-16,AGUA
-33,691,-2,AGUA
-46,1318,-16,AGUA
-40,132,-16,AGUA
-46,712,-16,AGUA
-42,970,-16,AGUA
-40,606,-16,AGUA
-42,342,-16,AGUA
-43,1214,-16,AGUA
-33,1607,-2,AGUA
-40,688,-16,AGUA
-44,356,-16,AGUA
-42,1506,-16,AGUA
-40,1314,-16,AGUA
-47,1597,-16,AGUA
-48,637,-15,AGUA
-48,637,-12,AGUA
-48,637,-11,AGUA
-46,1472,-16,AGUA
-48,637,-14,AGUA
-48,637,-13,AGUA
-40,630,-16,AGUA
-48,637,-10,AGUA
-46,794,-16,AGUA
-40,532,-16,AGUA
-33,1619,-2,AGUA
-40,1429,-16,AGUA
-47,972,-16,AGUA
-47,344,-16,AGUA
-42,1790,-16,AGUA
-42,570,-16,AGUA
-43,1572,-16,AGUA
-47,818,-16,AGUA
-44,1280,-16,AGUA
-45,1690,-16,AGUA
-42,1032,-16,AGUA
-40,1085,-16,AGUA
-40,1559,-16,AGUA
-45,1406,-16,AGUA
-44,1754,-16,AGUA
-46,28,-16,AGUA
-46,166,-16,AGUA
-43,578,-16,AGUA
-44,984,-16,AGUA
-48,1134,-16,AGUA
-48,399,-9,AGUA
-33,479,-2,AGUA
-47,459,-16,AGUA
-45,404,-16,AGUA
-47,1067,-16,AGUA
-44,1342,-16,AGUA
-40,996,-16,AGUA
-42,90,-16,AGUA
-46,1248,-16,AGUA
-48,135,-2,AGUA
-48,135,-3,AGUA
-44,366,-16,AGUA
-48,135,-4,AGUA
-45,840,-16,AGUA
-48,135,-5,AGUA
-48,135,-6,AGUA
-48,135,-7,AGUA
-48,135,-8,AGUA
-48,123,-9,AGUA
-48,123,-8,AGUA
-47,118,-16,AGUA
-42,662,-16,AGUA
-47,1161,-16,AGUA
-40,852,-16,AGUA
-44,86,-16,AGUA
-43,604,-16,AGUA
-48,147,-9,AGUA
-48,147,-8,AGUA
-48,147,-7,AGUA
-48,147,-6,AGUA
-48,593,-9,AGUA
-48,147,-5,AGUA
-48,593,-8,AGUA
-48,147,-4,AGUA
-48,593,-7,AGUA
-48,147,-3,AGUA
-48,593,-6,AGUA
-48,147,-2,AGUA
-48,593,-5,AGUA
-40,426,-16,AGUA
-33,353,-2,AGUA
-48,135,-9,AGUA
-47,1717,-16,AGUA
-42,1386,-16,AGUA
-43,60,-16,AGUA
-42,333,-16,AGUA
-42,1136,-16,AGUA
-40,1230,-16,AGUA
-33,365,-2,AGUA
-47,1814,-16,AGUA
-47,970,-16,AGUA
-46,1674,-16,AGUA
-48,1677,-16,AGUA
-46,496,-16,AGUA
-48,160,-1,AGUA
-40,1277,-16,AGUA
-42,1492,-16,AGUA
-40,1383,-16,AGUA
-46,26,-16,AGUA
-44,1398,-16,AGUA
-42,1289,-16,AGUA
-48,1204,-16,AGUA
-45,1052,-16,AGUA
-48,639,-10,AGUA
-48,639,-12,AGUA
-48,639,-11,AGUA
-48,639,-14,AGUA
-48,639,-13,AGUA
-40,523,-16,AGUA
-48,639,-15,AGUA
-48,745,-16,AGUA
-47,224,-16,AGUA
-42,556,-16,AGUA
-44,1662,-16,AGUA
-48,1783,-16,AGUA
-46,1568,-16,AGUA
-48,159,-2,AGUA
-48,159,-9,AGUA
-48,159,-7,AGUA
-40,899,-16,AGUA
-48,159,-8,AGUA
-45,56,-16,AGUA
-48,159,-5,AGUA
-48,159,-6,AGUA
-33,377,-2,AGUA
-48,159,-3,AGUA
-44,792,-16,AGUA
-48,159,-4,AGUA
-47,1600,-16,AGUA
-40,1124,-16,AGUA
-48,153,-15,AGUA
-48,153,-14,AGUA
-48,153,-13,AGUA
-40,579,-16,AGUA
-48,153,-12,AGUA
-43,924,-16,AGUA
-48,153,-11,AGUA
-44,902,-16,AGUA
-48,153,-10,AGUA
-33,1453,-2,AGUA
-48,184,-1,AGUA
-33,389,-2,AGUA
-40,106,-16,AGUA
-45,1644,-16,AGUA
-48,319,-15,AGUA
-45,664,-16,AGUA
-48,319,-14,AGUA
-48,1560,-16,AGUA
-48,319,-11,AGUA
-44,686,-16,AGUA
-48,319,-10,AGUA
-48,319,-13,AGUA
-48,319,-12,AGUA
-48,172,-1,AGUA
-46,282,-16,AGUA
-47,1055,-16,AGUA
-42,389,-16,AGUA
-43,854,-16,AGUA
-42,982,-16,AGUA
-40,1619,-16,AGUA
-42,403,-16,AGUA
-42,1066,-16,AGUA
-45,520,-16,AGUA
-48,1037,-16,AGUA
-45,1538,-16,AGUA
-33,1441,-2,AGUA
-48,581,-4,AGUA
-48,581,-5,AGUA
-48,581,-6,AGUA
-48,581,-7,AGUA
-48,581,-8,AGUA
-48,581,-9,AGUA
-47,697,-16,AGUA
-43,1096,-16,AGUA
-33,1801,-2,AGUA
-46,1354,-16,AGUA
-48,49,-15,AGUA
-48,49,-14,AGUA
-48,49,-13,AGUA
-48,49,-12,AGUA
-48,49,-11,AGUA
-48,49,-10,AGUA
-44,472,-16,AGUA
-40,190,-16,AGUA
-47,32,-16,AGUA
-44,1078,-16,AGUA
-40,1453,-16,AGUA
-42,1172,-16,AGUA
-47,1278,-16,AGUA
-45,1372,-16,AGUA
-45,414,-16,AGUA
-48,593,-4,AGUA
-48,593,-3,AGUA
-48,593,-2,AGUA
-48,593,-1,AGUA
-48,425,-14,AGUA
-48,425,-15,AGUA
-46,176,-16,AGUA
-42,876,-16,AGUA
-45,308,-16,AGUA
-43,960,-16,AGUA
-40,1597,-16,AGUA
-33,1813,-2,AGUA
-48,196,-1,AGUA
-40,1347,-16,AGUA
-48,425,-10,AGUA
-43,710,-16,AGUA
-48,425,-11,AGUA
-48,581,-1,AGUA
-48,581,-2,AGUA
-48,425,-12,AGUA
-48,581,-3,AGUA
-48,425,-13,AGUA
-42,723,-16,AGUA
-33,827,-2,AGUA
-48,1240,-16,AGUA
-47,711,-16,AGUA
-43,640,-16,AGUA
-42,166,-16,AGUA
-46,62,-16,AGUA
-44,1306,-16,AGUA
-45,1324,-16,AGUA
-40,356,-16,AGUA
-43,1794,-16,AGUA
-43,1368,-16,AGUA
-42,54,-16,AGUA
-33,815,-2,AGUA
-43,24,-16,AGUA
-48,473,-13,AGUA
-48,473,-14,AGUA
-48,473,-15,AGUA
-48,473,-10,AGUA
-48,473,-11,AGUA
-48,473,-12,AGUA
-45,770,-16,AGUA
-43,214,-16,AGUA
-40,57,-16,AGUA
-46,1178,-16,AGUA
-40,1549,-16,AGUA
-45,450,-16,AGUA
-43,818,-16,AGUA
-47,1530,-16,AGUA
-42,925,-16,AGUA
-42,390,-16,AGUA
-47,377,-16,AGUA
-42,1553,-16,AGUA
-40,154,-16,AGUA
-33,839,-2,AGUA
-40,1667,-16,AGUA
-42,1611,-16,AGUA
-40,913,-16,AGUA
-46,1390,-16,AGUA
-47,864,-16,AGUA
-47,508,-16,AGUA
-47,580,-16,AGUA
-46,1034,-16,AGUA
-43,1166,-16,AGUA
-40,1620,-16,AGUA
-42,1658,-16,AGUA
-40,1752,-16,AGUA
-33,1093,-2,AGUA
-40,580,-16,AGUA
-45,628,-16,AGUA
-47,1647,-16,AGUA
-47,438,-16,AGUA
-33,1081,-2,AGUA
-42,508,-16,AGUA
-33,911,-2,AGUA
-45,1442,-16,AGUA
-40,10,-16,AGUA
-48,258,-16,AGUA
-47,1433,-16,AGUA
-47,1019,-16,AGUA
-44,1732,-16,AGUA
-33,923,-2,AGUA
-42,236,-16,AGUA
-46,1638,-16,AGUA
-48,543,-13,AGUA
-48,543,-14,AGUA
-48,543,-15,AGUA
-48,543,-10,AGUA
-48,543,-11,AGUA
-48,543,-12,AGUA
-40,782,-16,AGUA
-42,1728,-16,AGUA
-42,42,-16,AGUA
-47,1375,-16,AGUA
-40,1550,-16,AGUA
-42,1456,-16,AGUA
-48,111,-2,AGUA
-42,178,-16,AGUA
-48,111,-5,AGUA
-48,111,-6,AGUA
-48,111,-3,AGUA
-48,111,-4,AGUA
-47,650,-16,AGUA
-44,30,-16,AGUA
-42,592,-16,AGUA
-48,111,-9,AGUA
-48,111,-7,AGUA
-48,111,-8,AGUA
-48,50,-16,AGUA
-33,341,-2,AGUA
-48,1629,-16,AGUA
-40,1063,-16,AGUA
-48,123,-3,AGUA
-48,123,-2,AGUA
-48,123,-5,AGUA
-48,123,-4,AGUA
-48,123,-7,AGUA
-48,123,-6,AGUA
-33,935,-2,AGUA
-47,1231,-16,AGUA
-48,959,-16,AGUA
-44,994,-16,AGUA
-40,368,-16,AGUA
-46,74,-16,AGUA
-33,959,-2,AGUA
-40,1408,-16,AGUA
-45,212,-16,AGUA
-33,947,-2,AGUA
-46,128,-16,AGUA
-42,711,-16,AGUA
-47,1266,-16,AGUA
-46,830,-16,AGUA
-48,1252,-16,AGUA
-47,592,-16,AGUA
-45,1254,-16,AGUA
-42,758,-16,AGUA
-48,640,-16,AGUA
-44,318,-16,AGUA
-48,355,-10,AGUA
-48,355,-11,AGUA
-48,355,-12,AGUA
-43,806,-16,AGUA
-48,355,-13,AGUA
-48,355,-14,AGUA
-48,355,-15,AGUA
-42,864,-16,AGUA
-47,969,-16,AGUA
-47,44,-16,AGUA
-42,1078,-16,AGUA
-43,1430,-16,AGUA
-42,1018,-16,AGUA
-40,1488,-16,AGUA
-44,568,-16,AGUA
-40,78,-16,AGUA
-48,1309,-16,AGUA
-47,495,-16,AGUA
-48,188,-16,AGUA
-47,175,-16,AGUA
-46,448,-16,AGUA
-47,426,-16,AGUA
-48,781,-16,AGUA
-33,1333,-2,AGUA
-44,1034,-16,AGUA
-48,117,-10,AGUA
-48,117,-11,AGUA
-48,117,-12,AGUA
-48,117,-13,AGUA
-44,674,-16,AGUA
-47,934,-16,AGUA
-45,1574,-16,AGUA
-40,1075,-16,AGUA
-48,117,-14,AGUA
-48,117,-15,AGUA
-48,710,-16,AGUA
-33,1345,-2,AGUA
-44,1614,-16,AGUA
-42,354,-16,AGUA
-40,142,-16,AGUA
-46,378,-16,AGUA
-46,886,-16,AGUA
-43,912,-16,AGUA
-48,223,-15,AGUA
-48,223,-14,AGUA
-48,223,-13,AGUA
-48,223,-12,AGUA
-48,223,-11,AGUA
-48,223,-10,AGUA
-40,1728,-16,AGUA
-46,1556,-16,AGUA
-40,901,-16,AGUA
-46,900,-16,AGUA
-40,22,-16,AGUA
-48,675,-13,AGUA
-45,142,-16,AGUA
-48,675,-14,AGUA
-48,675,-15,AGUA
-47,913,-16,AGUA
-48,675,-10,AGUA
-47,662,-16,AGUA
-48,675,-11,AGUA
-48,294,-16,AGUA
-48,675,-12,AGUA
-44,1140,-16,AGUA
-48,202,-16,AGUA
-47,1659,-16,AGUA
-43,402,-16,AGUA
-42,828,-16,AGUA
-46,1662,-16,AGUA
-33,803,-2,AGUA
-44,164,-16,AGUA
-44,638,-16,AGUA
-33,1369,-2,AGUA
-45,616,-16,AGUA
-45,1122,-16,AGUA
-42,1444,-16,AGUA
-44,1508,-16,AGUA
-45,722,-16,AGUA
-47,260,-16,AGUA
-48,604,-16,AGUA
-48,696,-16,AGUA
-45,1680,-16,AGUA
-47,899,-16,AGUA
-46,484,-16,AGUA
-45,92,-16,AGUA
-33,1357,-2,AGUA
-47,649,-16,AGUA
-43,12,-16,AGUA
-47,828,-16,AGUA
-40,1432,-16,AGUA
-45,1016,-16,AGUA
-44,1210,-16,AGUA
-40,961,-16,AGUA
-40,414,-16,AGUA
-45,948,-16,AGUA
-33,587,-2,AGUA
-42,1374,-16,AGUA
-40,1371,-16,AGUA
-45,972,-16,AGUA
-47,80,-16,AGUA
-48,267,-2,AGUA
-48,267,-3,AGUA
-48,267,-4,AGUA
-45,344,-16,AGUA
-48,267,-5,AGUA
-48,267,-6,AGUA
-48,267,-7,AGUA
-48,267,-8,AGUA
-47,1327,-16,AGUA
-42,1303,-16,AGUA
-48,507,-4,AGUA
-48,507,-5,AGUA
-48,507,-2,AGUA
-48,507,-3,AGUA
-40,1300,-16,AGUA
-48,507,-8,AGUA
-48,507,-9,AGUA
-48,507,-6,AGUA
-48,507,-7,AGUA
-48,267,-9,AGUA
-48,507,-1,AGUA
-40,259,-16,AGUA
-47,154,-16,AGUA
-46,1082,-16,AGUA
-42,1505,-16,AGUA
-48,279,-9,AGUA
-48,279,-8,AGUA
-48,279,-7,AGUA
-48,279,-6,AGUA
-48,279,-5,AGUA
-48,279,-4,AGUA
-48,279,-3,AGUA
-40,1773,-16,AGUA
-48,279,-2,AGUA
-46,1686,-16,AGUA
-48,1795,-16,AGUA
-33,563,-2,AGUA
-47,1196,-16,AGUA
-43,534,-16,AGUA
-47,556,-16,AGUA
-47,532,-16,AGUA
-44,296,-16,AGUA
-40,887,-16,AGUA
-40,1145,-16,AGUA
-47,1753,-16,AGUA
-33,599,-2,AGUA
-47,1529,-16,AGUA
-47,1598,-16,AGUA
-45,1218,-16,AGUA
-46,14,-16,AGUA
-42,641,-16,AGUA
-45,746,-16,AGUA
-48,280,-1,AGUA
-44,1010,-16,AGUA
-45,1750,-16,AGUA
-42,1776,-16,AGUA
-47,758,-16,AGUA
-33,575,-2,AGUA
-43,332,-16,AGUA
-47,1551,-16,AGUA
-40,1502,-16,AGUA
-47,1729,-16,AGUA
-47,330,-16,AGUA
-46,1284,-16,AGUA
-44,1412,-16,AGUA
-40,544,-16,AGUA
-40,807,-16,AGUA
-48,292,-1,AGUA
-43,1486,-16,AGUA
-47,1481,-16,AGUA
-42,1031,-16,AGUA
-42,888,-16,AGUA
-33,1597,-2,AGUA
-40,676,-16,AGUA
-43,1702,-16,AGUA
-40,203,-16,AGUA
-40,605,-16,AGUA
-40,118,-16,AGUA
-43,936,-16,AGUA
-40,1015,-16,AGUA
-47,1683,-16,AGUA
-43,1084,-16,AGUA
-40,189,-16,AGUA
-40,831,-16,AGUA
-33,1585,-2,AGUA
-42,617,-16,AGUA
-42,284,-16,AGUA
-40,746,-16,AGUA
-43,1688,-16,AGUA
-47,1612,-16,AGUA
-40,474,-16,AGUA
-47,1210,-16,AGUA
-42,1233,-16,AGUA
-46,1486,-16,AGUA
-33,1561,-2,AGUA
-48,71,-10,AGUA
-48,71,-12,AGUA
-48,71,-11,AGUA
-48,71,-14,AGUA
-48,71,-13,AGUA
-48,71,-15,AGUA
-47,20,-16,AGUA
-47,1125,-16,AGUA
-43,1500,-16,AGUA
-33,551,-2,AGUA
-33,1573,-2,AGUA
-42,771,-16,AGUA
-42,486,-16,AGUA
-44,698,-16,AGUA
-48,519,-2,AGUA
-48,519,-1,AGUA
-48,519,-4,AGUA
-48,519,-3,AGUA
-48,519,-6,AGUA
-48,519,-5,AGUA
-48,519,-8,AGUA
-48,519,-7,AGUA
-48,519,-9,AGUA
-47,1396,-16,AGUA
-43,1300,-16,AGUA
-42,1707,-16,AGUA
-43,72,-16,AGUA
-42,415,-16,AGUA
-40,948,-16,AGUA
-42,1148,-16,AGUA
-48,7,-9,AGUA
-48,7,-7,AGUA
-48,7,-8,AGUA
-48,7,-5,AGUA
-48,7,-6,AGUA
-48,7,-3,AGUA
-48,7,-4,AGUA
-48,7,-2,AGUA
-45,816,-16,AGUA
-46,578,-16,AGUA
-45,80,-16,AGUA
-44,1318,-16,AGUA
-42,154,-16,AGUA
-46,202,-16,AGUA
-40,1312,-16,AGUA
-45,1134,-16,AGUA
-47,142,-16,AGUA
-42,913,-16,AGUA
-45,1312,-16,AGUA
-40,1785,-16,AGUA
-45,332,-16,AGUA
-47,626,-16,AGUA
-46,50,-16,AGUA
-47,901,-16,AGUA
-40,925,-16,AGUA
-43,1178,-16,AGUA
-47,1243,-16,AGUA
-48,413,-14,AGUA
-48,413,-13,AGUA
-48,413,-12,AGUA
-48,413,-11,AGUA
-48,413,-10,AGUA
-48,663,-13,AGUA
-48,663,-12,AGUA
-48,663,-11,AGUA
-48,663,-10,AGUA
-48,663,-15,AGUA
-48,388,-16,AGUA
-48,663,-14,AGUA
-47,1563,-16,AGUA
-46,1700,-16,AGUA
-47,1741,-16,AGUA
-48,413,-15,AGUA
-43,522,-16,AGUA
-44,768,-16,AGUA
-40,344,-16,AGUA
-48,400,-1,AGUA
-46,1166,-16,AGUA
-45,154,-16,AGUA
-42,958,-16,AGUA
-40,1810,-16,AGUA
-42,735,-16,AGUA
-43,36,-16,AGUA
-40,1562,-16,AGUA
-48,412,-1,AGUA
-43,1356,-16,AGUA
-44,284,-16,AGUA
-47,1340,-16,AGUA
-40,450,-16,AGUA
-42,1421,-16,AGUA
-48,1275,-16,AGUA
-33,1139,-2,AGUA
-48,1025,-16,AGUA
-45,1632,-16,AGUA
-42,474,-16,AGUA
-47,876,-16,AGUA
-33,1115,-2,AGUA
-42,296,-16,AGUA
-47,1493,-16,AGUA
-44,1816,-16,AGUA
-40,1632,-16,AGUA
-47,295,-16,AGUA
-42,1574,-16,AGUA
-40,486,-16,AGUA
-40,1740,-16,AGUA
-47,462,-16,AGUA
-33,1127,-2,AGUA
-40,45,-16,AGUA
-43,344,-16,AGUA
-47,1209,-16,AGUA
-43,1498,-16,AGUA
-40,1051,-16,AGUA
-46,700,-16,AGUA
-42,1209,-16,AGUA
-42,1101,-16,AGUA
-42,805,-16,AGUA
-42,260,-16,AGUA
-47,1020,-16,AGUA
-43,1676,-16,AGUA
-48,1689,-16,AGUA
-42,697,-16,AGUA
-40,664,-16,AGUA
-47,1671,-16,AGUA
-40,1526,-16,AGUA
-47,1421,-16,AGUA
-43,202,-16,AGUA
-48,510,-16,AGUA
-33,1103,-2,AGUA
-42,1196,-16,AGUA
-47,56,-16,AGUA
-40,236,-16,AGUA
-40,511,-16,AGUA
-42,190,-16,AGUA
-47,1777,-16,AGUA
-48,255,-9,AGUA
-48,255,-8,AGUA
-48,255,-3,AGUA
-48,255,-2,AGUA
-48,255,-5,AGUA
-45,224,-16,AGUA
-48,255,-4,AGUA
-48,255,-7,AGUA
-48,255,-6,AGUA
-43,414,-16,AGUA
-42,1351,-16,AGUA
-47,1173,-16,AGUA
-40,283,-16,AGUA
-44,176,-16,AGUA
-48,243,-9,AGUA
-48,243,-7,AGUA
-48,243,-8,AGUA
-48,1167,-16,AGUA
-42,1326,-16,AGUA
-44,1330,-16,AGUA
-46,1236,-16,AGUA
-47,308,-16,AGUA
-33,221,-2,AGUA
-45,68,-16,AGUA
-42,794,-16,AGUA
-48,243,-2,AGUA
-42,224,-16,AGUA
-48,243,-5,AGUA
-40,1420,-16,AGUA
-48,243,-6,AGUA
-40,1395,-16,AGUA
-48,243,-3,AGUA
-48,243,-4,AGUA
-48,1216,-16,AGUA
-48,1500,-16,AGUA
-40,1265,-16,AGUA
-48,231,-5,AGUA
-48,231,-4,AGUA
-48,231,-3,AGUA
-48,231,-2,AGUA
-45,1242,-16,AGUA
-42,1480,-16,AGUA
-47,1148,-16,AGUA
-33,233,-2,AGUA
-42,366,-16,AGUA
-48,829,-16,AGUA
-33,1791,-2,AGUA
-42,852,-16,AGUA
-42,30,-16,AGUA
-48,231,-9,AGUA
-48,231,-8,AGUA
-48,231,-7,AGUA
-48,231,-6,AGUA
-33,245,-2,AGUA
-42,1671,-16,AGUA
-48,555,-13,AGUA
-48,555,-12,AGUA
-48,555,-15,AGUA
-48,555,-14,AGUA
-45,852,-16,AGUA
-48,555,-11,AGUA
-48,555,-10,AGUA
-40,984,-16,AGUA
-48,206,-1,AGUA
-45,1454,-16,AGUA
-46,472,-16,AGUA
-48,1498,-16,AGUA
-33,269,-2,AGUA
-44,1530,-16,AGUA
-40,769,-16,AGUA
-45,652,-16,AGUA
-48,1714,-16,AGUA
-44,1588,-16,AGUA
-48,218,-1,AGUA
-47,993,-16,AGUA
-42,1256,-16,AGUA
-48,343,-10,AGUA
-40,1465,-16,AGUA
-48,343,-15,AGUA
-48,343,-14,AGUA
-47,780,-16,AGUA
-48,343,-13,AGUA
-48,343,-12,AGUA
-48,343,-11,AGUA
-45,1728,-16,AGUA
-33,257,-2,AGUA
-40,1809,-16,AGUA
-45,710,-16,AGUA
-44,1460,-16,AGUA
-46,1366,-16,AGUA
-48,616,-16,AGUA
-42,579,-16,AGUA
-42,994,-16,AGUA
-48,37,-10,AGUA
-42,1799,-16,AGUA
-45,1384,-16,AGUA
-48,37,-15,AGUA
-48,37,-13,AGUA
-48,886,-16,AGUA
-48,37,-14,AGUA
-48,37,-11,AGUA
-48,37,-12,AGUA
-42,521,-16,AGUA
-42,1541,-16,AGUA
-40,711,-16,AGUA
-43,842,-16,AGUA
-40,166,-16,AGUA
-45,782,-16,AGUA
-43,1392,-16,AGUA
-47,1304,-16,AGUA
-40,380,-16,AGUA
-48,485,-13,AGUA
-48,485,-12,AGUA
-43,900,-16,AGUA
-48,485,-15,AGUA
-48,485,-14,AGUA
-48,485,-11,AGUA
-48,485,-10,AGUA
-47,723,-16,AGUA
-47,365,-16,AGUA
-44,662,-16,AGUA
-42,321,-16,AGUA
-46,1794,-16,AGUA
-42,1741,-16,AGUA
-40,449,-16,AGUA
-45,1738,-16,AGUA
-40,295,-16,AGUA
-44,4,-16,AGUA
-48,1155,-16,AGUA
-47,568,-16,AGUA
-48,1430,-16,AGUA
-43,1298,-16,AGUA
-47,1088,-16,AGUA
-47,1363,-16,AGUA
-46,698,-16,AGUA
-45,960,-16,AGUA
-47,1339,-16,AGUA
-40,321,-16,AGUA
-45,758,-16,AGUA
-42,18,-16,AGUA
-48,1760,-16,AGUA
-46,1296,-16,AGUA
-42,107,-16,AGUA
-40,1181,-16,AGUA
-45,1408,-16,AGUA
-47,746,-16,AGUA
-44,1400,-16,AGUA
-45,1762,-16,AGUA
-40,1335,-16,AGUA
-48,1406,-16,AGUA
-42,1586,-16,AGUA
-33,1211,-2,AGUA
-48,863,-16,AGUA
-48,14,-16,AGUA
-42,1764,-16,AGUA
-43,972,-16,AGUA
-43,628,-16,AGUA
-45,462,-16,AGUA
-42,1290,-16,AGUA
-42,259,-16,AGUA
-48,839,-16,AGUA
-45,438,-16,AGUA
-42,1113,-16,AGUA
-44,700,-16,AGUA
-45,936,-16,AGUA
-47,1517,-16,AGUA
-46,1474,-16,AGUA
-42,451,-16,AGUA
-40,1112,-16,AGUA
-40,794,-16,AGUA
-47,520,-16,AGUA
-43,1072,-16,AGUA
-40,226,-16,AGUA
-47,770,-16,AGUA
-47,318,-16,AGUA
-48,282,-16,AGUA
-44,1222,-16,AGUA
-46,806,-16,AGUA
-48,1110,-16,AGUA
-47,248,-16,AGUA
-47,1043,-16,AGUA
-45,508,-16,AGUA
-40,1655,-16,AGUA
-40,0,-16,AGUA
-42,1694,-16,AGUA
-40,390,-16,AGUA
-43,1048,-16,AGUA
-48,1475,-16,AGUA
-40,699,-16,AGUA
-44,1720,-16,AGUA
-42,1221,-16,AGUA
-48,83,-10,AGUA
-48,83,-11,AGUA
-47,1802,-16,AGUA
-40,641,-16,AGUA
-48,83,-14,AGUA
-48,83,-15,AGUA
-48,83,-12,AGUA
-48,83,-13,AGUA
-44,1650,-16,AGUA
-40,556,-16,AGUA
-42,427,-16,AGUA
-47,1113,-16,AGUA
-47,840,-16,AGUA
-42,1802,-16,AGUA
-44,888,-16,AGUA
-45,1668,-16,AGUA
-42,1517,-16,AGUA
-46,1046,-16,AGUA
-33,695,-2,AGUA
-42,1266,-16,AGUA
-43,652,-16,AGUA
-47,1409,-16,AGUA
-33,671,-2,AGUA
-43,948,-16,AGUA
-48,1653,-16,AGUA
-42,1043,-16,AGUA
-42,605,-16,AGUA
-47,1586,-16,AGUA
-47,19,-16,AGUA
-47,1078,-16,AGUA
-43,1110,-16,AGUA
-33,683,-2,AGUA
-42,131,-16,AGUA
-48,769,-16,AGUA
-40,864,-16,AGUA
-48,485,-4,AGUA
-48,485,-3,AGUA
-48,485,-6,AGUA
-48,485,-5,AGUA
-48,485,-2,AGUA
-48,485,-1,AGUA
-43,1240,-16,AGUA
-48,473,-8,AGUA
-46,640,-16,AGUA
-48,473,-9,AGUA
-48,473,-6,AGUA
-42,189,-16,AGUA
-48,473,-7,AGUA
-48,473,-4,AGUA
-48,473,-5,AGUA
-45,402,-16,AGUA
-48,473,-2,AGUA
-48,473,-3,AGUA
-48,473,-1,AGUA
-48,485,-8,AGUA
-33,609,-2,AGUA
-48,485,-7,AGUA
-48,485,-9,AGUA
-46,164,-16,AGUA
-46,86,-16,AGUA
-48,497,-4,AGUA
-48,497,-5,AGUA
-48,497,-6,AGUA
-48,497,-7,AGUA
-48,497,-1,AGUA
-48,497,-2,AGUA
-48,497,-3,AGUA
-42,78,-16,AGUA
-48,461,-9,AGUA
-48,461,-8,AGUA
-48,461,-7,AGUA
-48,461,-6,AGUA
-48,461,-5,AGUA
-44,958,-16,AGUA
-44,1780,-16,AGUA
-40,1218,-16,AGUA
-46,792,-16,AGUA
-48,461,-4,AGUA
-48,461,-3,AGUA
-48,461,-2,AGUA
-48,461,-1,AGUA
-48,578,-16,AGUA
-42,948,-16,AGUA
-48,497,-8,AGUA
-48,497,-9,AGUA
-45,1064,-16,AGUA
-40,1087,-16,AGUA
-47,816,-16,AGUA
-44,758,-16,AGUA
-45,1692,-16,AGUA
-47,212,-16,AGUA
-42,201,-16,AGUA
-33,1729,-2,AGUA
-48,448,-16,AGUA
-42,1647,-16,AGUA
-44,98,-16,AGUA
-44,484,-16,AGUA
-47,1456,-16,AGUA
-42,674,-16,AGUA
-48,924,-16,AGUA
-48,450,-16,AGUA
-33,1717,-2,AGUA
-46,638,-16,AGUA
-48,165,-10,AGUA
-48,165,-11,AGUA
-48,165,-12,AGUA
-48,165,-13,AGUA
-48,105,-10,AGUA
-48,165,-14,AGUA
-48,165,-15,AGUA
-48,105,-14,AGUA
-43,1714,-16,AGUA
-48,105,-13,AGUA
-48,105,-12,AGUA
-48,105,-11,AGUA
-48,105,-15,AGUA
-44,1756,-16,AGUA
-40,734,-16,AGUA
-47,1624,-16,AGUA
-40,260,-16,AGUA
-47,403,-16,AGUA
-42,1479,-16,AGUA
-42,1090,-16,AGUA
-47,685,-16,AGUA
-44,982,-16,AGUA
-45,1004,-16,AGUA
-40,1027,-16,AGUA
-44,1626,-16,AGUA
-40,130,-16,AGUA
-46,898,-16,AGUA
-48,424,-1,AGUA
-40,617,-16,AGUA
-48,1536,-16,AGUA
-46,294,-16,AGUA
-33,1465,-2,AGUA
-47,272,-16,AGUA
-44,1022,-16,AGUA
-45,1608,-16,AGUA
-44,828,-16,AGUA
-33,1705,-2,AGUA
-45,806,-16,AGUA
-47,1469,-16,AGUA
-47,616,-16,AGUA
-43,722,-16,AGUA
-48,793,-16,AGUA
-33,1477,-2,AGUA
-47,187,-16,AGUA
-46,568,-16,AGUA
-48,520,-16,AGUA
-40,1585,-16,AGUA
-42,1006,-16,AGUA
-47,342,-16,AGUA
-46,510,-16,AGUA
-42,65,-16,AGUA
-42,544,-16,AGUA
-45,1562,-16,AGUA
-42,1634,-16,AGUA
-33,1489,-2,AGUA
-48,509,-12,AGUA
-48,509,-11,AGUA
-46,710,-16,AGUA
-42,1160,-16,AGUA
-48,509,-14,AGUA
-48,509,-13,AGUA
-48,509,-10,AGUA
-47,946,-16,AGUA
-48,509,-15,AGUA
-44,354,-16,AGUA
-46,1544,-16,AGUA
-44,1152,-16,AGUA
-47,79,-16,AGUA
-48,378,-16,AGUA
-40,1157,-16,AGUA
-46,768,-16,AGUA
-40,1716,-16,AGUA
-48,320,-16,AGUA
-40,1242,-16,AGUA
-48,235,-10,AGUA
-48,235,-11,AGUA
-48,235,-12,AGUA
-48,235,-13,AGUA
-48,235,-14,AGUA
-48,235,-15,AGUA
-46,1070,-16,AGUA
-45,532,-16,AGUA
-42,308,-16,AGUA
-42,1161,-16,AGUA
-43,426,-16,AGUA
-46,1426,-16,AGUA
-44,544,-16,AGUA
-47,1386,-16,AGUA
-44,188,-16,AGUA
-47,1742,-16,AGUA
-48,414,-16,AGUA
-33,1129,-2,AGUA
-47,21,-16,AGUA
-33,729,-2,AGUA
-47,769,-16,AGUA
-42,1717,-16,AGUA
-40,1811,-16,AGUA
-46,248,-16,AGUA
-33,1599,-2,AGUA
-47,722,-16,AGUA
-47,366,-16,AGUA
-40,1561,-16,AGUA
-46,604,-16,AGUA
-48,484,-16,AGUA
-45,1786,-16,AGUA
-42,734,-16,AGUA
-42,378,-16,AGUA
-48,817,-16,AGUA
-43,496,-16,AGUA
-33,705,-2,AGUA
-43,1630,-16,AGUA
-47,1539,-16,AGUA
-45,556,-16,AGUA
-44,1590,-16,AGUA
-46,1496,-16,AGUA
-48,1096,-16,AGUA
-48,164,-16,AGUA
-47,792,-16,AGUA
-44,118,-16,AGUA
-33,1587,-2,AGUA
-46,354,-16,AGUA
-33,1105,-2,AGUA
-33,1117,-2,AGUA
-33,717,-2,AGUA
-42,1564,-16,AGUA
-33,499,-2,AGUA
-45,1716,-16,AGUA
-40,248,-16,AGUA
-44,224,-16,AGUA
-40,924,-16,AGUA
-48,1179,-16,AGUA
-33,1575,-2,AGUA
-47,875,-16,AGUA
-48,331,-10,AGUA
-48,331,-11,AGUA
-42,261,-16,AGUA
-48,331,-14,AGUA
-48,331,-15,AGUA
-48,331,-12,AGUA
-48,331,-13,AGUA
-42,1208,-16,AGUA
-42,628,-16,AGUA
-33,487,-2,AGUA
-48,1346,-16,AGUA
-44,1200,-16,AGUA
-33,1191,-2,AGUA
-43,746,-16,AGUA
-47,805,-16,AGUA
-45,1466,-16,AGUA
-46,1106,-16,AGUA
-48,734,-16,AGUA
-46,4,-16,AGUA
-46,1782,-16,AGUA
-42,698,-16,AGUA
-45,1230,-16,AGUA
-48,567,-15,AGUA
-43,782,-16,AGUA
-47,449,-16,AGUA
-48,257,-4,AGUA
-48,257,-5,AGUA
-48,257,-2,AGUA
-48,257,-3,AGUA
-48,257,-8,AGUA
-48,257,-9,AGUA
-48,257,-6,AGUA
-48,257,-7,AGUA
-48,567,-13,AGUA
-48,567,-14,AGUA
-48,567,-11,AGUA
-33,475,-2,AGUA
-48,567,-12,AGUA
-48,567,-10,AGUA
-47,1422,-16,AGUA
-40,415,-16,AGUA
-44,1270,-16,AGUA
-40,1052,-16,AGUA
-43,1310,-16,AGUA
-48,245,-9,AGUA
-43,1274,-16,AGUA
-42,295,-16,AGUA
-45,1194,-16,AGUA
-47,555,-16,AGUA
-48,61,-10,AGUA
-48,61,-11,AGUA
-48,61,-12,AGUA
-48,61,-13,AGUA
-48,61,-14,AGUA
-48,61,-15,AGUA
-42,1350,-16,AGUA
-48,245,-4,AGUA
-48,245,-3,AGUA
-47,1492,-16,AGUA
-48,245,-2,AGUA
-48,245,-8,AGUA
-45,236,-16,AGUA
-48,245,-7,AGUA
-48,245,-6,AGUA
-48,245,-5,AGUA
-33,463,-2,AGUA
-48,1618,-16,AGUA
-48,233,-4,AGUA
-48,233,-5,AGUA
-48,233,-6,AGUA
-48,233,-7,AGUA
-48,233,-2,AGUA
-48,233,-3,AGUA
-42,1244,-16,AGUA
-42,225,-16,AGUA
-48,1452,-16,AGUA
-47,533,-16,AGUA
-44,830,-16,AGUA
-44,438,-16,AGUA
-48,295,-12,AGUA
-48,295,-11,AGUA
-48,295,-14,AGUA
-48,295,-13,AGUA
-43,1204,-16,AGUA
-48,295,-10,AGUA
-33,451,-2,AGUA
-45,592,-16,AGUA
-48,233,-8,AGUA
-48,233,-9,AGUA
-48,295,-15,AGUA
-42,31,-16,AGUA
-48,221,-4,AGUA
-47,1149,-16,AGUA
-48,221,-3,AGUA
-48,221,-6,AGUA
-48,221,-5,AGUA
-48,221,-2,AGUA
-40,1797,-16,AGUA
-42,1125,-16,AGUA
-48,221,-8,AGUA
-48,221,-7,AGUA
-45,1502,-16,AGUA
-48,221,-9,AGUA
-47,1505,-16,AGUA
-48,603,-14,AGUA
-48,603,-15,AGUA
-48,603,-12,AGUA
-48,603,-13,AGUA
-40,1324,-16,AGUA
-44,1234,-16,AGUA
-42,1753,-16,AGUA
-47,1102,-16,AGUA
-46,1462,-16,AGUA
-42,1397,-16,AGUA
-40,379,-16,AGUA
-45,828,-16,AGUA
-47,1706,-16,AGUA
-48,603,-10,AGUA
-48,603,-11,AGUA
-40,1525,-16,AGUA
-48,1772,-16,AGUA
-47,1172,-16,AGUA
-42,651,-16,AGUA
-44,202,-16,AGUA
-43,1238,-16,AGUA
-48,208,-1,AGUA
-46,1510,-16,AGUA
-48,1571,-16,AGUA
-40,841,-16,AGUA
-40,1394,-16,AGUA
-47,55,-16,AGUA
-42,1600,-16,AGUA
-40,640,-16,AGUA
-42,1195,-16,AGUA
-43,142,-16,AGUA
-47,450,-16,AGUA
-40,165,-16,AGUA
-43,1524,-16,AGUA
-44,260,-16,AGUA
-44,1804,-16,AGUA
-42,1481,-16,AGUA
-40,68,-16,AGUA
-33,791,-2,AGUA
-42,865,-16,AGUA
-44,864,-16,AGUA
-45,982,-16,AGUA
-47,43,-16,AGUA
-42,1670,-16,AGUA
-40,1608,-16,AGUA
-43,154,-16,AGUA
-40,451,-16,AGUA
-40,1739,-16,AGUA
-45,640,-16,AGUA
-43,1594,-16,AGUA
-42,450,-16,AGUA
-47,638,-16,AGUA
-40,652,-16,AGUA
-40,1336,-16,AGUA
-40,367,-16,AGUA
-47,1776,-16,AGUA
-46,674,-16,AGUA
-40,1135,-16,AGUA
-42,1598,-16,AGUA
-47,1303,-16,AGUA
-42,1327,-16,AGUA
-47,994,-16,AGUA
-48,971,-16,AGUA
-45,912,-16,AGUA
-47,1575,-16,AGUA
-42,1528,-16,AGUA
-40,568,-16,AGUA
-42,936,-16,AGUA
-48,615,-10,AGUA
-43,698,-16,AGUA
-33,11,-2,AGUA
-43,1808,-16,AGUA
-48,353,-4,AGUA
-48,353,-3,AGUA
-48,353,-6,AGUA
-42,1765,-16,AGUA
-48,353,-5,AGUA
-48,353,-2,AGUA
-47,1114,-16,AGUA
-47,521,-16,AGUA
-48,341,-8,AGUA
-42,782,-16,AGUA
-48,341,-9,AGUA
-48,341,-6,AGUA
-48,341,-7,AGUA
-42,43,-16,AGUA
-48,365,-4,AGUA
-42,177,-16,AGUA
-48,365,-5,AGUA
-48,365,-6,AGUA
-48,365,-7,AGUA
-48,365,-2,AGUA
-46,876,-16,AGUA
-48,365,-3,AGUA
-44,592,-16,AGUA
-48,212,-16,AGUA
-48,605,-7,AGUA
-48,605,-8,AGUA
-48,605,-5,AGUA
-48,605,-6,AGUA
-45,1514,-16,AGUA
-48,605,-3,AGUA
-48,605,-4,AGUA
-40,876,-16,AGUA
-48,605,-1,AGUA
-48,605,-2,AGUA
-44,746,-16,AGUA
-48,605,-9,AGUA
-48,283,-12,AGUA
-48,283,-13,AGUA
-48,283,-14,AGUA
-47,1587,-16,AGUA
-48,283,-15,AGUA
-48,283,-10,AGUA
-47,165,-16,AGUA
-48,283,-11,AGUA
-42,1516,-16,AGUA
-40,1762,-16,AGUA
-48,353,-8,AGUA
-48,353,-7,AGUA
-40,972,-16,AGUA
-48,353,-9,AGUA
-42,130,-16,AGUA
-46,982,-16,AGUA
-33,23,-2,AGUA
-40,296,-16,AGUA
-40,1680,-16,AGUA
-33,101,-2,AGUA
-40,1656,-16,AGUA
-47,567,-16,AGUA
-43,1002,-16,AGUA
-48,328,-1,AGUA
-43,830,-16,AGUA
-42,106,-16,AGUA
-47,1540,-16,AGUA
-44,1116,-16,AGUA
-47,1338,-16,AGUA
-48,341,-4,AGUA
-48,341,-5,AGUA
-48,341,-2,AGUA
-48,341,-3,AGUA
-46,1580,-16,AGUA
-47,1434,-16,AGUA
-48,95,-10,AGUA
-42,462,-16,AGUA
-48,95,-15,AGUA
-48,95,-14,AGUA
-48,95,-13,AGUA
-42,1669,-16,AGUA
-48,95,-12,AGUA
-42,1007,-16,AGUA
-48,95,-11,AGUA
-42,1801,-16,AGUA
-48,13,-13,AGUA
-48,366,-16,AGUA
-48,13,-14,AGUA
-40,1477,-16,AGUA
-48,13,-15,AGUA
-47,604,-16,AGUA
-33,1683,-2,AGUA
-47,1221,-16,AGUA
-42,497,-16,AGUA
-33,1671,-2,AGUA
-48,532,-16,AGUA
-33,125,-2,AGUA
-42,1409,-16,AGUA
-48,13,-10,AGUA
-47,841,-16,AGUA
-48,13,-11,AGUA
-47,1694,-16,AGUA
-48,13,-12,AGUA
-46,1154,-16,AGUA
-45,544,-16,AGUA
-33,1695,-2,AGUA
-43,510,-16,AGUA
-47,1623,-16,AGUA
-44,272,-16,AGUA
-40,214,-16,AGUA
-33,149,-2,AGUA
-46,320,-16,AGUA
-44,1198,-16,AGUA
-40,793,-16,AGUA
-42,899,-16,AGUA
-44,236,-16,AGUA
-40,1004,-16,AGUA
-42,1042,-16,AGUA
-33,113,-2,AGUA
-48,617,-7,AGUA
-48,617,-6,AGUA
-48,617,-9,AGUA
-48,617,-8,AGUA
-48,617,-3,AGUA
-48,617,-2,AGUA
-48,617,-5,AGUA
-48,617,-4,AGUA
-47,247,-16,AGUA
-44,1708,-16,AGUA
-48,617,-1,AGUA
-48,316,-1,AGUA
-43,188,-16,AGUA
-40,1360,-16,AGUA
-48,1144,-16,AGUA
-46,1628,-16,AGUA
-40,1419,-16,AGUA
-45,320,-16,AGUA
-46,1260,-16,AGUA
-40,320,-16,AGUA
-44,1436,-16,AGUA
-42,426,-16,AGUA
-40,959,-16,AGUA
-46,556,-16,AGUA
-44,1542,-16,AGUA
-46,958,-16,AGUA
-48,130,-16,AGUA
-33,137,-2,AGUA
-48,629,-1,AGUA
-48,629,-2,AGUA
-48,629,-7,AGUA
-48,629,-8,AGUA
-48,629,-9,AGUA
-46,1734,-16,AGUA
-48,304,-1,AGUA
-48,629,-3,AGUA
-48,629,-4,AGUA
-48,629,-5,AGUA
-48,629,-6,AGUA
-47,354,-16,AGUA
-43,1582,-16,AGUA
-47,1351,-16,AGUA
-42,545,-16,AGUA
-40,1169,-16,AGUA
-33,1479,-2,AGUA
-45,1146,-16,AGUA
-43,462,-16,AGUA
-48,198,-1,AGUA
-40,485,-16,AGUA
-44,912,-16,AGUA
-47,130,-16,AGUA
-48,247,-11,AGUA
-48,247,-10,AGUA
-48,247,-13,AGUA
-48,247,-12,AGUA
-48,247,-15,AGUA
-48,247,-14,AGUA
-42,700,-16,AGUA
-43,438,-16,AGUA
-40,735,-16,AGUA
-45,674,-16,AGUA
-42,971,-16,AGUA
-48,186,-1,AGUA
-40,131,-16,AGUA
-33,1455,-2,AGUA
-44,510,-16,AGUA
-40,91,-16,AGUA
-45,248,-16,AGUA
-45,1348,-16,AGUA
-47,484,-16,AGUA
-45,272,-16,AGUA
-42,1278,-16,AGUA
-47,1255,-16,AGUA
-40,616,-16,AGUA
-47,958,-16,AGUA
-47,199,-16,AGUA
-40,1288,-16,AGUA
-45,1550,-16,AGUA
-40,687,-16,AGUA
-33,1443,-2,AGUA
-46,722,-16,AGUA
-40,533,-16,AGUA
-40,818,-16,AGUA
-33,1431,-2,AGUA
-40,1217,-16,AGUA
-46,1758,-16,AGUA
-43,260,-16,AGUA
-48,449,-10,AGUA
-48,449,-11,AGUA
-48,449,-14,AGUA
-48,449,-15,AGUA
-48,449,-12,AGUA
-48,449,-13,AGUA
-48,651,-10,AGUA
-48,651,-13,AGUA
-48,651,-14,AGUA
-48,651,-11,AGUA
-48,651,-12,AGUA
-48,651,-15,AGUA
-46,1188,-16,AGUA
-40,1573,-16,AGUA
-42,77,-16,AGUA
-47,213,-16,AGUA
-48,579,-15,AGUA
-48,579,-14,AGUA
-47,817,-16,AGUA
-43,734,-16,AGUA
-46,924,-16,AGUA
-42,1089,-16,AGUA
-42,1635,-16,AGUA
-44,496,-16,AGUA
-40,1086,-16,AGUA
-43,308,-16,AGUA
-42,213,-16,AGUA
-33,59,-2,AGUA
-43,1156,-16,AGUA
-42,1433,-16,AGUA
-47,402,-16,AGUA
-40,1100,-16,AGUA
-40,1241,-16,AGUA
-47,686,-16,AGUA
-47,1066,-16,AGUA
-48,106,-16,AGUA
-33,47,-2,AGUA
-42,686,-16,AGUA
-48,377,-9,AGUA
-45,118,-16,AGUA
-40,1443,-16,AGUA
-43,1558,-16,AGUA
-48,389,-4,AGUA
-48,389,-5,AGUA
-48,389,-2,AGUA
-47,1468,-16,AGUA
-48,389,-3,AGUA
-48,389,-8,AGUA
-48,389,-9,AGUA
-48,389,-6,AGUA
-48,389,-7,AGUA
-47,271,-16,AGUA
-48,389,-1,AGUA
-33,35,-2,AGUA
-45,1478,-16,AGUA
-42,343,-16,AGUA
-48,365,-8,AGUA
-48,365,-9,AGUA
-43,1286,-16,AGUA
-33,1467,-2,AGUA
-42,817,-16,AGUA
-47,1410,-16,AGUA
-46,1058,-16,AGUA
-33,1609,-2,AGUA
-43,106,-16,AGUA
-40,403,-16,AGUA
-40,33,-16,AGUA
-48,377,-4,AGUA
-48,377,-3,AGUA
-48,377,-2,AGUA
-48,377,-1,AGUA
-43,864,-16,AGUA
-48,377,-8,AGUA
-48,377,-7,AGUA
-48,377,-6,AGUA
-48,377,-5,AGUA
-47,91,-16,AGUA
-48,579,-13,AGUA
-48,579,-12,AGUA
-48,579,-11,AGUA
-48,579,-10,AGUA
-45,876,-16,AGUA
-48,55,-6,AGUA
-48,55,-7,AGUA
-48,55,-4,AGUA
-48,55,-5,AGUA
-48,55,-8,AGUA
-48,55,-9,AGUA
-42,66,-16,AGUA
-42,510,-16,AGUA
-48,55,-2,AGUA
-48,571,-3,AGUA
-48,55,-3,AGUA
-48,571,-4,AGUA
-48,571,-1,AGUA
-48,571,-2,AGUA
-46,1272,-16,AGUA
-42,1315,-16,AGUA
-46,1094,-16,AGUA
-43,450,-16,AGUA
-42,1137,-16,AGUA
-42,332,-16,AGUA
-47,1137,-16,AGUA
-44,390,-16,AGUA
-47,1315,-16,AGUA
-43,272,-16,AGUA
-44,1494,-16,AGUA
-48,67,-6,AGUA
-48,67,-5,AGUA
-48,67,-8,AGUA
-48,67,-7,AGUA
-48,67,-9,AGUA
-48,583,-1,AGUA
-48,67,-2,AGUA
-48,583,-3,AGUA
-48,583,-2,AGUA
-42,1788,-16,AGUA
-48,67,-4,AGUA
-48,583,-5,AGUA
-48,67,-3,AGUA
-48,583,-4,AGUA
-45,260,-16,AGUA
-47,1788,-16,AGUA
-44,142,-16,AGUA
-40,1359,-16,AGUA
-47,67,-16,AGUA
-48,571,-7,AGUA
-44,1744,-16,AGUA
-48,571,-8,AGUA
-48,571,-5,AGUA
-48,571,-6,AGUA
-48,571,-9,AGUA
-40,1715,-16,AGUA
-40,272,-16,AGUA
-48,1381,-16,AGUA
-40,1206,-16,AGUA
-48,595,-7,AGUA
-48,595,-8,AGUA
-33,1815,-2,AGUA
-48,595,-9,AGUA
-40,995,-16,AGUA
-44,1068,-16,AGUA
-40,522,-16,AGUA
-43,1428,-16,AGUA
-42,580,-16,AGUA
-48,5,-8,AGUA
-48,5,-7,AGUA
-48,5,-9,AGUA
-48,5,-4,AGUA
-48,5,-3,AGUA
-48,5,-6,AGUA
-48,5,-5,AGUA
-48,5,-2,AGUA
-40,497,-16,AGUA
-48,80,-1,AGUA
-48,583,-7,AGUA
-48,583,-6,AGUA
-48,583,-9,AGUA
-48,583,-8,AGUA
-42,663,-16,AGUA
-47,390,-16,AGUA
-46,1202,-16,AGUA
-42,1468,-16,AGUA
-48,1311,-16,AGUA
-48,79,-6,AGUA
-48,79,-7,AGUA
-48,79,-8,AGUA
-48,79,-9,AGUA
-44,1602,-16,AGUA
-42,1385,-16,AGUA
-48,595,-1,AGUA
-48,595,-2,AGUA
-48,79,-2,AGUA
-48,595,-3,AGUA
-48,79,-3,AGUA
-48,595,-4,AGUA
-48,79,-4,AGUA
-48,595,-5,AGUA
-48,79,-5,AGUA
-48,595,-6,AGUA
-44,320,-16,AGUA
-47,1718,-16,AGUA
-47,1635,-16,AGUA
-47,1457,-16,AGUA
-48,48,-16,AGUA
-46,1770,-16,AGUA
-33,355,-2,AGUA
-43,130,-16,AGUA
-40,1039,-16,AGUA
-40,1276,-16,AGUA
-40,1454,-16,AGUA
-40,355,-16,AGUA
-45,994,-16,AGUA
-33,367,-2,AGUA
-33,1803,-2,AGUA
-40,1704,-16,AGUA
-42,1646,-16,AGUA
-42,841,-16,AGUA
-43,1748,-16,AGUA
-40,592,-16,AGUA
-48,92,-1,AGUA
-40,936,-16,AGUA
-40,758,-16,AGUA
-45,1704,-16,AGUA
-40,700,-16,AGUA
-40,107,-16,AGUA
-46,864,-16,AGUA
-42,2,-16,AGUA
-33,379,-2,AGUA
-40,770,-16,AGUA
-48,1050,-16,AGUA
-47,153,-16,AGUA
-40,177,-16,AGUA
-45,1774,-16,AGUA
-48,805,-16,AGUA
-47,734,-16,AGUA
-42,983,-16,AGUA
-40,1193,-16,AGUA
-42,1730,-16,AGUA
-42,1729,-16,AGUA
-48,674,-16,AGUA
-42,1552,-16,AGUA
-48,496,-16,AGUA
-45,1596,-16,AGUA
-48,201,-11,AGUA
-48,201,-10,AGUA
-48,201,-13,AGUA
-48,201,-12,AGUA
-48,201,-15,AGUA
-47,1730,-16,AGUA
-47,106,-16,AGUA
-48,402,-16,AGUA
-48,201,-14,AGUA
-43,616,-16,AGUA
-46,1438,-16,AGUA
-45,1170,-16,AGUA
-46,38,-16,AGUA
-43,1464,-16,AGUA
-48,875,-16,AGUA
-40,1596,-16,AGUA
-33,849,-2,AGUA
-48,1417,-16,AGUA
-42,924,-16,AGUA
-33,0,-8,TOCHA
-42,769,-16,AGUA
-44,106,-16,AGUA
-33,0,-5,TOCHA
-45,924,-16,AGUA
-48,627,-10,AGUA
-48,627,-11,AGUA
-48,627,-12,AGUA
-48,627,-13,AGUA
-48,627,-14,AGUA
-48,627,-15,AGUA
-40,1751,-16,AGUA
-42,568,-16,AGUA
-45,1100,-16,AGUA
-43,686,-16,AGUA
-33,1237,-2,AGUA
-47,912,-16,AGUA
-47,176,-16,AGUA
-45,1526,-16,AGUA
-46,544,-16,AGUA
-44,1104,-16,AGUA
-48,1286,-16,AGUA
-48,1014,-16,AGUA
-40,438,-16,AGUA
-47,982,-16,AGUA
-46,686,-16,AGUA
-42,165,-16,AGUA
-40,1123,-16,AGUA
-44,604,-16,AGUA
-47,579,-16,AGUA
-33,1249,-2,AGUA
-48,271,-12,AGUA
-48,271,-11,AGUA
-40,1490,-16,AGUA
-48,271,-10,AGUA
-48,271,-15,AGUA
-45,366,-16,AGUA
-48,271,-14,AGUA
-48,271,-13,AGUA
-44,378,-16,AGUA
-33,1321,-2,AGUA
-48,1369,-16,AGUA
-42,1410,-16,AGUA
-48,544,-16,AGUA
-48,129,-14,AGUA
-48,129,-13,AGUA
-48,129,-15,AGUA
-43,770,-16,AGUA
-46,1592,-16,AGUA
-47,1031,-16,AGUA
-33,1201,-2,AGUA
-42,438,-16,AGUA
-43,556,-16,AGUA
-40,1691,-16,AGUA
-33,343,-2,AGUA
-47,236,-16,AGUA
-40,56,-16,AGUA
-47,651,-16,AGUA
-48,129,-10,AGUA
-48,129,-12,AGUA
-45,1098,-16,AGUA
-48,129,-11,AGUA
-42,1682,-16,AGUA
-44,876,-16,AGUA
-47,1232,-16,AGUA
-48,18,-1,AGUA
-42,1813,-16,AGUA
-47,0,-16,AGUA
-46,1308,-16,AGUA
-47,852,-16,AGUA
-45,1040,-16,AGUA
-40,1679,-16,AGUA
-46,130,-16,AGUA
-45,1028,-16,AGUA
-33,331,-2,AGUA
-45,580,-16,AGUA
-45,426,-16,AGUA
-46,188,-16,AGUA
-40,1621,-16,AGUA
-48,1642,-16,AGUA
-44,1246,-16,AGUA
-48,31,-6,AGUA
-40,853,-16,AGUA
-48,31,-7,AGUA
-48,31,-8,AGUA
-48,31,-9,AGUA
-48,31,-2,AGUA
-45,1656,-16,AGUA
-48,31,-3,AGUA
-48,31,-4,AGUA
-48,31,-5,AGUA
-33,1225,-2,AGUA
-47,437,-16,AGUA
-43,1322,-16,AGUA
-48,141,-15,AGUA
-48,141,-13,AGUA
-48,141,-14,AGUA
-48,141,-11,AGUA
-44,248,-16,AGUA
-48,141,-12,AGUA
-45,1182,-16,AGUA
-40,1537,-16,AGUA
-48,141,-10,AGUA
-48,43,-6,AGUA
-48,43,-5,AGUA
-48,43,-4,AGUA
-48,43,-3,AGUA
-48,43,-9,AGUA
-48,43,-8,AGUA
-44,734,-16,AGUA
-48,43,-7,AGUA
-33,1213,-2,AGUA
-42,509,-16,AGUA
-48,43,-2,AGUA
-47,1374,-16,AGUA
-48,199,-11,AGUA
-48,199,-10,AGUA
-45,496,-16,AGUA
-48,199,-15,AGUA
-48,199,-14,AGUA
-48,199,-13,AGUA
-48,199,-12,AGUA
-48,615,-15,AGUA
-48,615,-14,AGUA
-42,1054,-16,AGUA
-48,615,-13,AGUA
-48,615,-12,AGUA
-48,615,-11,AGUA
-46,1450,-16,AGUA
-46,1698,-16,AGUA
-43,876,-16,AGUA
-48,437,-10,AGUA
-48,437,-12,AGUA
-48,437,-11,AGUA
-48,259,-10,AGUA
-48,259,-13,AGUA
-48,259,-14,AGUA
-48,259,-11,AGUA
-48,259,-12,AGUA
-42,1540,-16,AGUA
-45,1360,-16,AGUA
-42,533,-16,AGUA
-45,1158,-16,AGUA
-42,1362,-16,AGUA
-48,1227,-16,AGUA
-42,89,-16,AGUA
-45,864,-16,AGUA
-48,437,-14,AGUA
-48,437,-13,AGUA
-48,437,-15,AGUA
-48,1073,-16,AGUA
-40,723,-16,AGUA
-47,591,-16,AGUA
-40,545,-16,AGUA
-40,1514,-16,AGUA
-40,806,-16,AGUA
-45,106,-16,AGUA
-40,1407,-16,AGUA
-40,628,-16,AGUA
-46,734,-16,AGUA
-46,912,-16,AGUA
-47,389,-16,AGUA
-48,1512,-16,AGUA
-43,8,-16,AGUA
-42,355,-16,AGUA
-44,1186,-16,AGUA
-42,1184,-16,AGUA
-47,1445,-16,AGUA
-45,1336,-16,AGUA
-47,674,-16,AGUA
-48,461,-15,AGUA
-48,461,-14,AGUA
-48,6,-16,AGUA
-48,259,-15,AGUA
-48,461,-13,AGUA
-48,461,-12,AGUA
-46,1378,-16,AGUA
-48,461,-11,AGUA
-48,461,-10,AGUA
-40,830,-16,AGUA
-42,1623,-16,AGUA
-42,1445,-16,AGUA
-47,1007,-16,AGUA
-48,935,-16,AGUA
-42,853,-16,AGUA
-43,1512,-16,AGUA
-33,813,-2,AGUA
-46,1118,-16,AGUA
-42,829,-16,AGUA
-48,25,-13,AGUA
-48,25,-12,AGUA
-48,25,-15,AGUA
-48,354,-16,AGUA
-48,25,-14,AGUA
-40,79,-16,AGUA
-48,25,-11,AGUA
-48,25,-10,AGUA
-42,248,-16,AGUA
-47,496,-16,AGUA
-42,640,-16,AGUA
-40,1431,-16,AGUA
-45,390,-16,AGUA
-43,118,-16,AGUA
-33,801,-2,AGUA
-44,64,-16,AGUA
-40,1489,-16,AGUA
-40,21,-16,AGUA
-40,1727,-16,AGUA
-45,22,-16,AGUA
-33,837,-2,AGUA
-40,308,-16,AGUA
-46,414,-16,AGUA
-46,390,-16,AGUA
-40,1146,-16,AGUA
-47,935,-16,AGUA
-40,284,-16,AGUA
-48,1725,-16,AGUA
-47,1291,-16,AGUA
-44,450,-16,AGUA
-40,1253,-16,AGUA
-33,825,-2,AGUA
-47,1658,-16,AGUA
-47,1184,-16,AGUA
-44,924,-16,AGUA
-47,1765,-16,AGUA
-46,1640,-16,AGUA
-43,580,-16,AGUA
-45,686,-16,AGUA
-42,1338,-16,AGUA
-48,224,-16,AGUA
-42,1102,-16,AGUA
-47,1552,-16,AGUA
-46,1012,-16,AGUA
-42,118,-16,AGUA
-43,1618,-16,AGUA
-40,1170,-16,AGUA
-42,901,-16,AGUA
-44,580,-16,AGUA
-47,129,-16,AGUA
-47,331,-16,AGUA
-46,1616,-16,AGUA
-47,757,-16,AGUA
-42,770,-16,AGUA
-44,556,-16,AGUA
-42,1706,-16,AGUA
-47,1397,-16,AGUA
-44,1080,-16,AGUA
-40,462,-16,AGUA
-33,1019,-2,AGUA
-48,1594,-16,AGUA
-46,994,-16,AGUA
-40,332,-16,AGUA
-48,1464,-16,AGUA
-44,1684,-16,AGUA
-47,283,-16,AGUA
-43,1144,-16,AGUA
-33,1007,-2,AGUA
-40,1301,-16,AGUA
-33,597,-2,AGUA
-43,1642,-16,AGUA
-48,269,-4,AGUA
-48,269,-3,AGUA
-48,269,-6,AGUA
-48,269,-5,AGUA
-48,269,-8,AGUA
-48,269,-7,AGUA
-48,269,-9,AGUA
-47,414,-16,AGUA
-40,1774,-16,AGUA
-48,269,-2,AGUA
-42,272,-16,AGUA
-40,888,-16,AGUA
-48,1121,-16,AGUA
-40,1016,-16,AGUA
-48,852,-16,AGUA
-42,1575,-16,AGUA
-42,746,-16,AGUA
-46,236,-16,AGUA
-47,1528,-16,AGUA
-47,1054,-16,AGUA
-48,307,-15,AGUA
-43,320,-16,AGUA
-48,722,-16,AGUA
-46,1142,-16,AGUA
-48,307,-11,AGUA
-48,307,-12,AGUA
-48,307,-13,AGUA
-48,72,-16,AGUA
-48,307,-14,AGUA
-48,270,-1,AGUA
-33,573,-2,AGUA
-33,561,-2,AGUA
-47,1813,-16,AGUA
-33,1551,-2,AGUA
-48,282,-1,AGUA
-43,378,-16,AGUA
-40,1098,-16,AGUA
-48,591,-10,AGUA
-48,591,-11,AGUA
-48,307,-10,AGUA
-48,591,-12,AGUA
-48,591,-13,AGUA
-48,591,-14,AGUA
-48,591,-15,AGUA
-48,176,-16,AGUA
-42,1077,-16,AGUA
-44,426,-16,AGUA
-33,585,-2,AGUA
-33,1563,-2,AGUA
-48,294,-1,AGUA
-47,1267,-16,AGUA
-42,485,-16,AGUA
-40,1040,-16,AGUA
-45,188,-16,AGUA
-48,509,-7,AGUA
-48,509,-6,AGUA
-48,509,-5,AGUA
-46,1746,-16,AGUA
-48,509,-4,AGUA
-48,509,-9,AGUA
-48,509,-8,AGUA
-45,734,-16,AGUA
-47,887,-16,AGUA
-42,1232,-16,AGUA
-47,201,-16,AGUA
-48,509,-3,AGUA
-48,509,-2,AGUA
-48,509,-1,AGUA
-45,604,-16,AGUA
-44,1554,-16,AGUA
-40,202,-16,AGUA
-46,366,-16,AGUA
-44,1424,-16,AGUA
-40,960,-16,AGUA
-40,1644,-16,AGUA
-40,1229,-16,AGUA
-40,675,-16,AGUA
-47,259,-16,AGUA
-48,1334,-16,AGUA
-45,130,-16,AGUA
-47,544,-16,AGUA
-42,142,-16,AGUA
-47,1682,-16,AGUA
-43,1014,-16,AGUA
-45,1490,-16,AGUA
-45,1206,-16,AGUA
-42,616,-16,AGUA
-43,1772,-16,AGUA
-44,722,-16,AGUA
-44,1504,-16,AGUA
-45,484,-16,AGUA
-46,1604,-16,AGUA
-40,9,-16,AGUA
-48,54,-16,AGUA
-43,780,-16,AGUA
-40,264,-16,AGUA
-48,90,-1,AGUA
-40,399,-16,AGUA
-48,565,-10,AGUA
-48,565,-12,AGUA
-48,565,-11,AGUA
-48,565,-14,AGUA
-48,565,-13,AGUA
-48,565,-15,AGUA
-47,803,-16,AGUA
-48,89,-3,AGUA
-48,89,-4,AGUA
-46,338,-16,AGUA
-48,89,-2,AGUA
-43,28,-16,AGUA
-48,89,-9,AGUA
-48,89,-7,AGUA
-48,89,-8,AGUA
-48,89,-5,AGUA
-48,89,-6,AGUA
-48,430,-16,AGUA
-47,141,-16,AGUA
-33,5,-2,AGUA
-44,810,-16,AGUA
-42,49,-16,AGUA
-48,1616,-16,AGUA
-45,1570,-16,AGUA
-45,1358,-16,AGUA
-44,1416,-16,AGUA
-42,718,-16,AGUA
-45,572,-16,AGUA
-43,210,-16,AGUA
-48,477,-13,AGUA
-48,477,-14,AGUA
-48,477,-15,AGUA
-40,1216,-16,AGUA
-48,477,-10,AGUA
-48,477,-11,AGUA
-48,477,-12,AGUA
-40,487,-16,AGUA
-40,1439,-16,AGUA
-46,426,-16,AGUA
-47,188,-16,AGUA
-46,96,-16,AGUA
-47,715,-16,AGUA
-47,1323,-16,AGUA
-40,80,-16,AGUA
-42,1404,-16,AGUA
-40,1698,-16,AGUA
-45,1446,-16,AGUA
-42,180,-16,AGUA
-48,218,-16,AGUA
-42,977,-16,AGUA
-43,1346,-16,AGUA
-47,627,-16,AGUA
-43,1382,-16,AGUA
-45,70,-16,AGUA
-33,1023,-2,AGUA
-44,546,-16,AGUA
-43,568,-16,AGUA
-40,440,-16,AGUA
-46,514,-16,AGUA
-47,1100,-16,AGUA
-46,1030,-16,AGUA
-45,1000,-16,AGUA
-47,1012,-16,AGUA
-40,176,-16,AGUA
-42,1751,-16,AGUA
-40,1527,-16,AGUA
-47,1809,-16,AGUA
-47,276,-16,AGUA
-44,1328,-16,AGUA
-33,951,-2,AGUA
-46,1428,-16,AGUA
-48,631,-8,AGUA
-48,631,-9,AGUA
-48,631,-6,AGUA
-48,631,-7,AGUA
-40,838,-16,AGUA
-48,631,-4,AGUA
-48,631,-5,AGUA
-48,631,-2,AGUA
-48,631,-3,AGUA
-48,631,-1,AGUA
-43,122,-16,AGUA
-33,1011,-2,AGUA
-33,975,-2,AGUA
-47,1670,-16,AGUA
-47,1458,-16,AGUA
-47,75,-16,AGUA
-42,1316,-16,AGUA
-42,319,-16,AGUA
-42,232,-16,AGUA
-47,1235,-16,AGUA
-40,44,-16,AGUA
-48,653,-15,AGUA
-48,653,-14,AGUA
-48,653,-13,AGUA
-48,653,-12,AGUA
-33,963,-2,AGUA
-48,653,-11,AGUA
-48,653,-10,AGUA
-42,1539,-16,AGUA
-42,806,-16,AGUA
-40,1475,-16,AGUA
-40,1304,-16,AGUA
-48,389,-15,AGUA
-48,389,-14,AGUA
-48,389,-13,AGUA
-45,1394,-16,AGUA
-48,389,-12,AGUA
-48,389,-11,AGUA
-48,389,-10,AGUA
-42,1803,-16,AGUA
-44,1288,-16,AGUA
-40,228,-16,AGUA
-43,744,-16,AGUA
-45,700,-16,AGUA
-48,187,-5,AGUA
-48,187,-4,AGUA
-33,529,-2,AGUA
-48,187,-3,AGUA
-48,187,-2,AGUA
-42,367,-16,AGUA
-46,462,-16,AGUA
-48,175,-5,AGUA
-48,175,-6,AGUA
-48,175,-7,AGUA
-48,175,-8,AGUA
-33,517,-2,AGUA
-48,175,-9,AGUA
-33,999,-2,AGUA
-43,64,-16,AGUA
-33,495,-2,AGUA
-40,798,-16,AGUA
-42,754,-16,AGUA
-48,90,-16,AGUA
-48,1488,-16,AGUA
-42,320,-16,AGUA
-48,163,-5,AGUA
-48,163,-4,AGUA
-48,163,-7,AGUA
-48,163,-6,AGUA
-48,163,-9,AGUA
-48,163,-8,AGUA
-48,175,-2,AGUA
-48,175,-3,AGUA
-48,175,-4,AGUA
-33,483,-2,AGUA
-42,1053,-16,AGUA
-42,666,-16,AGUA
-33,987,-2,AGUA
-42,890,-16,AGUA
-40,1176,-16,AGUA
-33,1503,-2,AGUA
-43,1434,-16,AGUA
-47,1059,-16,AGUA
-33,471,-2,AGUA
-48,16,-1,AGUA
-46,374,-16,AGUA
-42,1715,-16,AGUA
-40,1563,-16,AGUA
-33,1481,-2,AGUA
-47,1634,-16,AGUA
-47,1271,-16,AGUA
-43,1610,-16,AGUA
-48,199,-9,AGUA
-46,1552,-16,AGUA
-48,199,-7,AGUA
-48,199,-8,AGUA
-48,199,-5,AGUA
-48,199,-6,AGUA
-48,199,-3,AGUA
-33,1419,-2,AGUA
-48,199,-4,AGUA
-48,199,-2,AGUA
-42,1141,-16,AGUA
-48,254,-16,AGUA
-48,1787,-16,AGUA
-48,741,-16,AGUA
-48,28,-1,AGUA
-40,527,-16,AGUA
-40,751,-16,AGUA
-48,1740,-16,AGUA
-33,1493,-2,AGUA
-47,1060,-16,AGUA
-43,170,-16,AGUA
-47,452,-16,AGUA
-48,187,-9,AGUA
-48,187,-8,AGUA
-48,187,-7,AGUA
-48,187,-6,AGUA
-44,1376,-16,AGUA
-43,1294,-16,AGUA
-46,48,-16,AGUA
-42,1798,-16,AGUA
-47,1546,-16,AGUA
-46,286,-16,AGUA
-48,41,-3,AGUA
-48,617,-13,AGUA
-48,41,-4,AGUA
-48,617,-14,AGUA
-48,617,-15,AGUA
-48,41,-2,AGUA
-48,41,-7,AGUA
-48,41,-8,AGUA
-48,617,-10,AGUA
-48,41,-5,AGUA
-48,617,-11,AGUA
-40,439,-16,AGUA
-48,41,-6,AGUA
-48,617,-12,AGUA
-42,407,-16,AGUA
-48,1129,-16,AGUA
-42,578,-16,AGUA
-45,1482,-16,AGUA
-46,1564,-16,AGUA
-45,524,-16,AGUA
-40,1264,-16,AGUA
-33,1539,-2,AGUA
-48,53,-3,AGUA
-46,1464,-16,AGUA
-48,53,-2,AGUA
-48,53,-5,AGUA
-48,53,-4,AGUA
-48,53,-7,AGUA
-48,53,-6,AGUA
-48,53,-9,AGUA
-48,53,-8,AGUA
-46,948,-16,AGUA
-42,1627,-16,AGUA
-40,1651,-16,AGUA
-33,1515,-2,AGUA
-40,1164,-16,AGUA
-48,41,-9,AGUA
-47,539,-16,AGUA
-40,539,-16,AGUA
-48,1699,-16,AGUA
-46,602,-16,AGUA
-48,271,-5,AGUA
-48,271,-4,AGUA
-48,271,-3,AGUA
-47,938,-16,AGUA
-48,271,-2,AGUA
-42,1399,-16,AGUA
-48,271,-9,AGUA
-48,1229,-16,AGUA
-48,271,-8,AGUA
-48,271,-7,AGUA
-48,271,-6,AGUA
-42,1228,-16,AGUA
-43,656,-16,AGUA
-47,1147,-16,AGUA
-45,612,-16,AGUA
-42,279,-16,AGUA
-48,283,-5,AGUA
-48,283,-6,AGUA
-48,283,-3,AGUA
-48,283,-4,AGUA
-48,283,-9,AGUA
-48,283,-7,AGUA
-48,283,-8,AGUA
-47,751,-16,AGUA
-42,491,-16,AGUA
-45,396,-16,AGUA
-48,529,-15,AGUA
-48,529,-13,AGUA
-48,529,-14,AGUA
-48,529,-11,AGUA
-48,529,-12,AGUA
-48,529,-10,AGUA
-48,77,-3,AGUA
-48,77,-2,AGUA
-47,364,-16,AGUA
-48,342,-16,AGUA
-42,1499,-16,AGUA
-40,926,-16,AGUA
-48,77,-9,AGUA
-48,77,-8,AGUA
-48,77,-7,AGUA
-48,77,-6,AGUA
-48,77,-5,AGUA
-42,85,-16,AGUA
-48,77,-4,AGUA
-48,283,-2,AGUA
-42,108,-16,AGUA
-48,295,-5,AGUA
-48,295,-4,AGUA
-48,295,-7,AGUA
-48,295,-6,AGUA
-48,295,-9,AGUA
-48,295,-8,AGUA
-47,851,-16,AGUA
-48,295,-3,AGUA
-33,1527,-2,AGUA
-48,295,-2,AGUA
-48,65,-3,AGUA
-48,65,-4,AGUA
-33,505,-2,AGUA
-48,65,-5,AGUA
-48,65,-6,AGUA
-43,1522,-16,AGUA
-48,65,-7,AGUA
-48,65,-8,AGUA
-48,65,-9,AGUA
-40,352,-16,AGUA
-42,1440,-16,AGUA
-44,634,-16,AGUA
-48,65,-2,AGUA
-33,157,-2,AGUA
-42,790,-16,AGUA
-42,1587,-16,AGUA
-33,879,-2,AGUA
-43,76,-16,AGUA
-48,559,-8,AGUA
-48,559,-7,AGUA
-48,559,-9,AGUA
-45,712,-16,AGUA
-48,559,-2,AGUA
-48,559,-1,AGUA
-48,559,-4,AGUA
-48,559,-3,AGUA
-48,559,-6,AGUA
-48,559,-5,AGUA
-40,216,-16,AGUA
-48,429,-10,AGUA
-48,429,-11,AGUA
-48,429,-12,AGUA
-43,732,-16,AGUA
-40,627,-16,AGUA
-48,429,-13,AGUA
-48,429,-14,AGUA
-48,429,-15,AGUA
-47,1757,-16,AGUA
-48,535,-8,AGUA
-48,535,-7,AGUA
-48,535,-6,AGUA
-48,535,-5,AGUA
-44,494,-16,AGUA
-48,535,-9,AGUA
-48,535,-4,AGUA
-48,7,-12,AGUA
-48,535,-3,AGUA
-48,7,-13,AGUA
-48,535,-2,AGUA
-48,7,-10,AGUA
-48,7,-11,AGUA
-48,535,-1,AGUA
-46,1652,-16,AGUA
-45,348,-16,AGUA
-33,133,-2,AGUA
-33,79,-2,AGUA
-42,1452,-16,AGUA
-46,474,-16,AGUA
-42,267,-16,AGUA
-48,7,-14,AGUA
-48,7,-15,AGUA
-33,169,-2,AGUA
-47,575,-16,AGUA
-47,1710,-16,AGUA
-40,1352,-16,AGUA
-48,523,-8,AGUA
-48,523,-9,AGUA
-47,352,-16,AGUA
-48,523,-4,AGUA
-48,523,-5,AGUA
-48,523,-6,AGUA
-48,523,-7,AGUA
-48,523,-1,AGUA
-48,523,-2,AGUA
-48,523,-3,AGUA
-40,1399,-16,AGUA
-46,386,-16,AGUA
-47,504,-16,AGUA
-44,770,-16,AGUA
-33,855,-2,AGUA
-33,67,-2,AGUA
-47,328,-16,AGUA
-45,34,-16,AGUA
-47,986,-16,AGUA
-33,409,-2,AGUA
-33,55,-2,AGUA
-47,1534,-16,AGUA
-33,145,-2,AGUA
-47,1594,-16,AGUA
-45,1522,-16,AGUA
-48,114,-1,AGUA
-44,1640,-16,AGUA
-40,698,-16,AGUA
-46,1288,-16,AGUA
-48,511,-8,AGUA
-48,511,-7,AGUA
-47,399,-16,AGUA
-48,511,-9,AGUA
-48,511,-4,AGUA
-48,511,-3,AGUA
-48,511,-6,AGUA
-48,511,-5,AGUA
-48,517,-15,AGUA
-48,517,-14,AGUA
-48,511,-2,AGUA
-47,1159,-16,AGUA
-48,511,-1,AGUA
-48,517,-11,AGUA
-33,867,-2,AGUA
-48,517,-10,AGUA
-48,517,-13,AGUA
-48,517,-12,AGUA
-45,624,-16,AGUA
-48,126,-1,AGUA
-33,43,-2,AGUA
-33,31,-2,AGUA
-43,1334,-16,AGUA
-47,1112,-16,AGUA
-44,1464,-16,AGUA
-42,1352,-16,AGUA
-47,1283,-16,AGUA
-46,1528,-16,AGUA
-33,591,-2,AGUA
-42,419,-16,AGUA
-40,1252,-16,AGUA
-44,646,-16,AGUA
-47,675,-16,AGUA
-44,1364,-16,AGUA
-42,132,-16,AGUA
-48,266,-16,AGUA
-40,340,-16,AGUA
-47,1183,-16,AGUA
-45,1346,-16,AGUA
-48,1165,-16,AGUA
-48,138,-1,AGUA
-33,1407,-2,AGUA
-48,151,-5,AGUA
-48,151,-6,AGUA
-48,151,-3,AGUA
-48,151,-4,AGUA
-48,151,-9,AGUA
-48,151,-7,AGUA
-48,151,-8,AGUA
-40,563,-16,AGUA
-43,832,-16,AGUA
-42,854,-16,AGUA
-42,1703,-16,AGUA
-43,468,-16,AGUA
-40,1575,-16,AGUA
-42,280,-16,AGUA
-48,163,-3,AGUA
-44,594,-16,AGUA
-48,163,-2,AGUA
-42,1487,-16,AGUA
-42,706,-16,AGUA
-43,1482,-16,AGUA
-48,547,-8,AGUA
-48,553,-10,AGUA
-48,547,-9,AGUA
-48,553,-11,AGUA
-48,547,-6,AGUA
-48,553,-12,AGUA
-48,547,-7,AGUA
-48,553,-13,AGUA
-48,553,-14,AGUA
-48,553,-15,AGUA
-48,547,-1,AGUA
-48,547,-4,AGUA
-48,151,-2,AGUA
-48,547,-5,AGUA
-48,547,-2,AGUA
-48,547,-3,AGUA
-48,577,-10,AGUA
-48,577,-11,AGUA
-48,577,-14,AGUA
-48,577,-15,AGUA
-48,577,-12,AGUA
-48,577,-13,AGUA
-40,1088,-16,AGUA
-42,1005,-16,AGUA
-47,886,-16,AGUA
-46,326,-16,AGUA
-43,1158,-16,AGUA
-44,710,-16,AGUA
-46,1388,-16,AGUA
-47,1223,-16,AGUA
-48,964,-16,AGUA
-47,404,-16,AGUA
-45,448,-16,AGUA
-48,166,-16,AGUA
-40,663,-16,AGUA
-43,1000,-16,AGUA
-47,1770,-16,AGUA
-47,39,-16,AGUA
-47,1423,-16,AGUA
-40,316,-16,AGUA
-46,984,-16,AGUA
-46,1504,-16,AGUA
-46,526,-16,AGUA
-46,550,-16,AGUA
-47,1810,-16,AGUA
-40,276,-16,AGUA
-47,615,-16,AGUA
-47,499,-16,AGUA
-40,387,-16,AGUA
-48,306,-16,AGUA
-45,472,-16,AGUA
-33,1179,-2,AGUA
-47,241,-16,AGUA
-47,228,-16,AGUA
-44,670,-16,AGUA
-47,288,-16,AGUA
-47,1494,-16,AGUA
-44,1540,-16,AGUA
-46,1704,-16,AGUA
-47,815,-16,AGUA
-45,1622,-16,AGUA
-46,650,-16,AGUA
-44,112,-16,AGUA
-43,134,-16,AGUA
-40,1515,-16,AGUA
-42,1763,-16,AGUA
-42,156,-16,AGUA
-40,1299,-16,AGUA
-43,592,-16,AGUA
-48,390,-16,AGUA
-40,803,-16,AGUA
-33,1167,-2,AGUA
-40,1228,-16,AGUA
-42,930,-16,AGUA
-40,974,-16,AGUA
-44,1798,-16,AGUA
-42,1663,-16,AGUA
-48,206,-16,AGUA
-48,377,-14,AGUA
-48,377,-15,AGUA
-48,377,-12,AGUA
-48,102,-1,AGUA
-48,377,-13,AGUA
-48,377,-10,AGUA
-48,377,-11,AGUA
-43,692,-16,AGUA
-33,1155,-2,AGUA
-40,1128,-16,AGUA
-40,703,-16,AGUA
-42,830,-16,AGUA
-40,874,-16,AGUA
-33,843,-2,AGUA
-42,1276,-16,AGUA
-40,1786,-16,AGUA
-33,1131,-2,AGUA
-47,7,-16,AGUA
-33,121,-2,AGUA
-43,1258,-16,AGUA
-47,63,-16,AGUA
-40,1028,-16,AGUA
-43,16,-16,AGUA
-40,1615,-16,AGUA
-43,792,-16,AGUA
-33,1143,-2,AGUA
-42,443,-16,AGUA
-48,290,-16,AGUA
-43,1358,-16,AGUA
-40,1686,-16,AGUA
-33,831,-2,AGUA
-43,708,-16,AGUA
-42,1176,-16,AGUA
-40,1041,-16,AGUA
-42,543,-16,AGUA
-42,1105,-16,AGUA
-43,608,-16,AGUA
-44,358,-16,AGUA
-47,304,-16,AGUA
-33,375,-2,AGUA
-47,439,-16,AGUA
-42,1815,-16,AGUA
-40,515,-16,AGUA
-45,10,-16,AGUA
-46,450,-16,AGUA
-40,328,-16,AGUA
-44,1388,-16,AGUA
-33,387,-2,AGUA
-40,1188,-16,AGUA
-42,1288,-16,AGUA
-42,1563,-16,AGUA
-48,1640,-16,AGUA
-44,1440,-16,AGUA
-42,307,-16,AGUA
-33,625,-2,AGUA
-47,117,-16,AGUA
-44,446,-16,AGUA
-33,399,-2,AGUA
-47,1646,-16,AGUA
-40,738,-16,AGUA
-40,105,-16,AGUA
-47,1160,-16,AGUA
-40,427,-16,AGUA
-42,1475,-16,AGUA
-48,841,-16,AGUA
-47,552,-16,AGUA
-40,851,-16,AGUA
-33,613,-2,AGUA
-40,540,-16,AGUA
-46,36,-16,AGUA
-48,728,-16,AGUA
-46,1130,-16,AGUA
-40,1287,-16,AGUA
-42,789,-16,AGUA
-43,1768,-16,AGUA
-45,672,-16,AGUA
-44,694,-16,AGUA
-42,1216,-16,AGUA
-43,1710,-16,AGUA
-45,1810,-16,AGUA
-46,936,-16,AGUA
-46,1576,-16,AGUA
-45,958,-16,AGUA
-42,1252,-16,AGUA
-40,1627,-16,AGUA
-48,505,-10,AGUA
-42,990,-16,AGUA
-33,1733,-2,AGUA
-40,1598,-16,AGUA
-44,910,-16,AGUA
-48,505,-15,AGUA
-48,505,-11,AGUA
-48,505,-12,AGUA
-48,505,-13,AGUA
-48,505,-14,AGUA
-33,1721,-2,AGUA
-43,1282,-16,AGUA
-46,1540,-16,AGUA
-47,1083,-16,AGUA
-40,1204,-16,AGUA
-40,499,-16,AGUA
-48,330,-16,AGUA
-42,1065,-16,AGUA
-43,680,-16,AGUA
-48,318,-16,AGUA
-33,637,-2,AGUA
-42,877,-16,AGUA
-40,1375,-16,AGUA
-42,1387,-16,AGUA
-43,668,-16,AGUA
-42,906,-16,AGUA
-47,1135,-16,AGUA
-48,289,-11,AGUA
-48,289,-10,AGUA
-48,289,-13,AGUA
-48,289,-12,AGUA
-48,289,-15,AGUA
-48,289,-14,AGUA
-47,640,-16,AGUA
-40,1404,-16,AGUA
-33,649,-2,AGUA
-43,932,-16,AGUA
-40,299,-16,AGUA
-47,527,-16,AGUA
-47,698,-16,AGUA
-47,1558,-16,AGUA
-47,1335,-16,AGUA
-45,336,-16,AGUA
-40,1452,-16,AGUA
-40,1726,-16,AGUA
-48,899,-16,AGUA
-42,391,-16,AGUA
-47,1358,-16,AGUA
-48,415,-8,AGUA
-48,415,-9,AGUA
-48,415,-6,AGUA
-48,415,-7,AGUA
-48,417,-10,AGUA
-45,1258,-16,AGUA
-40,1339,-16,AGUA
-48,415,-4,AGUA
-48,415,-5,AGUA
-48,415,-2,AGUA
-47,951,-16,AGUA
-48,415,-3,AGUA
-45,1670,-16,AGUA
-40,639,-16,AGUA
-48,530,-16,AGUA
-46,574,-16,AGUA
-47,1745,-16,AGUA
-47,838,-16,AGUA
-42,1416,-16,AGUA
-48,427,-8,AGUA
-48,427,-7,AGUA
-46,848,-16,AGUA
-48,427,-9,AGUA
-47,1471,-16,AGUA
-48,427,-2,AGUA
-48,427,-4,AGUA
-48,427,-3,AGUA
-48,427,-6,AGUA
-48,427,-5,AGUA
-40,1064,-16,AGUA
-47,863,-16,AGUA
-40,598,-16,AGUA
-45,150,-16,AGUA
-40,67,-16,AGUA
-46,1664,-16,AGUA
-45,424,-16,AGUA
-47,40,-16,AGUA
-42,1029,-16,AGUA
-48,1029,-16,AGUA
-48,417,-15,AGUA
-48,417,-14,AGUA
-48,417,-13,AGUA
-48,417,-12,AGUA
-48,417,-11,AGUA
-43,270,-16,AGUA
-43,544,-16,AGUA
-48,439,-8,AGUA
-48,439,-9,AGUA
-48,439,-1,AGUA
-48,439,-2,AGUA
-48,439,-3,AGUA
-48,439,-4,AGUA
-42,1786,-16,AGUA
-48,439,-5,AGUA
-48,439,-6,AGUA
-48,439,-7,AGUA
-48,143,-15,AGUA
-48,1142,-16,AGUA
-48,143,-14,AGUA
-48,143,-13,AGUA
-40,1539,-16,AGUA
-48,143,-12,AGUA
-48,143,-11,AGUA
-48,143,-10,AGUA
-45,1458,-16,AGUA
-42,507,-16,AGUA
-42,1615,-16,AGUA
-43,1494,-16,AGUA
-48,641,-14,AGUA
-48,641,-15,AGUA
-48,641,-12,AGUA
-48,641,-13,AGUA
-48,641,-10,AGUA
-48,641,-11,AGUA
-46,1452,-16,AGUA
-47,639,-16,AGUA
-47,15,-16,AGUA
-33,601,-2,AGUA
-44,1476,-16,AGUA
-42,179,-16,AGUA
-42,292,-16,AGUA
-42,1727,-16,AGUA
-45,1470,-16,AGUA
-40,153,-16,AGUA
-48,629,-13,AGUA
-48,629,-12,AGUA
-42,478,-16,AGUA
-48,629,-15,AGUA
-48,629,-14,AGUA
-48,629,-11,AGUA
-48,1599,-16,AGUA
-48,629,-10,AGUA
-47,1047,-16,AGUA
-42,591,-16,AGUA
-42,566,-16,AGUA
-47,1446,-16,AGUA
-42,420,-16,AGUA
-42,1698,-16,AGUA
-46,186,-16,AGUA
-43,182,-16,AGUA
-42,1640,-16,AGUA
-42,14,-16,AGUA
-42,1527,-16,AGUA
-42,1428,-16,AGUA
-46,402,-16,AGUA
-33,351,-2,AGUA
-44,1188,-16,AGUA
-47,1247,-16,AGUA
-48,1541,-16,AGUA
-43,1622,-16,AGUA
-48,1428,-16,AGUA
-44,1404,-16,AGUA
-48,403,-8,AGUA
-48,403,-7,AGUA
-42,1599,-16,AGUA
-48,403,-6,AGUA
-48,403,-5,AGUA
-48,403,-9,AGUA
-48,403,-4,AGUA
-43,456,-16,AGUA
-48,403,-3,AGUA
-45,812,-16,AGUA
-44,1604,-16,AGUA
-48,403,-2,AGUA
-43,1422,-16,AGUA
-42,379,-16,AGUA
-42,208,-16,AGUA
-45,1112,-16,AGUA
-40,997,-16,AGUA
-33,363,-2,AGUA
-47,164,-16,AGUA
-44,160,-16,AGUA
-40,826,-16,AGUA
-42,766,-16,AGUA
-47,1211,-16,AGUA
-46,314,-16,AGUA
-40,1487,-16,AGUA
-47,1300,-16,AGUA
-40,651,-16,AGUA
-48,1341,-16,AGUA
-48,178,-16,AGUA
-45,1200,-16,AGUA
-43,322,-16,AGUA
-40,1738,-16,AGUA
-42,220,-16,AGUA
-48,1727,-16,AGUA
-40,902,-16,AGUA
-48,1317,-16,AGUA
-43,1510,-16,AGUA
-44,834,-16,AGUA
-45,1610,-16,AGUA
-43,1146,-16,AGUA
-40,152,-16,AGUA
-47,898,-16,AGUA
-42,97,-16,AGUA
-44,1552,-16,AGUA
-48,928,-16,AGUA
-46,1716,-16,AGUA
-47,440,-16,AGUA
-48,1090,-16,AGUA
-47,603,-16,AGUA
-42,1675,-16,AGUA
-48,454,-16,AGUA
-48,365,-15,AGUA
-48,365,-12,AGUA
-48,365,-11,AGUA
-48,365,-14,AGUA
-48,365,-13,AGUA
-42,929,-16,AGUA
-48,365,-10,AGUA
-42,1088,-16,AGUA
-40,1674,-16,AGUA
-40,375,-16,AGUA
-44,1528,-16,AGUA
-44,922,-16,AGUA
-48,78,-16,AGUA
-40,1005,-16,AGUA
-44,1276,-16,AGUA
-45,684,-16,AGUA
-43,1012,-16,AGUA
-47,98,-16,AGUA
-42,678,-16,AGUA
-42,953,-16,AGUA
-40,1763,-16,AGUA
-47,663,-16,AGUA
-48,676,-16,AGUA
-48,258,-1,AGUA
-40,92,-16,AGUA
-33,1299,-2,AGUA
-47,914,-16,AGUA
-33,1287,-2,AGUA
-40,1503,-16,AGUA
-45,1594,-16,AGUA
-45,536,-16,AGUA
-42,1364,-16,AGUA
-45,900,-16,AGUA
-44,558,-16,AGUA
-48,1504,-16,AGUA
-42,61,-16,AGUA
-42,531,-16,AGUA
-44,522,-16,AGUA
-46,662,-16,AGUA
-48,246,-1,AGUA
-47,105,-16,AGUA
-42,1551,-16,AGUA
-40,715,-16,AGUA
-46,714,-16,AGUA
-48,489,-13,AGUA
-48,489,-12,AGUA
-48,489,-15,AGUA
-48,489,-14,AGUA
-33,1263,-2,AGUA
-47,727,-16,AGUA
-48,489,-11,AGUA
-48,489,-10,AGUA
-47,476,-16,AGUA
-40,464,-16,AGUA
-40,938,-16,AGUA
-47,1522,-16,AGUA
-45,284,-16,AGUA
-48,234,-1,AGUA
-48,231,-10,AGUA
-46,1798,-16,AGUA
-48,231,-11,AGUA
-48,231,-12,AGUA
-48,231,-13,AGUA
-48,231,-14,AGUA
-48,231,-15,AGUA
-47,1693,-16,AGUA
-47,253,-16,AGUA
-40,1798,-16,AGUA
-46,1376,-16,AGUA
-46,1740,-16,AGUA
-46,298,-16,AGUA
-48,118,-16,AGUA
-40,128,-16,AGUA
-48,1288,-16,AGUA
-44,100,-16,AGUA
-40,241,-16,AGUA
-48,222,-1,AGUA
-47,1722,-16,AGUA
-40,886,-16,AGUA
-33,1275,-2,AGUA
-40,686,-16,AGUA
-42,618,-16,AGUA
-42,642,-16,AGUA
-42,731,-16,AGUA
-40,775,-16,AGUA
-44,66,-16,AGUA
-44,300,-16,AGUA
-42,344,-16,AGUA
-44,1128,-16,AGUA
-47,1382,-16,AGUA
-48,9,-9,AGUA
-48,9,-7,AGUA
-48,9,-8,AGUA
-48,9,-5,AGUA
-48,9,-6,AGUA
-48,9,-3,AGUA
-48,9,-4,AGUA
-48,9,-2,AGUA
-48,210,-1,AGUA
-33,1251,-2,AGUA
-45,1734,-16,AGUA
-43,1570,-16,AGUA
-40,1316,-16,AGUA
-48,42,-16,AGUA
-43,880,-16,AGUA
-44,8,-16,AGUA
-42,1117,-16,AGUA
-48,209,-5,AGUA
-48,209,-6,AGUA
-48,209,-7,AGUA
-48,209,-8,AGUA
-48,209,-2,AGUA
-48,209,-3,AGUA
-48,209,-4,AGUA
-48,209,-9,AGUA
-42,1164,-16,AGUA
-40,1427,-16,AGUA
-46,438,-16,AGUA
-40,1540,-16,AGUA
-44,782,-16,AGUA
-42,1030,-16,AGUA
-42,455,-16,AGUA
-40,204,-16,AGUA
-42,1304,-16,AGUA
-47,774,-16,AGUA
-40,962,-16,AGUA
-48,18,-16,AGUA
-40,1340,-16,AGUA
-42,842,-16,AGUA
-42,1504,-16,AGUA
-42,255,-16,AGUA
-40,1703,-16,AGUA
-42,8,-16,AGUA
-33,1745,-2,AGUA
-43,1546,-16,AGUA
-40,1814,-16,AGUA
-42,144,-16,AGUA
-40,1116,-16,AGUA
-47,787,-16,AGUA
-44,1352,-16,AGUA
-40,404,-16,AGUA
-48,1206,-16,AGUA
-47,1582,-16,AGUA
-42,989,-16,AGUA
-45,46,-16,AGUA
-33,1757,-2,AGUA
-40,1140,-16,AGUA
-43,1370,-16,AGUA
-43,820,-16,AGUA
-33,1769,-2,AGUA
-42,818,-16,AGUA
-44,582,-16,AGUA
-42,37,-16,AGUA
-40,575,-16,AGUA
-47,1411,-16,AGUA
-45,202,-16,AGUA
-48,1564,-16,AGUA
-47,1024,-16,AGUA
-47,1669,-16,AGUA
-45,1534,-16,AGUA
-45,760,-16,AGUA
-48,1764,-16,AGUA
-47,387,-16,AGUA
-46,1516,-16,AGUA
-47,1395,-16,AGUA
-47,974,-16,AGUA
-48,1006,-16,AGUA
-40,32,-16,AGUA
-46,1042,-16,AGUA
-47,216,-16,AGUA
-46,238,-16,AGUA
-45,1060,-16,AGUA
-46,8,-16,AGUA
-46,796,-16,AGUA
-47,587,-16,AGUA
-40,604,-16,AGUA
-45,560,-16,AGUA
-46,1316,-16,AGUA
-47,1611,-16,AGUA
-48,1177,-16,AGUA
-40,188,-16,AGUA
-46,996,-16,AGUA
-44,382,-16,AGUA
-47,1782,-16,AGUA
-45,1334,-16,AGUA
-47,416,-16,AGUA
-47,1195,-16,AGUA
-42,1064,-16,AGUA
-43,620,-16,AGUA
-42,1129,-16,AGUA
-46,586,-16,AGUA
-47,1645,-16,AGUA
-48,317,-13,AGUA
-48,317,-12,AGUA
-48,317,-15,AGUA
-48,317,-14,AGUA
-42,878,-16,AGUA
-47,963,-16,AGUA
-40,674,-16,AGUA
-46,1264,-16,AGUA
-44,1164,-16,AGUA
-45,824,-16,AGUA
-45,324,-16,AGUA
-48,590,-16,AGUA
-47,528,-16,AGUA
-48,317,-11,AGUA
-48,317,-10,AGUA
-44,970,-16,AGUA
-42,905,-16,AGUA
-43,532,-16,AGUA
-48,319,-8,AGUA
-48,319,-7,AGUA
-48,319,-6,AGUA
-48,319,-5,AGUA
-48,319,-4,AGUA
-48,319,-3,AGUA
-48,319,-2,AGUA
-42,155,-16,AGUA
-45,736,-16,AGUA
-48,319,-9,AGUA
-44,294,-16,AGUA
-43,158,-16,AGUA
-42,1787,-16,AGUA
-47,240,-16,AGUA
-46,1190,-16,AGUA
-46,104,-16,AGUA
-48,243,-11,AGUA
-42,1199,-16,AGUA
-48,243,-10,AGUA
-48,243,-13,AGUA
-48,243,-12,AGUA
-48,243,-15,AGUA
-48,243,-14,AGUA
-48,1776,-16,AGUA
-45,1410,-16,AGUA
-47,1071,-16,AGUA
-40,1714,-16,AGUA
-47,463,-16,AGUA
-43,1810,-16,AGUA
-48,307,-8,AGUA
-48,307,-9,AGUA
-33,1601,-2,AGUA
-48,307,-2,AGUA
-48,307,-3,AGUA
-40,739,-16,AGUA
-48,307,-4,AGUA
-48,307,-5,AGUA
-48,307,-6,AGUA
-48,307,-7,AGUA
-42,831,-16,AGUA
-42,590,-16,AGUA
-48,29,-13,AGUA
-48,29,-12,AGUA
-45,148,-16,AGUA
-48,29,-15,AGUA
-48,29,-14,AGUA
-45,250,-16,AGUA
-48,29,-11,AGUA
-48,29,-10,AGUA
-48,799,-16,AGUA
-40,1205,-16,AGUA
-43,1060,-16,AGUA
-45,58,-16,AGUA
-46,1440,-16,AGUA
-33,1613,-2,AGUA
-40,327,-16,AGUA
-44,1340,-16,AGUA
-40,498,-16,AGUA
-48,1605,-16,AGUA
-44,868,-16,AGUA
-46,1676,-16,AGUA
-42,655,-16,AGUA
-43,1756,-16,AGUA
-40,1403,-16,AGUA
-45,1124,-16,AGUA
-45,1036,-16,AGUA
-43,1024,-16,AGUA
-40,1376,-16,AGUA
-47,1136,-16,AGUA
-48,975,-16,AGUA
-47,152,-16,AGUA
-40,1775,-16,AGUA
-43,246,-16,AGUA
-46,762,-16,AGUA
-33,1625,-2,AGUA
-42,1503,-16,AGUA
-40,428,-16,AGUA
-40,1640,-16,AGUA
-46,1176,-16,AGUA
-48,1675,-16,AGUA
-46,498,-16,AGUA
-33,1649,-2,AGUA
-47,699,-16,AGUA
-47,598,-16,AGUA
-44,1090,-16,AGUA
-42,119,-16,AGUA
-40,1275,-16,AGUA
-42,331,-16,AGUA
-40,1153,-16,AGUA
-44,258,-16,AGUA
-47,1571,-16,AGUA
-33,1637,-2,AGUA
-46,140,-16,AGUA
-44,794,-16,AGUA
-40,363,-16,AGUA
-46,836,-16,AGUA
-42,707,-16,AGUA
-47,1609,-16,AGUA
-48,488,-16,AGUA
-45,1782,-16,AGUA
-48,393,-8,AGUA
-48,393,-7,AGUA
-48,393,-9,AGUA
-43,1682,-16,AGUA
-48,393,-4,AGUA
-48,393,-3,AGUA
-42,1028,-16,AGUA
-48,393,-6,AGUA
-48,393,-5,AGUA
-33,255,-2,AGUA
-33,231,-2,AGUA
-47,726,-16,AGUA
-48,353,-12,AGUA
-48,353,-13,AGUA
-48,353,-14,AGUA
-48,353,-15,AGUA
-48,353,-10,AGUA
-48,353,-11,AGUA
-48,381,-8,AGUA
-48,381,-9,AGUA
-48,381,-6,AGUA
-48,381,-7,AGUA
-48,418,-16,AGUA
-48,381,-4,AGUA
-48,381,-5,AGUA
-48,381,-2,AGUA
-48,381,-3,AGUA
-43,1634,-16,AGUA
-48,393,-2,AGUA
-47,927,-16,AGUA
-42,777,-16,AGUA
-40,985,-16,AGUA
-48,554,-16,AGUA
-33,243,-2,AGUA
-40,253,-16,AGUA
-47,1334,-16,AGUA
-42,1616,-16,AGUA
-43,1134,-16,AGUA
-33,279,-2,AGUA
-47,652,-16,AGUA
-48,381,-1,AGUA
-47,16,-16,AGUA
-48,368,-1,AGUA
-47,1535,-16,AGUA
-43,1094,-16,AGUA
-46,214,-16,AGUA
-45,1300,-16,AGUA
-42,567,-16,AGUA
-46,1066,-16,AGUA
-40,1065,-16,AGUA
-40,638,-16,AGUA
-47,1746,-16,AGUA
-43,1708,-16,AGUA
-33,267,-2,AGUA
-45,1370,-16,AGUA
-48,628,-16,AGUA
-46,872,-16,AGUA
-47,177,-16,AGUA
-42,1686,-16,AGUA
-48,730,-16,AGUA
-43,282,-16,AGUA
-48,344,-1,AGUA
-40,1639,-16,AGUA
-47,1260,-16,AGUA
-40,552,-16,AGUA
-42,1240,-16,AGUA
-42,691,-16,AGUA
-42,520,-16,AGUA
-42,466,-16,AGUA
-46,960,-16,AGUA
-44,1576,-16,AGUA
-44,1304,-16,AGUA
-44,434,-16,AGUA
-47,551,-16,AGUA
-45,196,-16,AGUA
-42,1740,-16,AGUA
-44,1204,-16,AGUA
-44,1774,-16,AGUA
-44,934,-16,AGUA
-48,142,-16,AGUA
-40,1538,-16,AGUA
-48,356,-1,AGUA
-47,86,-16,AGUA
-44,1130,-16,AGUA
-40,626,-16,AGUA
-42,765,-16,AGUA
-42,392,-16,AGUA
-48,320,-1,AGUA
-44,360,-16,AGUA
-40,55,-16,AGUA
-45,696,-16,AGUA
-44,1704,-16,AGUA
-40,1464,-16,AGUA
-45,596,-16,AGUA
-48,332,-1,AGUA
-44,18,-16,AGUA
-42,221,-16,AGUA
-42,291,-16,AGUA
-42,1814,-16,AGUA
-42,191,-16,AGUA
-47,1447,-16,AGUA
-47,839,-16,AGUA
-43,356,-16,AGUA
-48,65,-10,AGUA
-48,65,-11,AGUA
-48,65,-12,AGUA
-48,65,-13,AGUA
-48,65,-14,AGUA
-48,65,-15,AGUA
-42,966,-16,AGUA
-40,1750,-16,AGUA
-43,868,-16,AGUA
-40,740,-16,AGUA
-48,453,-10,AGUA
-48,453,-13,AGUA
-48,453,-14,AGUA
-48,453,-11,AGUA
-48,542,-16,AGUA
-48,453,-12,AGUA
-43,892,-16,AGUA
-48,453,-15,AGUA
-44,246,-16,AGUA
-46,1330,-16,AGUA
-44,54,-16,AGUA
-47,762,-16,AGUA
-45,1770,-16,AGUA
-47,738,-16,AGUA
-40,1165,-16,AGUA
-46,152,-16,AGUA
-42,630,-16,AGUA
-40,1030,-16,AGUA
-42,380,-16,AGUA
-45,1246,-16,AGUA
-47,1096,-16,AGUA
-42,606,-16,AGUA
-47,1781,-16,AGUA
-48,1816,-16,AGUA
-43,410,-16,AGUA
-43,368,-16,AGUA
-46,226,-16,AGUA
-44,172,-16,AGUA
-40,1239,-16,AGUA
-42,9,-16,AGUA
-48,248,-1,AGUA
-40,1328,-16,AGUA
-40,903,-16,AGUA
-42,1363,-16,AGUA
-47,664,-16,AGUA
-43,966,-16,AGUA
-42,356,-16,AGUA
-46,1786,-16,AGUA
-48,30,-16,AGUA
-33,1277,-2,AGUA
-47,897,-16,AGUA
-45,94,-16,AGUA
-46,1804,-16,AGUA
-45,1270,-16,AGUA
-47,1259,-16,AGUA
-43,392,-16,AGUA
-46,750,-16,AGUA
-46,902,-16,AGUA
-48,236,-1,AGUA
-33,1289,-2,AGUA
-43,1234,-16,AGUA
-46,1128,-16,AGUA
-33,1253,-2,AGUA
-48,212,-1,AGUA
-40,1604,-16,AGUA
-42,1739,-16,AGUA
-46,72,-16,AGUA
-40,129,-16,AGUA
-45,970,-16,AGUA
-45,946,-16,AGUA
-45,1024,-16,AGUA
-42,454,-16,AGUA
-33,721,-2,AGUA
-40,1675,-16,AGUA
-48,224,-1,AGUA
-47,799,-16,AGUA
-47,252,-16,AGUA
-46,1404,-16,AGUA
-48,1539,-16,AGUA
-42,167,-16,AGUA
-40,1104,-16,AGUA
-42,1239,-16,AGUA
-33,733,-2,AGUA
-46,1304,-16,AGUA
-40,814,-16,AGUA
-42,519,-16,AGUA
-40,1139,-16,AGUA
-33,1265,-2,AGUA
-42,1674,-16,AGUA
-44,1716,-16,AGUA
-42,1339,-16,AGUA
-43,40,-16,AGUA
-44,1106,-16,AGUA
-46,1054,-16,AGUA
-43,1160,-16,AGUA
-45,114,-16,AGUA
-40,1504,-16,AGUA
-45,872,-16,AGUA
-48,1065,-16,AGUA
-47,862,-16,AGUA
-48,200,-1,AGUA
-42,96,-16,AGUA
-42,532,-16,AGUA
-43,294,-16,AGUA
-45,1646,-16,AGUA
-48,14,-1,AGUA
-33,1241,-2,AGUA
-42,1265,-16,AGUA
-47,1370,-16,AGUA
-45,1172,-16,AGUA
-40,463,-16,AGUA
-43,768,-16,AGUA
-47,104,-16,AGUA
-45,1746,-16,AGUA
-47,1470,-16,AGUA
-45,214,-16,AGUA
-42,1165,-16,AGUA
-40,503,-16,AGUA
-40,937,-16,AGUA
-48,119,-11,AGUA
-48,119,-10,AGUA
-40,1815,-16,AGUA
-47,1610,-16,AGUA
-48,690,-16,AGUA
-42,38,-16,AGUA
-47,975,-16,AGUA
-48,1376,-16,AGUA
-44,1814,-16,AGUA
-48,633,-9,AGUA
-42,1076,-16,AGUA
-48,633,-8,AGUA
-48,633,-7,AGUA
-48,633,-6,AGUA
-48,633,-5,AGUA
-48,633,-4,AGUA
-48,633,-3,AGUA
-48,633,-2,AGUA
-47,1681,-16,AGUA
-48,633,-1,AGUA
-47,1657,-16,AGUA
-43,632,-16,AGUA
-48,645,-9,AGUA
-48,645,-7,AGUA
-48,645,-8,AGUA
-48,645,-5,AGUA
-48,645,-6,AGUA
-48,645,-3,AGUA
-48,645,-4,AGUA
-48,645,-1,AGUA
-48,645,-2,AGUA
-42,941,-16,AGUA
-42,843,-16,AGUA
-40,187,-16,AGUA
-48,119,-13,AGUA
-48,119,-12,AGUA
-33,769,-2,AGUA
-48,119,-15,AGUA
-48,119,-14,AGUA
-42,143,-16,AGUA
-40,1702,-16,AGUA
-44,394,-16,AGUA
-40,1017,-16,AGUA
-46,350,-16,AGUA
-42,1576,-16,AGUA
-46,1230,-16,AGUA
-44,1740,-16,AGUA
-33,757,-2,AGUA
-40,863,-16,AGUA
-42,730,-16,AGUA
-43,492,-16,AGUA
-47,1583,-16,AGUA
-33,745,-2,AGUA
-42,62,-16,AGUA
-44,1064,-16,AGUA
-40,1499,-16,AGUA
-40,20,-16,AGUA
-48,1031,-16,AGUA
-47,128,-16,AGUA
-48,621,-1,AGUA
-48,621,-2,AGUA
-48,621,-3,AGUA
-48,621,-4,AGUA
-48,621,-5,AGUA
-48,621,-6,AGUA
-48,621,-7,AGUA
-47,341,-16,AGUA
-48,621,-8,AGUA
-48,621,-9,AGUA
-47,388,-16,AGUA
-47,299,-16,AGUA
-42,1305,-16,AGUA
-46,626,-16,AGUA
-44,80,-16,AGUA
-47,902,-16,AGUA
-47,217,-16,AGUA
-46,1688,-16,AGUA
-46,824,-16,AGUA
-47,1194,-16,AGUA
-42,1476,-16,AGUA
-47,586,-16,AGUA
-44,212,-16,AGUA
-40,1341,-16,AGUA
-42,256,-16,AGUA
-47,488,-16,AGUA
-47,317,-16,AGUA
-42,1405,-16,AGUA
-47,415,-16,AGUA
-43,908,-16,AGUA
-47,1023,-16,AGUA
-48,1105,-16,AGUA
-48,17,-13,AGUA
-48,17,-14,AGUA
-48,17,-15,AGUA
-46,726,-16,AGUA
-48,17,-10,AGUA
-48,17,-11,AGUA
-48,17,-12,AGUA
-48,669,-7,AGUA
-48,669,-8,AGUA
-48,669,-9,AGUA
-48,669,-3,AGUA
-48,669,-4,AGUA
-48,669,-5,AGUA
-48,669,-6,AGUA
-48,669,-1,AGUA
-48,669,-2,AGUA
-43,508,-16,AGUA
-46,250,-16,AGUA
-40,774,-16,AGUA
-48,177,-10,AGUA
-48,177,-11,AGUA
-48,177,-14,AGUA
-48,177,-15,AGUA
-48,177,-12,AGUA
-48,177,-13,AGUA
-45,548,-16,AGUA
-44,312,-16,AGUA
-47,1510,-16,AGUA
-48,764,-16,AGUA
-40,1099,-16,AGUA
-43,1200,-16,AGUA
-48,657,-7,AGUA
-48,657,-6,AGUA
-48,657,-9,AGUA
-48,657,-8,AGUA
-48,657,-3,AGUA
-48,657,-2,AGUA
-48,657,-5,AGUA
-48,657,-4,AGUA
-48,657,-1,AGUA
-40,1415,-16,AGUA
-42,917,-16,AGUA
-48,190,-16,AGUA
-48,664,-16,AGUA
-40,1586,-16,AGUA
-47,939,-16,AGUA
-40,1053,-16,AGUA
-42,1153,-16,AGUA
-47,874,-16,AGUA
-47,1412,-16,AGUA
-48,341,-15,AGUA
-48,341,-14,AGUA
-48,341,-13,AGUA
-48,341,-12,AGUA
-48,341,-11,AGUA
-48,341,-10,AGUA
-43,52,-16,AGUA
-43,1782,-16,AGUA
-47,189,-16,AGUA
-45,8,-16,AGUA
-43,756,-16,AGUA
-40,603,-16,AGUA
-45,1634,-16,AGUA
-43,1534,-16,AGUA
-48,219,-10,AGUA
-47,1734,-16,AGUA
-40,763,-16,AGUA
-42,807,-16,AGUA
-45,1382,-16,AGUA
-42,244,-16,AGUA
-48,888,-16,AGUA
-47,1482,-16,AGUA
-48,154,-16,AGUA
-40,898,-16,AGUA
-40,1240,-16,AGUA
-33,1361,-2,AGUA
-42,742,-16,AGUA
-42,73,-16,AGUA
-48,1365,-16,AGUA
-48,1131,-16,AGUA
-48,566,-16,AGUA
-40,1803,-16,AGUA
-40,576,-16,AGUA
-47,1808,-16,AGUA
-42,1716,-16,AGUA
-40,265,-16,AGUA
-47,804,-16,AGUA
-43,1608,-16,AGUA
-40,1127,-16,AGUA
-48,406,-16,AGUA
-42,629,-16,AGUA
-40,416,-16,AGUA
-40,587,-16,AGUA
-48,1687,-16,AGUA
-45,1136,-16,AGUA
-44,570,-16,AGUA
-47,205,-16,AGUA
-48,1552,-16,AGUA
-48,1439,-16,AGUA
-47,1171,-16,AGUA
-47,140,-16,AGUA
-47,1000,-16,AGUA
-42,1651,-16,AGUA
-44,92,-16,AGUA
-42,1538,-16,AGUA
-47,376,-16,AGUA
-44,1638,-16,AGUA
-47,1236,-16,AGUA
-47,1058,-16,AGUA
-33,3,-2,AGUA
-48,652,-16,AGUA
-40,1305,-16,AGUA
-48,53,-15,AGUA
-48,53,-14,AGUA
-42,318,-16,AGUA
-48,53,-13,AGUA
-48,53,-12,AGUA
-48,53,-11,AGUA
-48,53,-10,AGUA
-42,555,-16,AGUA
-42,431,-16,AGUA
-42,368,-16,AGUA
-43,380,-16,AGUA
-33,497,-2,AGUA
-44,1564,-16,AGUA
-48,219,-15,AGUA
-48,219,-14,AGUA
-48,219,-13,AGUA
-48,219,-12,AGUA
-48,219,-11,AGUA
-40,837,-16,AGUA
-48,940,-16,AGUA
-40,950,-16,AGUA
-44,42,-16,AGUA
-40,229,-16,AGUA
-48,1703,-16,AGUA
-47,628,-16,AGUA
-48,827,-16,AGUA
-46,362,-16,AGUA
-33,473,-2,AGUA
-42,1752,-16,AGUA
-33,485,-2,AGUA
-42,1639,-16,AGUA
-46,614,-16,AGUA
-44,946,-16,AGUA
-47,74,-16,AGUA
-45,600,-16,AGUA
-48,1804,-16,AGUA
-33,461,-2,AGUA
-42,1099,-16,AGUA
-43,310,-16,AGUA
-45,794,-16,AGUA
-48,1054,-16,AGUA
-47,750,-16,AGUA
-40,1177,-16,AGUA
-45,658,-16,AGUA
-44,1176,-16,AGUA
-46,1276,-16,AGUA
-40,43,-16,AGUA
-48,255,-10,AGUA
-40,914,-16,AGUA
-48,255,-13,AGUA
-46,1090,-16,AGUA
-48,255,-14,AGUA
-48,255,-11,AGUA
-48,255,-12,AGUA
-44,460,-16,AGUA
-40,1749,-16,AGUA
-48,255,-15,AGUA
-48,1442,-16,AGUA
-40,727,-16,AGUA
-44,1242,-16,AGUA
-45,1510,-16,AGUA
-40,526,-16,AGUA
-43,1410,-16,AGUA
-47,998,-16,AGUA
-40,1476,-16,AGUA
-47,451,-16,AGUA
-45,1758,-16,AGUA
-42,978,-16,AGUA
-44,146,-16,AGUA
-46,1206,-16,AGUA
-40,164,-16,AGUA
-44,822,-16,AGUA
-40,840,-16,AGUA
-45,584,-16,AGUA
-48,91,-15,AGUA
-48,91,-13,AGUA
-48,91,-14,AGUA
-48,91,-11,AGUA
-48,91,-12,AGUA
-48,91,-10,AGUA
-47,1101,-16,AGUA
-45,724,-16,AGUA
-44,892,-16,AGUA
-47,139,-16,AGUA
-47,563,-16,AGUA
-45,312,-16,AGUA
-44,1316,-16,AGUA
-46,486,-16,AGUA
-48,1516,-16,AGUA
-43,258,-16,AGUA
-42,490,-16,AGUA
-40,1663,-16,AGUA
-33,1385,-2,AGUA
-43,1036,-16,AGUA
-46,502,-16,AGUA
-40,351,-16,AGUA
-47,264,-16,AGUA
-42,667,-16,AGUA
-44,534,-16,AGUA
-47,1272,-16,AGUA
-45,296,-16,AGUA
-33,1397,-2,AGUA
-45,1012,-16,AGUA
-45,82,-16,AGUA
-40,1551,-16,AGUA
-33,503,-2,AGUA
-45,226,-16,AGUA
-42,1441,-16,AGUA
-42,1328,-16,AGUA
-40,1438,-16,AGUA
-44,1674,-16,AGUA
-33,1373,-2,AGUA
-48,516,-16,AGUA
-33,515,-2,AGUA
-43,1122,-16,AGUA
-46,860,-16,AGUA
-42,0,-5,TOCHA
-42,679,-16,AGUA
-40,81,-16,AGUA
-33,539,-2,AGUA
-33,1517,-2,AGUA
-42,1340,-16,AGUA
-42,120,-16,AGUA
-47,1547,-16,AGUA
-40,1263,-16,AGUA
-40,1737,-16,AGUA
-40,339,-16,AGUA
-47,1346,-16,AGUA
-48,442,-16,AGUA
-46,116,-16,AGUA
-33,1505,-2,AGUA
-40,452,-16,AGUA
-48,329,-13,AGUA
-46,1164,-16,AGUA
-48,329,-14,AGUA
-48,329,-11,AGUA
-33,527,-2,AGUA
-48,329,-12,AGUA
-48,329,-15,AGUA
-48,261,-2,AGUA
-42,866,-16,AGUA
-48,261,-8,AGUA
-48,261,-7,AGUA
-48,261,-9,AGUA
-48,261,-4,AGUA
-42,1227,-16,AGUA
-48,261,-3,AGUA
-48,261,-6,AGUA
-42,1398,-16,AGUA
-48,261,-5,AGUA
-40,1364,-16,AGUA
-48,329,-10,AGUA
-48,273,-2,AGUA
-43,1646,-16,AGUA
-43,1468,-16,AGUA
-48,273,-3,AGUA
-33,57,-2,AGUA
-48,589,-15,AGUA
-48,589,-10,AGUA
-47,940,-16,AGUA
-48,513,-9,AGUA
-48,513,-7,AGUA
-48,589,-14,AGUA
-48,513,-8,AGUA
-48,589,-13,AGUA
-44,1052,-16,AGUA
-48,513,-5,AGUA
-48,589,-12,AGUA
-48,513,-6,AGUA
-48,589,-11,AGUA
-48,513,-3,AGUA
-48,513,-4,AGUA
-48,513,-1,AGUA
-48,513,-2,AGUA
-44,1230,-16,AGUA
-42,1130,-16,AGUA
-48,273,-8,AGUA
-48,273,-9,AGUA
-43,1670,-16,AGUA
-48,273,-4,AGUA
-48,273,-5,AGUA
-48,273,-6,AGUA
-48,273,-7,AGUA
-42,1702,-16,AGUA
-44,1802,-16,AGUA
-33,111,-2,AGUA
-48,285,-8,AGUA
-48,285,-7,AGUA
-47,1533,-16,AGUA
-48,285,-6,AGUA
-48,285,-5,AGUA
-43,570,-16,AGUA
-42,1106,-16,AGUA
-48,285,-9,AGUA
-42,1017,-16,AGUA
-48,1477,-16,AGUA
-48,131,-14,AGUA
-48,131,-15,AGUA
-48,131,-12,AGUA
-48,131,-13,AGUA
-33,45,-2,AGUA
-48,131,-10,AGUA
-48,131,-11,AGUA
-40,697,-16,AGUA
-42,50,-16,AGUA
-48,501,-9,AGUA
-48,501,-8,AGUA
-45,1568,-16,AGUA
-48,501,-7,AGUA
-48,501,-6,AGUA
-48,501,-5,AGUA
-48,501,-4,AGUA
-47,827,-16,AGUA
-48,501,-3,AGUA
-48,501,-2,AGUA
-48,501,-1,AGUA
-47,1435,-16,AGUA
-48,285,-4,AGUA
-48,285,-3,AGUA
-48,285,-2,AGUA
-40,949,-16,AGUA
-33,889,-2,AGUA
-48,297,-8,AGUA
-48,297,-9,AGUA
-48,297,-6,AGUA
-48,297,-7,AGUA
-44,1688,-16,AGUA
-43,1394,-16,AGUA
-33,135,-2,AGUA
-48,297,-4,AGUA
-48,297,-5,AGUA
-48,297,-2,AGUA
-48,297,-3,AGUA
-33,1529,-2,AGUA
-48,549,-9,AGUA
-48,549,-8,AGUA
-48,549,-3,AGUA
-48,549,-2,AGUA
-48,549,-1,AGUA
-48,549,-7,AGUA
-42,1604,-16,AGUA
-48,549,-6,AGUA
-33,21,-2,AGUA
-48,549,-5,AGUA
-48,549,-4,AGUA
-40,215,-16,AGUA
-46,972,-16,AGUA
-48,205,-14,AGUA
-48,205,-15,AGUA
-43,1172,-16,AGUA
-40,973,-16,AGUA
-47,27,-16,AGUA
-44,658,-16,AGUA
-40,1076,-16,AGUA
-42,1515,-16,AGUA
-43,644,-16,AGUA
-33,33,-2,AGUA
-33,123,-2,AGUA
-42,1041,-16,AGUA
-48,205,-12,AGUA
-48,205,-13,AGUA
-48,205,-10,AGUA
-48,205,-11,AGUA
-45,362,-16,AGUA
-40,1574,-16,AGUA
-47,353,-16,AGUA
-48,1404,-16,AGUA
-45,184,-16,AGUA
-48,605,-13,AGUA
-48,605,-12,AGUA
-48,605,-11,AGUA
-48,605,-10,AGUA
-48,605,-15,AGUA
-48,605,-14,AGUA
-40,386,-16,AGUA
-44,600,-16,AGUA
-42,1775,-16,AGUA
-40,564,-16,AGUA
-44,422,-16,AGUA
-47,51,-16,AGUA
-33,1591,-2,AGUA
-43,146,-16,AGUA
-44,1428,-16,AGUA
-42,489,-16,AGUA
-48,1575,-16,AGUA
-43,1246,-16,AGUA
-40,599,-16,AGUA
-45,1094,-16,AGUA
-40,199,-16,AGUA
-48,537,-7,AGUA
-48,537,-8,AGUA
-48,537,-9,AGUA
-44,200,-16,AGUA
-48,537,-3,AGUA
-48,537,-4,AGUA
-48,537,-5,AGUA
-48,537,-6,AGUA
-48,537,-1,AGUA
-48,537,-2,AGUA
-33,147,-2,AGUA
-47,427,-16,AGUA
-40,786,-16,AGUA
-40,141,-16,AGUA
-48,189,-10,AGUA
-42,26,-16,AGUA
-48,189,-14,AGUA
-48,531,-12,AGUA
-48,531,-13,AGUA
-48,189,-13,AGUA
-48,189,-12,AGUA
-48,531,-10,AGUA
-48,531,-11,AGUA
-48,189,-11,AGUA
-47,1400,-16,AGUA
-48,531,-14,AGUA
-47,540,-16,AGUA
-48,531,-15,AGUA
-48,189,-15,AGUA
-33,159,-2,AGUA
-47,1622,-16,AGUA
-47,1509,-16,AGUA
-48,525,-7,AGUA
-48,525,-6,AGUA
-48,525,-9,AGUA
-48,525,-8,AGUA
-48,525,-3,AGUA
-48,525,-2,AGUA
-48,525,-5,AGUA
-48,525,-4,AGUA
-45,1494,-16,AGUA
-48,525,-1,AGUA
-44,1786,-16,AGUA
-48,1753,-16,AGUA
-47,1035,-16,AGUA
-45,436,-16,AGUA
-42,1588,-16,AGUA
-42,1417,-16,AGUA
-44,1028,-16,AGUA
-48,1330,-16,AGUA
-46,198,-16,AGUA
-42,1188,-16,AGUA
-47,1793,-16,AGUA
-42,1277,-16,AGUA
-45,860,-16,AGUA
-47,614,-16,AGUA
-48,465,-13,AGUA
-40,615,-16,AGUA
-48,465,-12,AGUA
-48,465,-11,AGUA
-48,465,-10,AGUA
-47,1769,-16,AGUA
-45,836,-16,AGUA
-48,465,-15,AGUA
-48,465,-14,AGUA
-48,1190,-16,AGUA
-46,1342,-16,AGUA
-40,19,-16,AGUA
-46,598,-16,AGUA
-47,703,-16,AGUA
-47,1311,-16,AGUA
-44,324,-16,AGUA
-42,889,-16,AGUA
-48,1738,-16,AGUA
-43,1312,-16,AGUA
-42,1464,-16,AGUA
-42,1375,-16,AGUA
-40,802,-16,AGUA
-46,1816,-16,AGUA
-40,662,-16,AGUA
-47,1222,-16,AGUA
-40,1387,-16,AGUA
-43,978,-16,AGUA
-43,422,-16,AGUA
-48,1264,-16,AGUA
-44,184,-16,AGUA
-46,738,-16,AGUA
-48,376,-16,AGUA
-40,1298,-16,AGUA
-47,116,-16,AGUA
-47,329,-16,AGUA
-45,1160,-16,AGUA
-47,1295,-16,AGUA
-40,1787,-16,AGUA
-33,1035,-2,AGUA
-43,920,-16,AGUA
-47,1124,-16,AGUA
-33,865,-2,AGUA
-48,1664,-16,AGUA
-40,304,-16,AGUA
-44,1452,-16,AGUA
-33,841,-2,AGUA
-33,1047,-2,AGUA
-46,1774,-16,AGUA
-33,877,-2,AGUA
-45,102,-16,AGUA
-42,1204,-16,AGUA
-46,84,-16,AGUA
-46,696,-16,AGUA
-40,475,-16,AGUA
-47,287,-16,AGUA
-44,682,-16,AGUA
-48,391,-13,AGUA
-48,391,-12,AGUA
-40,288,-16,AGUA
-48,391,-11,AGUA
-48,391,-10,AGUA
-48,391,-15,AGUA
-48,1306,-16,AGUA
-48,391,-14,AGUA
-45,1234,-16,AGUA
-45,460,-16,AGUA
-47,1369,-16,AGUA
-44,756,-16,AGUA
-43,1744,-16,AGUA
-47,687,-16,AGUA
-47,516,-16,AGUA
-33,1059,-2,AGUA
-45,934,-16,AGUA
-33,1818,-2,AGUA
-48,1077,-16,AGUA
-48,107,-13,AGUA
-48,107,-14,AGUA
-48,107,-15,AGUA
-47,1711,-16,AGUA
-44,282,-16,AGUA
-40,117,-16,AGUA
-48,220,-16,AGUA
-43,1270,-16,AGUA
-40,1616,-16,AGUA
-45,1708,-16,AGUA
-40,875,-16,AGUA
-33,69,-2,AGUA
-40,704,-16,AGUA
-40,1029,-16,AGUA
-40,230,-16,AGUA
-48,865,-16,AGUA
-42,1562,-16,AGUA
-43,520,-16,AGUA
-33,853,-2,AGUA
-46,1416,-16,AGUA
-48,278,-16,AGUA
-48,107,-10,AGUA
-48,107,-11,AGUA
-48,107,-12,AGUA
-46,926,-16,AGUA
-48,491,-1,AGUA
-42,1242,-16,AGUA
-44,560,-16,AGUA
-47,215,-16,AGUA
-42,565,-16,AGUA
-47,688,-16,AGUA
-48,491,-3,AGUA
-48,491,-2,AGUA
-48,491,-5,AGUA
-46,1442,-16,AGUA
-48,491,-4,AGUA
-48,491,-7,AGUA
-48,491,-6,AGUA
-48,491,-9,AGUA
-48,491,-8,AGUA
-47,641,-16,AGUA
-40,1286,-16,AGUA
-43,1758,-16,AGUA
-46,1016,-16,AGUA
-40,417,-16,AGUA
-45,984,-16,AGUA
-43,280,-16,AGUA
-40,861,-16,AGUA
-46,6,-16,AGUA
-47,1170,-16,AGUA
-42,653,-16,AGUA
-44,1486,-16,AGUA
-42,1039,-16,AGUA
-48,1454,-16,AGUA
-42,430,-16,AGUA
-45,1196,-16,AGUA
-47,1393,-16,AGUA
-46,838,-16,AGUA
-44,1254,-16,AGUA
-33,1735,-2,AGUA
-40,1054,-16,AGUA
-43,192,-16,AGUA
-47,553,-16,AGUA
-44,134,-16,AGUA
-48,718,-16,AGUA
-33,1723,-2,AGUA
-42,991,-16,AGUA
-42,477,-16,AGUA
-40,1462,-16,AGUA
-40,649,-16,AGUA
-42,1816,-16,AGUA
-44,880,-16,AGUA
-47,1708,-16,AGUA
-33,1711,-2,AGUA
-42,1163,-16,AGUA
-47,1082,-16,AGUA
-42,306,-16,AGUA
-33,263,-2,AGUA
-46,1762,-16,AGUA
-48,429,-9,AGUA
-48,429,-3,AGUA
-48,429,-4,AGUA
-48,429,-2,AGUA
-48,429,-7,AGUA
-48,429,-8,AGUA
-48,429,-5,AGUA
-48,429,-6,AGUA
-42,245,-16,AGUA
-40,737,-16,AGUA
-47,1744,-16,AGUA
-40,541,-16,AGUA
-33,251,-2,AGUA
-48,1231,-16,AGUA
-42,1465,-16,AGUA
-47,127,-16,AGUA
-47,961,-16,AGUA
-47,1384,-16,AGUA
-43,1632,-16,AGUA
-33,299,-2,AGUA
-42,732,-16,AGUA
-40,1813,-16,AGUA
-45,558,-16,AGUA
-42,1330,-16,AGUA
-40,1018,-16,AGUA
-40,987,-16,AGUA
-40,685,-16,AGUA
-43,494,-16,AGUA
-48,1774,-16,AGUA
-42,110,-16,AGUA
-46,440,-16,AGUA
-48,180,-16,AGUA
-40,1374,-16,AGUA
-46,1498,-16,AGUA
-40,1189,-16,AGUA
-33,287,-2,AGUA
-44,222,-16,AGUA
-40,329,-16,AGUA
-46,1104,-16,AGUA
-40,514,-16,AGUA
-48,754,-16,AGUA
-33,275,-2,AGUA
-43,98,-16,AGUA
-42,820,-16,AGUA
-40,66,-16,AGUA
-40,163,-16,AGUA
-42,15,-16,AGUA
-47,1521,-16,AGUA
-43,582,-16,AGUA
-46,962,-16,AGUA
-45,682,-16,AGUA
-43,1224,-16,AGUA
-46,1406,-16,AGUA
-48,328,-16,AGUA
-43,244,-16,AGUA
-42,1785,-16,AGUA
-33,1387,-2,AGUA
-45,198,-16,AGUA
-40,453,-16,AGUA
-40,1405,-16,AGUA
-46,760,-16,AGUA
-47,1559,-16,AGUA
-42,867,-16,AGUA
-47,88,-16,AGUA
-47,41,-16,AGUA
-45,1468,-16,AGUA
-40,298,-16,AGUA
-47,1134,-16,AGUA
-48,405,-7,AGUA
-48,405,-8,AGUA
-48,405,-9,AGUA
-48,405,-3,AGUA
-48,405,-4,AGUA
-48,405,-5,AGUA
-48,405,-6,AGUA
-40,1338,-16,AGUA
-48,405,-2,AGUA
-48,144,-16,AGUA
-45,238,-16,AGUA
-47,1472,-16,AGUA
-40,1725,-16,AGUA
-44,436,-16,AGUA
-43,1022,-16,AGUA
-46,672,-16,AGUA
-42,293,-16,AGUA
-47,837,-16,AGUA
-48,1717,-16,AGUA
-44,832,-16,AGUA
-47,251,-16,AGUA
-44,1788,-16,AGUA
-43,358,-16,AGUA
-45,910,-16,AGUA
-42,1697,-16,AGUA
-46,304,-16,AGUA
-45,594,-16,AGUA
-45,1210,-16,AGUA
-33,1399,-2,AGUA
-48,417,-9,AGUA
-48,417,-8,AGUA
-48,540,-16,AGUA
-48,417,-3,AGUA
-48,417,-2,AGUA
-40,365,-16,AGUA
-48,417,-7,AGUA
-48,417,-6,AGUA
-47,1201,-16,AGUA
-48,417,-5,AGUA
-48,903,-16,AGUA
-48,417,-4,AGUA
-42,1429,-16,AGUA
-48,587,-15,AGUA
-42,1526,-16,AGUA
-48,587,-14,AGUA
-48,587,-13,AGUA
-45,1500,-16,AGUA
-48,587,-12,AGUA
-48,587,-11,AGUA
-43,1680,-16,AGUA
-48,587,-10,AGUA
-48,986,-16,AGUA
-46,316,-16,AGUA
-42,1127,-16,AGUA
-47,825,-16,AGUA
-42,209,-16,AGUA
-42,608,-16,AGUA
-33,1351,-2,AGUA
-48,1729,-16,AGUA
-43,1508,-16,AGUA
-48,416,-16,AGUA
-48,815,-16,AGUA
-42,779,-16,AGUA
-40,940,-16,AGUA
-48,599,-10,AGUA
-48,599,-11,AGUA
-48,599,-12,AGUA
-48,599,-13,AGUA
-48,599,-14,AGUA
-48,599,-15,AGUA
-42,1514,-16,AGUA
-48,79,-14,AGUA
-48,79,-13,AGUA
-45,896,-16,AGUA
-48,79,-15,AGUA
-47,1348,-16,AGUA
-46,216,-16,AGUA
-48,687,-16,AGUA
-44,708,-16,AGUA
-48,79,-10,AGUA
-48,79,-12,AGUA
-48,79,-11,AGUA
-40,1764,-16,AGUA
-45,1284,-16,AGUA
-47,163,-16,AGUA
-47,925,-16,AGUA
-46,102,-16,AGUA
-42,1614,-16,AGUA
-33,1375,-2,AGUA
-43,1592,-16,AGUA
-40,1664,-16,AGUA
-45,1412,-16,AGUA
-40,251,-16,AGUA
-44,1574,-16,AGUA
-46,974,-16,AGUA
-43,156,-16,AGUA
-40,151,-16,AGUA
-47,1046,-16,AGUA
-40,1090,-16,AGUA
-48,1299,-16,AGUA
-42,1298,-16,AGUA
-43,1236,-16,AGUA
-46,874,-16,AGUA
-44,920,-16,AGUA
-47,1560,-16,AGUA
-33,1363,-2,AGUA
-47,465,-16,AGUA
-44,1218,-16,AGUA
-43,1136,-16,AGUA
-42,952,-16,AGUA
-40,465,-16,AGUA
-42,928,-16,AGUA
-40,31,-16,AGUA
-40,198,-16,AGUA
-46,1152,-16,AGUA
-47,602,-16,AGUA
-42,27,-16,AGUA
-42,169,-16,AGUA
-48,108,-16,AGUA
-47,1460,-16,AGUA
-42,517,-16,AGUA
-42,1087,-16,AGUA
-40,1190,-16,AGUA
-40,1006,-16,AGUA
-42,1040,-16,AGUA
-48,364,-16,AGUA
-44,270,-16,AGUA
-46,1306,-16,AGUA
-47,1668,-16,AGUA
-40,127,-16,AGUA
-48,179,-14,AGUA
-48,179,-15,AGUA
-48,179,-12,AGUA
-40,650,-16,AGUA
-48,179,-13,AGUA
-48,766,-16,AGUA
-48,179,-10,AGUA
-48,179,-11,AGUA
-47,1301,-16,AGUA
-40,1417,-16,AGUA
-47,190,-16,AGUA
-42,98,-16,AGUA
-43,458,-16,AGUA
-42,767,-16,AGUA
-42,1329,-16,AGUA
-43,1556,-16,AGUA
-42,122,-16,AGUA
-40,1441,-16,AGUA
-47,1372,-16,AGUA
-48,132,-16,AGUA
-43,1324,-16,AGUA
-42,193,-16,AGUA
-43,1580,-16,AGUA
-44,1438,-16,AGUA
-46,548,-16,AGUA
-42,51,-16,AGUA
-44,844,-16,AGUA
-48,706,-16,AGUA
-42,632,-16,AGUA
-40,939,-16,AGUA
-46,1726,-16,AGUA
-43,394,-16,AGUA
-44,56,-16,AGUA
-40,785,-16,AGUA
-40,1497,-16,AGUA
-44,744,-16,AGUA
-40,1799,-16,AGUA
-46,1626,-16,AGUA
-40,637,-16,AGUA
-42,1550,-16,AGUA
-47,1085,-16,AGUA
-47,1608,-16,AGUA
-47,1792,-16,AGUA
-42,1365,-16,AGUA
-47,1034,-16,AGUA
-46,228,-16,AGUA
-40,1326,-16,AGUA
-40,816,-16,AGUA
-44,1390,-16,AGUA
-47,1621,-16,AGUA
-43,1260,-16,AGUA
-47,1436,-16,AGUA
-48,1603,-16,AGUA
-47,749,-16,AGUA
-44,1290,-16,AGUA
-43,810,-16,AGUA
-47,1692,-16,AGUA
-40,93,-16,AGUA
-47,1336,-16,AGUA
-44,572,-16,AGUA
-43,1360,-16,AGUA
-47,1257,-16,AGUA
-47,904,-16,AGUA
-43,108,-16,AGUA
-40,1541,-16,AGUA
-33,701,-2,AGUA
-47,386,-16,AGUA
-42,1389,-16,AGUA
-40,1386,-16,AGUA
-48,232,-16,AGUA
-47,517,-16,AGUA
-48,666,-16,AGUA
-47,541,-16,AGUA
-46,624,-16,AGUA
-47,315,-16,AGUA
-47,773,-16,AGUA
-33,713,-2,AGUA
-40,1154,-16,AGUA
-46,1430,-16,AGUA
-46,826,-16,AGUA
-43,968,-16,AGUA
-48,279,-13,AGUA
-48,279,-14,AGUA
-48,279,-15,AGUA
-48,279,-10,AGUA
-48,279,-11,AGUA
-45,546,-16,AGUA
-48,279,-12,AGUA
-40,1115,-16,AGUA
-47,588,-16,AGUA
-44,210,-16,AGUA
-46,252,-16,AGUA
-40,405,-16,AGUA
-42,1650,-16,AGUA
-44,1538,-16,AGUA
-42,688,-16,AGUA
-40,1628,-16,AGUA
-48,192,-16,AGUA
-43,766,-16,AGUA
-43,1456,-16,AGUA
-42,1263,-16,AGUA
-42,345,-16,AGUA
-40,18,-16,AGUA
-48,41,-14,AGUA
-48,41,-15,AGUA
-48,41,-12,AGUA
-48,41,-13,AGUA
-40,1588,-16,AGUA
-48,890,-16,AGUA
-48,41,-10,AGUA
-48,41,-11,AGUA
-42,819,-16,AGUA
-42,1737,-16,AGUA
-42,530,-16,AGUA
-44,1498,-16,AGUA
-43,292,-16,AGUA
-48,951,-16,AGUA
-43,866,-16,AGUA
-46,1630,-16,AGUA
-44,1166,-16,AGUA
-47,430,-16,AGUA
-46,452,-16,AGUA
-48,1378,-16,AGUA
-43,890,-16,AGUA
-45,1148,-16,AGUA
-44,1266,-16,AGUA
-44,310,-16,AGUA
-46,352,-16,AGUA
-40,761,-16,AGUA
-33,749,-2,AGUA
-46,1530,-16,AGUA
-47,417,-16,AGUA
-45,1720,-16,AGUA
-47,115,-16,AGUA
-40,103,-16,AGUA
-48,1278,-16,AGUA
-47,788,-16,AGUA
-47,702,-16,AGUA
-47,873,-16,AGUA
-46,724,-16,AGUA
-33,1747,-2,AGUA
-44,1066,-16,AGUA
-48,464,-16,AGUA
-47,486,-16,AGUA
-33,725,-2,AGUA
-33,1037,-2,AGUA
-44,612,-16,AGUA
-46,150,-16,AGUA
-46,1802,-16,AGUA
-45,848,-16,AGUA
-45,374,-16,AGUA
-44,512,-16,AGUA
-33,737,-2,AGUA
-33,1759,-2,AGUA
-45,274,-16,AGUA
-47,973,-16,AGUA
-44,536,-16,AGUA
-43,434,-16,AGUA
-47,1572,-16,AGUA
-33,1049,-2,AGUA
-43,256,-16,AGUA
-47,1459,-16,AGUA
-46,1418,-16,AGUA
-45,298,-16,AGUA
-47,1234,-16,AGUA
-47,76,-16,AGUA
-44,196,-16,AGUA
-48,244,-16,AGUA
-43,1034,-16,AGUA
-43,1212,-16,AGUA
-42,719,-16,AGUA
-40,1553,-16,AGUA
-45,1794,-16,AGUA
-40,70,-16,AGUA
-47,714,-16,AGUA
-42,832,-16,AGUA
-47,374,-16,AGUA
-43,594,-16,AGUA
-42,967,-16,AGUA
-40,353,-16,AGUA
-46,1078,-16,AGUA
-46,862,-16,AGUA
-43,1124,-16,AGUA
-48,1705,-16,AGUA
-47,1484,-16,AGUA
-48,1527,-16,AGUA
-40,8,-16,AGUA
-47,1011,-16,AGUA
-46,612,-16,AGUA
-42,1637,-16,AGUA
-40,702,-16,AGUA
-48,476,-16,AGUA
-42,1750,-16,AGUA
-44,1728,-16,AGUA
-46,114,-16,AGUA
-40,175,-16,AGUA
-45,1400,-16,AGUA
-47,151,-16,AGUA
-33,1471,-2,AGUA
-48,404,-16,AGUA
-46,1398,-16,AGUA
-48,80,-16,AGUA
-43,1532,-16,AGUA
-42,1430,-16,AGUA
-46,1614,-16,AGUA
-42,233,-16,AGUA
-48,1052,-16,AGUA
-48,990,-16,AGUA
-48,575,-14,AGUA
-48,575,-15,AGUA
-48,575,-12,AGUA
-42,1317,-16,AGUA
-48,575,-13,AGUA
-48,575,-10,AGUA
-48,575,-11,AGUA
-42,330,-16,AGUA
-42,1139,-16,AGUA
-40,398,-16,AGUA
-47,1070,-16,AGUA
-40,1713,-16,AGUA
-47,1313,-16,AGUA
-48,28,-16,AGUA
-45,1222,-16,AGUA
-48,877,-16,AGUA
-47,453,-16,AGUA
-40,1474,-16,AGUA
-45,386,-16,AGUA
-42,1151,-16,AGUA
-43,754,-16,AGUA
-33,1483,-2,AGUA
-45,262,-16,AGUA
-46,986,-16,AGUA
-43,1248,-16,AGUA
-46,1506,-16,AGUA
-45,922,-16,AGUA
-46,684,-16,AGUA
-44,624,-16,AGUA
-42,75,-16,AGUA
-40,1303,-16,AGUA
-33,1603,-2,AGUA
-42,181,-16,AGUA
-48,1088,-16,AGUA
-48,1266,-16,AGUA
-33,1495,-2,AGUA
-46,1204,-16,AGUA
-40,263,-16,AGUA
-48,1016,-16,AGUA
-40,614,-16,AGUA
-40,441,-16,AGUA
-48,654,-16,AGUA
-40,916,-16,AGUA
-48,352,-16,AGUA
-40,1776,-16,AGUA
-44,322,-16,AGUA
-33,1615,-2,AGUA
-47,813,-16,AGUA
-46,1004,-16,AGUA
-47,275,-16,AGUA
-42,940,-16,AGUA
-44,1190,-16,AGUA
-44,90,-16,AGUA
-48,26,-1,AGUA
-47,1270,-16,AGUA
-43,558,-16,AGUA
-48,141,-2,AGUA
-48,141,-3,AGUA
-46,1590,-16,AGUA
-44,234,-16,AGUA
-47,1157,-16,AGUA
-47,653,-16,AGUA
-42,553,-16,AGUA
-46,1020,-16,AGUA
-47,1633,-16,AGUA
-33,1409,-2,AGUA
-43,1336,-16,AGUA
-48,371,-2,AGUA
-42,1714,-16,AGUA
-47,1536,-16,AGUA
-40,1251,-16,AGUA
-48,358,-1,AGUA
-48,153,-4,AGUA
-48,153,-3,AGUA
-48,153,-2,AGUA
-47,1401,-16,AGUA
-42,134,-16,AGUA
-48,38,-1,AGUA
-45,1096,-16,AGUA
-44,1676,-16,AGUA
-48,141,-8,AGUA
-48,141,-9,AGUA
-48,141,-4,AGUA
-48,141,-5,AGUA
-48,141,-6,AGUA
-48,141,-7,AGUA
-43,470,-16,AGUA
-48,1586,-16,AGUA
-48,51,-2,AGUA
-40,839,-16,AGUA
-48,51,-3,AGUA
-48,51,-4,AGUA
-48,51,-5,AGUA
-48,51,-6,AGUA
-48,334,-1,AGUA
-45,884,-16,AGUA
-48,51,-7,AGUA
-40,952,-16,AGUA
-40,1362,-16,AGUA
-48,165,-8,AGUA
-48,165,-9,AGUA
-48,165,-6,AGUA
-46,560,-16,AGUA
-48,165,-7,AGUA
-40,227,-16,AGUA
-48,177,-2,AGUA
-48,177,-4,AGUA
-48,177,-3,AGUA
-48,177,-6,AGUA
-48,177,-5,AGUA
-40,565,-16,AGUA
-43,382,-16,AGUA
-43,1568,-16,AGUA
-45,996,-16,AGUA
-43,1780,-16,AGUA
-46,416,-16,AGUA
-48,63,-8,AGUA
-45,1600,-16,AGUA
-48,63,-7,AGUA
-48,63,-6,AGUA
-48,63,-5,AGUA
-48,63,-4,AGUA
-33,507,-2,AGUA
-48,63,-3,AGUA
-44,1562,-16,AGUA
-48,63,-2,AGUA
-48,153,-8,AGUA
-48,153,-7,AGUA
-48,153,-6,AGUA
-48,153,-5,AGUA
-48,153,-9,AGUA
-46,1252,-16,AGUA
-44,44,-16,AGUA
-42,1229,-16,AGUA
-42,620,-16,AGUA
-46,648,-16,AGUA
-42,1052,-16,AGUA
-48,440,-16,AGUA
-48,1354,-16,AGUA
-40,1138,-16,AGUA
-33,519,-2,AGUA
-45,1296,-16,AGUA
-47,937,-16,AGUA
-48,165,-4,AGUA
-40,1652,-16,AGUA
-48,165,-5,AGUA
-48,165,-2,AGUA
-48,165,-3,AGUA
-33,493,-2,AGUA
-42,1342,-16,AGUA
-44,732,-16,AGUA
-48,346,-1,AGUA
-48,51,-8,AGUA
-48,51,-9,AGUA
-45,494,-16,AGUA
-47,1732,-16,AGUA
-48,64,-16,AGUA
-48,87,-2,AGUA
-48,528,-16,AGUA
-48,309,-3,AGUA
-48,87,-8,AGUA
-48,309,-2,AGUA
-48,87,-7,AGUA
-48,190,-1,AGUA
-48,309,-5,AGUA
-48,309,-4,AGUA
-48,87,-9,AGUA
-48,87,-4,AGUA
-48,309,-7,AGUA
-48,87,-3,AGUA
-48,309,-6,AGUA
-48,87,-6,AGUA
-48,309,-9,AGUA
-48,87,-5,AGUA
-48,309,-8,AGUA
-33,481,-2,AGUA
-48,189,-8,AGUA
-48,189,-9,AGUA
-46,1738,-16,AGUA
-40,797,-16,AGUA
-48,63,-9,AGUA
-48,189,-2,AGUA
-48,189,-3,AGUA
-48,189,-4,AGUA
-48,189,-5,AGUA
-48,189,-6,AGUA
-48,189,-7,AGUA
-45,1184,-16,AGUA
-48,322,-1,AGUA
-47,996,-16,AGUA
-40,1350,-16,AGUA
-48,177,-8,AGUA
-48,177,-7,AGUA
-48,915,-16,AGUA
-48,177,-9,AGUA
-47,178,-16,AGUA
-48,75,-8,AGUA
-48,75,-9,AGUA
-48,75,-6,AGUA
-42,1685,-16,AGUA
-48,75,-7,AGUA
-48,75,-4,AGUA
-48,75,-5,AGUA
-46,1750,-16,AGUA
-48,75,-2,AGUA
-48,75,-3,AGUA
-47,1360,-16,AGUA
-45,1512,-16,AGUA
-45,796,-16,AGUA
-42,465,-16,AGUA
-47,565,-16,AGUA
-40,553,-16,AGUA
-45,582,-16,AGUA
-47,29,-16,AGUA
-44,908,-16,AGUA
-40,896,-16,AGUA
-40,725,-16,AGUA
-44,820,-16,AGUA
-44,1118,-16,AGUA
-48,99,-2,AGUA
-48,99,-3,AGUA
-33,7,-2,AGUA
-48,99,-8,AGUA
-48,99,-9,AGUA
-48,99,-4,AGUA
-48,99,-5,AGUA
-48,99,-6,AGUA
-48,99,-7,AGUA
-40,54,-16,AGUA
-48,156,-16,AGUA
-48,310,-1,AGUA
-40,1078,-16,AGUA
-42,665,-16,AGUA
-42,855,-16,AGUA
-33,593,-2,AGUA
-47,1122,-16,AGUA
-48,631,-10,AGUA
-48,631,-12,AGUA
-48,631,-11,AGUA
-48,631,-14,AGUA
-48,631,-13,AGUA
-40,1398,-16,AGUA
-48,631,-15,AGUA
-33,833,-2,AGUA
-48,267,-13,AGUA
-48,267,-12,AGUA
-48,267,-11,AGUA
-48,267,-10,AGUA
-46,58,-16,AGUA
-42,1773,-16,AGUA
-48,267,-15,AGUA
-48,267,-14,AGUA
-48,291,-10,AGUA
-47,1595,-16,AGUA
-47,351,-16,AGUA
-43,144,-16,AGUA
-40,1576,-16,AGUA
-47,327,-16,AGUA
-48,607,-15,AGUA
-48,291,-15,AGUA
-48,607,-14,AGUA
-48,607,-13,AGUA
-48,607,-12,AGUA
-48,607,-11,AGUA
-48,291,-12,AGUA
-47,505,-16,AGUA
-45,186,-16,AGUA
-48,291,-11,AGUA
-48,607,-10,AGUA
-48,291,-14,AGUA
-48,291,-13,AGUA
-48,1662,-16,AGUA
-33,821,-2,AGUA
-44,424,-16,AGUA
-40,306,-16,AGUA
-47,238,-16,AGUA
-48,499,-11,AGUA
-48,499,-12,AGUA
-47,850,-16,AGUA
-48,499,-10,AGUA
-48,499,-15,AGUA
-48,499,-13,AGUA
-48,499,-14,AGUA
-46,1814,-16,AGUA
-33,857,-2,AGUA
-48,518,-16,AGUA
-42,1749,-16,AGUA
-42,791,-16,AGUA
-45,1658,-16,AGUA
-47,737,-16,AGUA
-47,263,-16,AGUA
-44,932,-16,AGUA
-48,1415,-16,AGUA
-33,419,-2,AGUA
-33,167,-2,AGUA
-42,589,-16,AGUA
-45,694,-16,AGUA
-40,1166,-16,AGUA
-47,1097,-16,AGUA
-48,1751,-16,AGUA
-33,845,-2,AGUA
-46,1642,-16,AGUA
-44,760,-16,AGUA
-48,1638,-16,AGUA
-33,179,-2,AGUA
-45,24,-16,AGUA
-40,286,-16,AGUA
-43,1520,-16,AGUA
-42,1453,-16,AGUA
-33,581,-2,AGUA
-42,1704,-16,AGUA
-47,1767,-16,AGUA
-48,552,-16,AGUA
-48,439,-15,AGUA
-42,1488,-16,AGUA
-42,210,-16,AGUA
-48,854,-16,AGUA
-48,439,-12,AGUA
-48,439,-11,AGUA
-48,439,-14,AGUA
-48,439,-13,AGUA
-48,803,-16,AGUA
-42,1015,-16,AGUA
-33,77,-2,AGUA
-42,1186,-16,AGUA
-45,358,-16,AGUA
-43,618,-16,AGUA
-48,395,-9,AGUA
-48,395,-7,AGUA
-48,395,-8,AGUA
-48,395,-5,AGUA
-48,395,-6,AGUA
-45,300,-16,AGUA
-48,439,-10,AGUA
-48,1466,-16,AGUA
-46,1340,-16,AGUA
-33,65,-2,AGUA
-46,536,-16,AGUA
-33,407,-2,AGUA
-44,1686,-16,AGUA
-33,53,-2,AGUA
-48,383,-9,AGUA
-48,383,-8,AGUA
-48,383,-7,AGUA
-48,383,-6,AGUA
-48,383,-5,AGUA
-48,383,-4,AGUA
-48,395,-3,AGUA
-48,395,-4,AGUA
-48,116,-1,AGUA
-48,395,-2,AGUA
-33,869,-2,AGUA
-47,761,-16,AGUA
-40,1103,-16,AGUA
-47,676,-16,AGUA
-48,371,-3,AGUA
-48,371,-4,AGUA
-48,371,-5,AGUA
-48,371,-6,AGUA
-48,371,-7,AGUA
-44,1178,-16,AGUA
-48,371,-8,AGUA
-48,371,-9,AGUA
-46,736,-16,AGUA
-48,128,-1,AGUA
-47,53,-16,AGUA
-43,446,-16,AGUA
-42,1602,-16,AGUA
-40,1748,-16,AGUA
-33,41,-2,AGUA
-48,380,-16,AGUA
-48,383,-3,AGUA
-48,383,-2,AGUA
-48,383,-1,AGUA
-42,268,-16,AGUA
-42,381,-16,AGUA
-46,240,-16,AGUA
-40,1605,-16,AGUA
-42,529,-16,AGUA
-47,629,-16,AGUA
-33,1639,-2,AGUA
-48,305,-10,AGUA
-46,1116,-16,AGUA
-48,305,-11,AGUA
-48,305,-12,AGUA
-46,1140,-16,AGUA
-40,1274,-16,AGUA
-47,203,-16,AGUA
-47,1424,-16,AGUA
-44,122,-16,AGUA
-40,388,-16,AGUA
-48,305,-13,AGUA
-48,305,-14,AGUA
-48,305,-15,AGUA
-43,678,-16,AGUA
-33,1627,-2,AGUA
-47,1811,-16,AGUA
-48,120,-16,AGUA
-42,1206,-16,AGUA
-33,1169,-2,AGUA
-43,1472,-16,AGUA
-48,611,-2,AGUA
-48,611,-3,AGUA
-47,498,-16,AGUA
-48,611,-1,AGUA
-48,611,-6,AGUA
-48,611,-7,AGUA
-48,611,-4,AGUA
-48,611,-5,AGUA
-48,611,-8,AGUA
-48,611,-9,AGUA
-47,1680,-16,AGUA
-40,477,-16,AGUA
-46,914,-16,AGUA
-42,916,-16,AGUA
-42,1230,-16,AGUA
-47,1269,-16,AGUA
-44,1426,-16,AGUA
-47,298,-16,AGUA
-40,588,-16,AGUA
-43,1770,-16,AGUA
-40,502,-16,AGUA
-40,849,-16,AGUA
-44,500,-16,AGUA
-47,1069,-16,AGUA
-43,1746,-16,AGUA
-48,104,-1,AGUA
-45,602,-16,AGUA
-47,885,-16,AGUA
-33,1157,-2,AGUA
-43,1272,-16,AGUA
-42,418,-16,AGUA
-44,1054,-16,AGUA
-47,1656,-16,AGUA
-40,1227,-16,AGUA
-47,1293,-16,AGUA
-46,364,-16,AGUA
-40,115,-16,AGUA
-47,429,-16,AGUA
-47,1182,-16,AGUA
-40,873,-16,AGUA
-45,1492,-16,AGUA
-33,1145,-2,AGUA
-33,1121,-2,AGUA
-42,1577,-16,AGUA
-44,856,-16,AGUA
-48,659,-8,AGUA
-48,659,-9,AGUA
-33,89,-2,AGUA
-48,659,-6,AGUA
-48,659,-7,AGUA
-48,659,-4,AGUA
-48,659,-5,AGUA
-48,659,-2,AGUA
-48,659,-3,AGUA
-33,131,-2,AGUA
-48,659,-1,AGUA
-42,357,-16,AGUA
-48,647,-9,AGUA
-48,647,-8,AGUA
-48,647,-7,AGUA
-48,647,-6,AGUA
-48,647,-5,AGUA
-48,647,-4,AGUA
-48,647,-3,AGUA
-33,143,-2,AGUA
-48,647,-2,AGUA
-48,647,-1,AGUA
-42,1549,-16,AGUA
-33,1133,-2,AGUA
-40,673,-16,AGUA
-33,155,-2,AGUA
-42,329,-16,AGUA
-47,1224,-16,AGUA
-45,6,-16,AGUA
-42,442,-16,AGUA
-42,1104,-16,AGUA
-43,878,-16,AGUA
-42,1275,-16,AGUA
-43,86,-16,AGUA
-40,804,-16,AGUA
-42,270,-16,AGUA
-43,1444,-16,AGUA
-40,1214,-16,AGUA
-40,1687,-16,AGUA
-40,1042,-16,AGUA
-42,1075,-16,AGUA
-40,217,-16,AGUA
-33,1027,-2,AGUA
-48,623,-2,AGUA
-48,623,-1,AGUA
-48,623,-4,AGUA
-40,1516,-16,AGUA
-40,330,-16,AGUA
-48,623,-3,AGUA
-48,623,-6,AGUA
-48,623,-5,AGUA
-48,623,-8,AGUA
-48,623,-7,AGUA
-48,623,-9,AGUA
-42,1377,-16,AGUA
-40,975,-16,AGUA
-48,8,-16,AGUA
-42,1662,-16,AGUA
-43,1170,-16,AGUA
-42,744,-16,AGUA
-43,1644,-16,AGUA
-48,635,-1,AGUA
-48,635,-2,AGUA
-48,635,-3,AGUA
-48,635,-4,AGUA
-48,1490,-16,AGUA
-48,635,-5,AGUA
-48,635,-6,AGUA
-48,635,-7,AGUA
-48,635,-8,AGUA
-48,635,-9,AGUA
-40,1801,-16,AGUA
-42,1406,-16,AGUA
-42,157,-16,AGUA
-45,1808,-16,AGUA
-33,1015,-2,AGUA
-47,1483,-16,AGUA
-40,104,-16,AGUA
-42,74,-16,AGUA
-45,72,-16,AGUA
-44,1326,-16,AGUA
-33,615,-2,AGUA
-47,1548,-16,AGUA
-40,442,-16,AGUA
-33,1485,-2,AGUA
-46,748,-16,AGUA
-43,1348,-16,AGUA
-40,577,-16,AGUA
-44,150,-16,AGUA
-44,400,-16,AGUA
-42,1661,-16,AGUA
-40,1617,-16,AGUA
-48,192,-1,AGUA
-45,162,-16,AGUA
-42,743,-16,AGUA
-40,530,-16,AGUA
-33,1497,-2,AGUA
-46,1690,-16,AGUA
-40,1126,-16,AGUA
-33,603,-2,AGUA
-43,690,-16,AGUA
-48,155,-12,AGUA
-47,1010,-16,AGUA
-40,174,-16,AGUA
-48,155,-13,AGUA
-48,155,-14,AGUA
-48,155,-15,AGUA
-48,155,-10,AGUA
-48,155,-11,AGUA
-33,639,-2,AGUA
-33,1039,-2,AGUA
-48,340,-16,AGUA
-44,1076,-16,AGUA
-48,405,-14,AGUA
-48,405,-15,AGUA
-48,405,-12,AGUA
-43,370,-16,AGUA
-48,405,-13,AGUA
-44,32,-16,AGUA
-44,470,-16,AGUA
-42,234,-16,AGUA
-48,405,-10,AGUA
-48,405,-11,AGUA
-45,1392,-16,AGUA
-47,1413,-16,AGUA
-44,1752,-16,AGUA
-43,1668,-16,AGUA
-42,1726,-16,AGUA
-40,1552,-16,AGUA
-40,762,-16,AGUA
-45,412,-16,AGUA
-46,174,-16,AGUA
-43,300,-16,AGUA
-45,968,-16,AGUA
-46,1352,-16,AGUA
-42,317,-16,AGUA
-42,808,-16,AGUA
-40,1599,-16,AGUA
-42,1152,-16,AGUA
-45,1268,-16,AGUA
-45,1322,-16,AGUA
-48,1188,-16,AGUA
-47,949,-16,AGUA
-45,1624,-16,AGUA
-40,951,-16,AGUA
-46,428,-16,AGUA
-42,369,-16,AGUA
-48,831,-16,AGUA
-44,1006,-16,AGUA
-47,884,-16,AGUA
-47,713,-16,AGUA
-40,613,-16,AGUA
-40,915,-16,AGUA
-48,475,-11,AGUA
-48,475,-12,AGUA
-48,475,-13,AGUA
-42,1388,-16,AGUA
-48,475,-14,AGUA
-48,475,-15,AGUA
-43,62,-16,AGUA
-40,850,-16,AGUA
-48,475,-10,AGUA
-45,1694,-16,AGUA
-47,814,-16,AGUA
-42,1638,-16,AGUA
-43,26,-16,AGUA
-48,1118,-16,AGUA
-45,1072,-16,AGUA
-42,554,-16,AGUA
-44,1378,-16,AGUA
-33,1461,-2,AGUA
-42,1217,-16,AGUA
-46,24,-16,AGUA
-46,262,-16,AGUA
-43,518,-16,AGUA
-47,1057,-16,AGUA
-47,204,-16,AGUA
-33,1473,-2,AGUA
-47,375,-16,AGUA
-46,94,-16,AGUA
-47,677,-16,AGUA
-33,627,-2,AGUA
-46,1032,-16,AGUA
-45,500,-16,AGUA
-42,1287,-16,AGUA
-47,305,-16,AGUA
-48,106,-1,AGUA
-44,1664,-16,AGUA
-48,61,-9,AGUA
-42,979,-16,AGUA
-48,61,-7,AGUA
-48,61,-8,AGUA
-40,341,-16,AGUA
-47,1246,-16,AGUA
-47,564,-16,AGUA
-40,1363,-16,AGUA
-43,268,-16,AGUA
-47,339,-16,AGUA
-48,73,-5,AGUA
-48,73,-4,AGUA
-48,73,-7,AGUA
-48,73,-6,AGUA
-42,980,-16,AGUA
-48,73,-3,AGUA
-48,73,-2,AGUA
-43,856,-16,AGUA
-40,140,-16,AGUA
-46,802,-16,AGUA
-48,441,-11,AGUA
-48,441,-10,AGUA
-48,1697,-16,AGUA
-48,441,-13,AGUA
-47,138,-16,AGUA
-48,441,-12,AGUA
-48,441,-15,AGUA
-48,441,-14,AGUA
-48,118,-1,AGUA
-44,1362,-16,AGUA
-42,506,-16,AGUA
-40,1653,-16,AGUA
-48,61,-5,AGUA
-48,61,-6,AGUA
-48,61,-3,AGUA
-48,61,-4,AGUA
-48,61,-2,AGUA
-42,1454,-16,AGUA
-40,1451,-16,AGUA
-40,784,-16,AGUA
-48,97,-5,AGUA
-48,97,-4,AGUA
-48,97,-3,AGUA
-48,97,-2,AGUA
-48,97,-9,AGUA
-48,97,-8,AGUA
-48,97,-7,AGUA
-48,97,-6,AGUA
-42,40,-16,AGUA
-48,131,-3,AGUA
-48,131,-4,AGUA
-48,131,-2,AGUA
-47,1158,-16,AGUA
-43,654,-16,AGUA
-44,636,-16,AGUA
-48,85,-9,AGUA
-42,1253,-16,AGUA
-40,42,-16,AGUA
-47,1359,-16,AGUA
-45,126,-16,AGUA
-40,1250,-16,AGUA
-45,714,-16,AGUA
-48,143,-3,AGUA
-48,143,-2,AGUA
-48,143,-5,AGUA
-48,143,-4,AGUA
-48,73,-9,AGUA
-48,73,-8,AGUA
-48,85,-5,AGUA
-48,85,-6,AGUA
-48,85,-7,AGUA
-48,85,-8,AGUA
-42,133,-16,AGUA
-48,85,-2,AGUA
-48,85,-3,AGUA
-48,85,-4,AGUA
-48,131,-9,AGUA
-48,131,-7,AGUA
-48,131,-8,AGUA
-48,131,-5,AGUA
-48,131,-6,AGUA
-47,997,-16,AGUA
-48,1627,-16,AGUA
-45,398,-16,AGUA
-48,52,-16,AGUA
-44,346,-16,AGUA
-48,155,-7,AGUA
-48,1242,-16,AGUA
-48,155,-8,AGUA
-48,155,-9,AGUA
-40,1736,-16,AGUA
-42,121,-16,AGUA
-47,191,-16,AGUA
-40,897,-16,AGUA
-40,726,-16,AGUA
-48,92,-16,AGUA
-48,167,-3,AGUA
-48,167,-2,AGUA
-44,992,-16,AGUA
-48,167,-7,AGUA
-48,167,-6,AGUA
-48,167,-5,AGUA
-48,167,-4,AGUA
-45,1558,-16,AGUA
-33,361,-2,AGUA
-48,143,-7,AGUA
-48,1254,-16,AGUA
-48,143,-6,AGUA
-48,143,-9,AGUA
-48,143,-8,AGUA
-43,1420,-16,AGUA
-46,60,-16,AGUA
-43,1722,-16,AGUA
-47,950,-16,AGUA
-40,827,-16,AGUA
-43,1792,-16,AGUA
-42,1341,-16,AGUA
-40,998,-16,AGUA
-44,720,-16,AGUA
-45,482,-16,AGUA
-48,155,-3,AGUA
-42,1098,-16,AGUA
-48,155,-4,AGUA
-48,155,-5,AGUA
-43,944,-16,AGUA
-48,155,-6,AGUA
-33,373,-2,AGUA
-48,155,-2,AGUA
-48,180,-1,AGUA
-33,385,-2,AGUA
-47,1733,-16,AGUA
-48,179,-9,AGUA
-40,1178,-16,AGUA
-48,642,-16,AGUA
-42,939,-16,AGUA
-45,1356,-16,AGUA
-48,256,-16,AGUA
-48,743,-16,AGUA
-43,642,-16,AGUA
-40,1007,-16,AGUA
-48,167,-9,AGUA
-48,167,-8,AGUA
-40,796,-16,AGUA
-48,179,-3,AGUA
-48,179,-4,AGUA
-47,1632,-16,AGUA
-48,179,-2,AGUA
-48,179,-7,AGUA
-48,179,-8,AGUA
-48,179,-5,AGUA
-48,179,-6,AGUA
-33,397,-2,AGUA
-40,239,-16,AGUA
-40,1665,-16,AGUA
-40,525,-16,AGUA
-47,1532,-16,AGUA
-40,82,-16,AGUA
-40,696,-16,AGUA
-44,1598,-16,AGUA
-42,588,-16,AGUA
-33,1507,-2,AGUA
-42,677,-16,AGUA
-46,500,-16,AGUA
-44,110,-16,AGUA
-43,1100,-16,AGUA
-40,376,-16,AGUA
-40,287,-16,AGUA
-45,1014,-16,AGUA
-40,1262,-16,AGUA
-43,910,-16,AGUA
-47,52,-16,AGUA
-38,0,-5,TOCHA
-48,221,-15,AGUA
-48,221,-14,AGUA
-47,1508,-16,AGUA
-40,240,-16,AGUA
-48,221,-13,AGUA
-46,884,-16,AGUA
-48,221,-12,AGUA
-48,221,-11,AGUA
-48,221,-10,AGUA
-44,648,-16,AGUA
-44,1462,-16,AGUA
-46,1554,-16,AGUA
-47,28,-16,AGUA
-43,1058,-16,AGUA
-44,334,-16,AGUA
-40,1077,-16,AGUA
-47,99,-16,AGUA
-48,204,-16,AGUA
-44,1616,-16,AGUA
-42,880,-16,AGUA
-42,1489,-16,AGUA
-47,530,-16,AGUA
-48,588,-16,AGUA
-47,441,-16,AGUA
-48,263,-3,AGUA
-47,1212,-16,AGUA
-48,263,-4,AGUA
-47,1123,-16,AGUA
-48,263,-2,AGUA
-47,915,-16,AGUA
-48,263,-9,AGUA
-48,263,-7,AGUA
-48,263,-8,AGUA
-48,630,-16,AGUA
-48,263,-5,AGUA
-48,263,-6,AGUA
-48,292,-16,AGUA
-48,606,-16,AGUA
-43,1082,-16,AGUA
-48,275,-3,AGUA
-48,275,-2,AGUA
-48,275,-5,AGUA
-48,275,-4,AGUA
-42,1442,-16,AGUA
-33,1519,-2,AGUA
-47,262,-16,AGUA
-47,826,-16,AGUA
-43,1484,-16,AGUA
-48,275,-7,AGUA
-48,275,-6,AGUA
-48,275,-9,AGUA
-40,305,-16,AGUA
-48,275,-8,AGUA
-45,1682,-16,AGUA
-47,239,-16,AGUA
-48,287,-7,AGUA
-48,287,-8,AGUA
-48,287,-9,AGUA
-44,1042,-16,AGUA
-40,714,-16,AGUA
-48,1218,-16,AGUA
-48,527,-8,AGUA
-43,1656,-16,AGUA
-48,527,-9,AGUA
-48,527,-6,AGUA
-48,527,-7,AGUA
-48,527,-4,AGUA
-48,527,-5,AGUA
-48,527,-2,AGUA
-48,527,-3,AGUA
-48,527,-1,AGUA
-48,1389,-16,AGUA
-44,968,-16,AGUA
-40,963,-16,AGUA
-48,777,-16,AGUA
-48,287,-3,AGUA
-48,287,-4,AGUA
-48,287,-5,AGUA
-48,287,-6,AGUA
-48,287,-2,AGUA
-40,885,-16,AGUA
-42,1603,-16,AGUA
-46,476,-16,AGUA
-48,299,-9,AGUA
-48,299,-8,AGUA
-45,772,-16,AGUA
-48,515,-9,AGUA
-47,1721,-16,AGUA
-48,515,-8,AGUA
-48,515,-7,AGUA
-48,299,-3,AGUA
-48,515,-6,AGUA
-48,962,-16,AGUA
-48,299,-2,AGUA
-48,515,-5,AGUA
-48,515,-4,AGUA
-48,515,-3,AGUA
-48,515,-2,AGUA
-48,299,-7,AGUA
-46,126,-16,AGUA
-48,299,-6,AGUA
-48,515,-1,AGUA
-48,299,-5,AGUA
-48,299,-4,AGUA
-40,750,-16,AGUA
-42,856,-16,AGUA
-42,1589,-16,AGUA
-44,1142,-16,AGUA
-46,1654,-16,AGUA
-42,1418,-16,AGUA
-47,506,-16,AGUA
-40,1397,-16,AGUA
-48,268,-16,AGUA
-47,613,-16,AGUA
-47,1679,-16,AGUA
-42,269,-16,AGUA
-48,304,-16,AGUA
-48,503,-1,AGUA
-48,503,-2,AGUA
-43,1432,-16,AGUA
-48,503,-3,AGUA
-44,772,-16,AGUA
-48,503,-4,AGUA
-46,1080,-16,AGUA
-48,503,-5,AGUA
-48,503,-6,AGUA
-48,503,-7,AGUA
-48,503,-8,AGUA
-48,503,-9,AGUA
-42,1774,-16,AGUA
-42,1016,-16,AGUA
-43,1734,-16,AGUA
-42,1187,-16,AGUA
-44,672,-16,AGUA
-42,1116,-16,AGUA
-45,470,-16,AGUA
-44,1314,-16,AGUA
-40,589,-16,AGUA
-47,1181,-16,AGUA
-44,412,-16,AGUA
-47,475,-16,AGUA
-40,1517,-16,AGUA
-42,441,-16,AGUA
-46,784,-16,AGUA
-45,174,-16,AGUA
-33,1147,-2,AGUA
-40,1226,-16,AGUA
-45,36,-16,AGUA
-42,1318,-16,AGUA
-44,370,-16,AGUA
-40,116,-16,AGUA
-47,1294,-16,AGUA
-43,1182,-16,AGUA
-47,428,-16,AGUA
-47,630,-16,AGUA
-40,1788,-16,AGUA
-40,1297,-16,AGUA
-33,1135,-2,AGUA
-48,375,-10,AGUA
-48,375,-11,AGUA
-48,392,-16,AGUA
-48,375,-14,AGUA
-48,375,-15,AGUA
-48,375,-12,AGUA
-48,375,-13,AGUA
-44,944,-16,AGUA
-48,0,-1,AGUA
-33,1111,-2,AGUA
-40,1699,-16,AGUA
-47,1768,-16,AGUA
-42,619,-16,AGUA
-33,1593,-2,AGUA
-47,1383,-16,AGUA
-48,121,-10,AGUA
-48,121,-12,AGUA
-48,121,-11,AGUA
-48,121,-14,AGUA
-45,1422,-16,AGUA
-48,121,-13,AGUA
-48,121,-15,AGUA
-33,1821,-2,AGUA
-46,850,-16,AGUA
-44,1698,-16,AGUA
-42,1537,-16,AGUA
-33,1123,-2,AGUA
-48,539,-9,AGUA
-47,1312,-16,AGUA
-44,1338,-16,AGUA
-48,539,-6,AGUA
-48,539,-5,AGUA
-48,539,-8,AGUA
-48,539,-7,AGUA
-48,539,-2,AGUA
-48,506,-16,AGUA
-48,539,-1,AGUA
-48,539,-4,AGUA
-43,1384,-16,AGUA
-48,539,-3,AGUA
-42,417,-16,AGUA
-46,1228,-16,AGUA
-40,205,-16,AGUA
-40,1428,-16,AGUA
-40,476,-16,AGUA
-33,1581,-2,AGUA
-42,488,-16,AGUA
-43,74,-16,AGUA
-45,648,-16,AGUA
-42,1376,-16,AGUA
-40,661,-16,AGUA
-45,346,-16,AGUA
-40,1043,-16,AGUA
-46,1602,-16,AGUA
-40,648,-16,AGUA
-46,1588,-16,AGUA
-48,9,-14,AGUA
-48,9,-15,AGUA
-48,9,-12,AGUA
-48,9,-13,AGUA
-45,446,-16,AGUA
-40,1802,-16,AGUA
-43,790,-16,AGUA
-44,268,-16,AGUA
-40,1143,-16,AGUA
-48,9,-10,AGUA
-48,9,-11,AGUA
-43,808,-16,AGUA
-42,643,-16,AGUA
-46,1702,-16,AGUA
-45,1048,-16,AGUA
-40,1486,-16,AGUA
-42,1561,-16,AGUA
-47,1425,-16,AGUA
-47,1596,-16,AGUA
-42,1205,-16,AGUA
-43,334,-16,AGUA
-46,12,-16,AGUA
-47,286,-16,AGUA
-45,60,-16,AGUA
-40,1315,-16,AGUA
-47,802,-16,AGUA
-40,418,-16,AGUA
-46,524,-16,AGUA
-48,564,-16,AGUA
-43,234,-16,AGUA
-43,992,-16,AGUA
-45,748,-16,AGUA
-46,1286,-16,AGUA
-45,48,-16,AGUA
-43,1194,-16,AGUA
-47,599,-16,AGUA
-46,950,-16,AGUA
-46,772,-16,AGUA
-43,1372,-16,AGUA
-33,1725,-2,AGUA
-48,1597,-16,AGUA
-47,126,-16,AGUA
-40,1215,-16,AGUA
-40,1688,-16,AGUA
-47,1394,-16,AGUA
-45,138,-16,AGUA
-33,1713,-2,AGUA
-46,702,-16,AGUA
-46,1488,-16,AGUA
-48,444,-1,AGUA
-42,476,-16,AGUA
-33,1749,-2,AGUA
-33,1025,-2,AGUA
-40,488,-16,AGUA
-40,1463,-16,AGUA
-47,1324,-16,AGUA
-47,464,-16,AGUA
-48,39,-11,AGUA
-48,39,-12,AGUA
-48,39,-10,AGUA
-48,39,-15,AGUA
-48,39,-13,AGUA
-48,39,-14,AGUA
-46,1328,-16,AGUA
-43,168,-16,AGUA
-48,316,-16,AGUA
-42,1128,-16,AGUA
-43,844,-16,AGUA
-42,879,-16,AGUA
-43,666,-16,AGUA
-45,1368,-16,AGUA
-48,789,-16,AGUA
-47,1081,-16,AGUA
-42,1063,-16,AGUA
-43,506,-16,AGUA
-42,406,-16,AGUA
-42,1241,-16,AGUA
-33,1701,-2,AGUA
-42,992,-16,AGUA
-33,1013,-2,AGUA
-40,1528,-16,AGUA
-40,1641,-16,AGUA
-47,529,-16,AGUA
-40,862,-16,AGUA
-42,904,-16,AGUA
-42,1797,-16,AGUA
-33,1001,-2,AGUA
-40,29,-16,AGUA
-47,642,-16,AGUA
-44,1350,-16,AGUA
-40,1019,-16,AGUA
-40,986,-16,AGUA
-45,458,-16,AGUA
-46,576,-16,AGUA
-45,334,-16,AGUA
-46,398,-16,AGUA
-48,407,-9,AGUA
-48,407,-6,AGUA
-48,407,-5,AGUA
-48,407,-8,AGUA
-48,407,-7,AGUA
-48,407,-2,AGUA
-48,407,-4,AGUA
-48,407,-3,AGUA
-45,636,-16,AGUA
-42,1804,-16,AGUA
-40,513,-16,AGUA
-42,145,-16,AGUA
-40,684,-16,AGUA
-47,1779,-16,AGUA
-43,346,-16,AGUA
-33,253,-2,AGUA
-48,420,-1,AGUA
-47,1644,-16,AGUA
-47,962,-16,AGUA
-33,265,-2,AGUA
-48,949,-16,AGUA
-47,849,-16,AGUA
-48,419,-6,AGUA
-47,1709,-16,AGUA
-48,419,-7,AGUA
-45,1546,-16,AGUA
-48,419,-8,AGUA
-48,419,-9,AGUA
-48,419,-2,AGUA
-48,419,-3,AGUA
-48,419,-4,AGUA
-33,241,-2,AGUA
-48,419,-5,AGUA
-44,78,-16,AGUA
-42,654,-16,AGUA
-44,980,-16,AGUA
-45,1150,-16,AGUA
-42,1502,-16,AGUA
-44,20,-16,AGUA
-40,1089,-16,AGUA
-40,429,-16,AGUA
-33,941,-2,AGUA
-33,1159,-2,AGUA
-40,542,-16,AGUA
-40,65,-16,AGUA
-45,850,-16,AGUA
-46,328,-16,AGUA
-44,1474,-16,AGUA
-33,289,-2,AGUA
-40,139,-16,AGUA
-40,252,-16,AGUA
-33,965,-2,AGUA
-44,1764,-16,AGUA
-47,17,-16,AGUA
-47,363,-16,AGUA
-40,1564,-16,AGUA
-47,1045,-16,AGUA
-42,86,-16,AGUA
-43,180,-16,AGUA
-44,1516,-16,AGUA
-42,1696,-16,AGUA
-40,364,-16,AGUA
-33,277,-2,AGUA
-33,953,-2,AGUA
-44,1586,-16,AGUA
-43,1496,-16,AGUA
-42,305,-16,AGUA
-47,1561,-16,AGUA
-47,1200,-16,AGUA
-47,1448,-16,AGUA
-46,1180,-16,AGUA
-45,956,-16,AGUA
-43,400,-16,AGUA
-47,1520,-16,AGUA
-44,162,-16,AGUA
-43,1408,-16,AGUA
-42,708,-16,AGUA
-42,577,-16,AGUA
-48,618,-16,AGUA
-47,725,-16,AGUA
-44,660,-16,AGUA
-42,821,-16,AGUA
-33,989,-2,AGUA
-47,162,-16,AGUA
-33,977,-2,AGUA
-47,87,-16,AGUA
-46,204,-16,AGUA
-45,1582,-16,AGUA
-47,926,-16,AGUA
-42,690,-16,AGUA
-45,1310,-16,AGUA
-42,778,-16,AGUA
-48,487,-11,AGUA
-48,487,-10,AGUA
-48,487,-13,AGUA
-42,1626,-16,AGUA
-48,487,-12,AGUA
-48,487,-15,AGUA
-48,487,-14,AGUA
-43,110,-16,AGUA
-45,814,-16,AGUA
-42,891,-16,AGUA
-45,1114,-16,AGUA
-48,1343,-16,AGUA
-46,400,-16,AGUA
-42,393,-16,AGUA
-40,625,-16,AGUA
-44,1018,-16,AGUA
-42,1198,-16,AGUA
-45,512,-16,AGUA
-45,1612,-16,AGUA
-40,927,-16,AGUA
-40,1724,-16,AGUA
-46,274,-16,AGUA
-42,1140,-16,AGUA
-44,808,-16,AGUA
-43,412,-16,AGUA
-45,1256,-16,AGUA
-42,1027,-16,AGUA
-48,1041,-16,AGUA
-42,222,-16,AGUA
-42,1299,-16,AGUA
-44,174,-16,AGUA
-48,541,-10,AGUA
-42,16,-16,AGUA
-48,541,-15,AGUA
-48,541,-14,AGUA
-48,541,-13,AGUA
-48,541,-12,AGUA
-48,541,-11,AGUA
-43,1692,-16,AGUA
-42,192,-16,AGUA
-42,109,-16,AGUA
-42,951,-16,AGUA
-48,251,-9,AGUA
-48,251,-8,AGUA
-48,251,-7,AGUA
-48,251,-6,AGUA
-48,251,-5,AGUA
-48,251,-4,AGUA
-46,1364,-16,AGUA
-48,843,-16,AGUA
-48,251,-3,AGUA
-48,251,-2,AGUA
-43,542,-16,AGUA
-47,1347,-16,AGUA
-40,1765,-16,AGUA
-44,1030,-16,AGUA
-46,1666,-16,AGUA
-43,38,-16,AGUA
-47,1146,-16,AGUA
-44,1088,-16,AGUA
-40,554,-16,AGUA
-40,1505,-16,AGUA
-45,204,-16,AGUA
-44,1776,-16,AGUA
-40,1440,-16,AGUA
-47,665,-16,AGUA
-46,636,-16,AGUA
-47,487,-16,AGUA
-46,814,-16,AGUA
-46,660,-16,AGUA
-48,238,-1,AGUA
-40,1327,-16,AGUA
-33,1267,-2,AGUA
-47,1258,-16,AGUA
-47,1169,-16,AGUA
-47,1371,-16,AGUA
-42,429,-16,AGUA
-40,94,-16,AGUA
-47,398,-16,AGUA
-40,1416,-16,AGUA
-42,542,-16,AGUA
-48,226,-1,AGUA
-47,103,-16,AGUA
-33,1279,-2,AGUA
-48,202,-1,AGUA
-33,1243,-2,AGUA
-46,1240,-16,AGUA
-46,1796,-16,AGUA
-42,607,-16,AGUA
-47,1756,-16,AGUA
-48,428,-16,AGUA
-42,1525,-16,AGUA
-48,214,-1,AGUA
-42,631,-16,AGUA
-40,30,-16,AGUA
-33,1255,-2,AGUA
-43,482,-16,AGUA
-47,896,-16,AGUA
-47,1780,-16,AGUA
-42,1353,-16,AGUA
-47,1282,-16,AGUA
-45,1084,-16,AGUA
-47,1193,-16,AGUA
-42,518,-16,AGUA
-40,1351,-16,AGUA
-47,1086,-16,AGUA
-42,720,-16,AGUA
-47,1667,-16,AGUA
-45,784,-16,AGUA
-43,956,-16,AGUA
-40,1238,-16,AGUA
-48,1153,-16,AGUA
-46,464,-16,AGUA
-46,340,-16,AGUA
-45,702,-16,AGUA
-48,12,-1,AGUA
-46,162,-16,AGUA
-44,1220,-16,AGUA
-42,281,-16,AGUA
-45,400,-16,AGUA
-46,1714,-16,AGUA
-42,1051,-16,AGUA
-48,1319,-16,AGUA
-40,1066,-16,AGUA
-47,748,-16,AGUA
-42,346,-16,AGUA
-45,1760,-16,AGUA
-47,861,-16,AGUA
-42,1264,-16,AGUA
-48,24,-1,AGUA
-48,339,-15,AGUA
-48,40,-16,AGUA
-48,339,-14,AGUA
-48,339,-13,AGUA
-48,339,-12,AGUA
-43,980,-16,AGUA
-46,1298,-16,AGUA
-47,1691,-16,AGUA
-47,985,-16,AGUA
-42,927,-16,AGUA
-48,926,-16,AGUA
-48,36,-1,AGUA
-48,339,-11,AGUA
-48,339,-10,AGUA
-33,1231,-2,AGUA
-48,452,-16,AGUA
-42,755,-16,AGUA
-42,453,-16,AGUA
-48,167,-15,AGUA
-48,167,-12,AGUA
-40,1676,-16,AGUA
-48,167,-11,AGUA
-48,167,-14,AGUA
-48,167,-13,AGUA
-42,168,-16,AGUA
-48,167,-10,AGUA
-42,1086,-16,AGUA
-40,1031,-16,AGUA
-47,405,-16,AGUA
-40,815,-16,AGUA
-48,280,-16,AGUA
-47,576,-16,AGUA
-46,1476,-16,AGUA
-44,1278,-16,AGUA
-42,1673,-16,AGUA
-48,48,-1,AGUA
-40,317,-16,AGUA
-44,1652,-16,AGUA
-46,896,-16,AGUA
-33,747,-2,AGUA
-40,1629,-16,AGUA
-40,430,-16,AGUA
-43,1046,-16,AGUA
-48,1651,-16,AGUA
-33,735,-2,AGUA
-46,938,-16,AGUA
-43,1070,-16,AGUA
-47,64,-16,AGUA
-40,406,-16,AGUA
-40,1203,-16,AGUA
-47,1584,-16,AGUA
-47,340,-16,AGUA
-48,191,-11,AGUA
-40,1587,-16,AGUA
-40,1498,-16,AGUA
-48,191,-10,AGUA
-45,286,-16,AGUA
-47,227,-16,AGUA
-48,191,-15,AGUA
-48,191,-14,AGUA
-48,191,-13,AGUA
-48,191,-12,AGUA
-48,1562,-16,AGUA
-42,63,-16,AGUA
-47,789,-16,AGUA
-46,512,-16,AGUA
-44,458,-16,AGUA
-45,1002,-16,AGUA
-47,274,-16,AGUA
-44,524,-16,AGUA
-47,1495,-16,AGUA
-46,1044,-16,AGUA
-33,711,-2,AGUA
-43,222,-16,AGUA
-48,233,-15,AGUA
-48,233,-11,AGUA
-48,233,-12,AGUA
-48,233,-13,AGUA
-48,233,-14,AGUA
-42,1738,-16,AGUA
-48,233,-10,AGUA
-48,576,-16,AGUA
-47,1111,-16,AGUA
-46,1518,-16,AGUA
-42,39,-16,AGUA
-40,186,-16,AGUA
-40,275,-16,AGUA
-43,1112,-16,AGUA
-40,1155,-16,AGUA
-42,689,-16,AGUA
-41,0,-5,TOCHA
-46,1542,-16,AGUA
-47,1022,-16,AGUA
-44,1154,-16,AGUA
-45,1108,-16,AGUA
-44,1628,-16,AGUA
-33,723,-2,AGUA
-40,1701,-16,AGUA
-40,749,-16,AGUA
-47,8,-16,AGUA
-45,1736,-16,AGUA
-40,773,-16,AGUA
-40,602,-16,AGUA
-44,6,-16,AGUA
-42,1175,-16,AGUA
-40,904,-16,AGUA
-42,1004,-16,AGUA
-43,778,-16,AGUA
-48,481,-2,AGUA
-48,481,-1,AGUA
-42,1649,-16,AGUA
-42,1306,-16,AGUA
-48,665,-10,AGUA
-48,665,-11,AGUA
-48,665,-12,AGUA
-48,665,-13,AGUA
-48,665,-14,AGUA
-48,665,-15,AGUA
-46,1216,-16,AGUA
-47,601,-16,AGUA
-48,481,-6,AGUA
-48,481,-5,AGUA
-44,784,-16,AGUA
-48,481,-4,AGUA
-48,481,-3,AGUA
-43,720,-16,AGUA
-48,481,-9,AGUA
-48,481,-8,AGUA
-48,481,-7,AGUA
-47,903,-16,AGUA
-44,482,-16,AGUA
-44,956,-16,AGUA
-42,1762,-16,AGUA
-48,493,-2,AGUA
-48,493,-3,AGUA
-48,493,-1,AGUA
-42,1590,-16,AGUA
-42,257,-16,AGUA
-47,316,-16,AGUA
-33,759,-2,AGUA
-43,1544,-16,AGUA
-42,370,-16,AGUA
-47,772,-16,AGUA
-45,1434,-16,AGUA
-42,1477,-16,AGUA
-33,1737,-2,AGUA
-48,363,-10,AGUA
-48,363,-12,AGUA
-42,844,-16,AGUA
-48,363,-11,AGUA
-48,16,-16,AGUA
-48,363,-14,AGUA
-48,363,-13,AGUA
-48,363,-15,AGUA
-40,1285,-16,AGUA
-45,660,-16,AGUA
-48,493,-6,AGUA
-48,493,-7,AGUA
-48,493,-4,AGUA
-48,493,-5,AGUA
-40,1759,-16,AGUA
-40,1114,-16,AGUA
-46,138,-16,AGUA
-48,493,-8,AGUA
-48,493,-9,AGUA
-43,0,-5,TOCHA
-43,442,-16,AGUA
-42,1501,-16,AGUA
-46,764,-16,AGUA
-44,1180,-16,AGUA
-46,1280,-16,AGUA
-48,1186,-16,AGUA
-42,58,-16,AGUA
-40,361,-16,AGUA
-43,0,-15,TOCHA
-43,0,-16,AGUA
-42,11,-16,AGUA
-46,1086,-16,AGUA
-43,1790,-16,AGUA
-45,1696,-16,AGUA
-40,1448,-16,AGUA
-44,1736,-16,AGUA
-47,812,-16,AGUA
-42,1548,-16,AGUA
-47,84,-16,AGUA
-40,917,-16,AGUA
-40,1401,-16,AGUA
-43,1220,-16,AGUA
-45,1320,-16,AGUA
-47,1226,-16,AGUA
-40,1777,-16,AGUA
-42,1307,-16,AGUA
-47,150,-16,AGUA
-45,1126,-16,AGUA
-40,255,-16,AGUA
-47,1796,-16,AGUA
-47,1555,-16,AGUA
-47,859,-16,AGUA
-48,227,-14,AGUA
-48,227,-15,AGUA
-42,171,-16,AGUA
-43,336,-16,AGUA
-48,45,-12,AGUA
-48,45,-13,AGUA
-48,45,-10,AGUA
-48,45,-11,AGUA
-48,227,-10,AGUA
-48,227,-11,AGUA
-45,1214,-16,AGUA
-48,227,-12,AGUA
-48,227,-13,AGUA
-42,921,-16,AGUA
-40,1624,-16,AGUA
-47,373,-16,AGUA
-45,340,-16,AGUA
-46,300,-16,AGUA
-42,1654,-16,AGUA
-44,954,-16,AGUA
-42,394,-16,AGUA
-47,1643,-16,AGUA
-33,1391,-2,AGUA
-43,266,-16,AGUA
-48,110,-16,AGUA
-42,482,-16,AGUA
-48,1625,-16,AGUA
-44,208,-16,AGUA
-47,1485,-16,AGUA
-42,504,-16,AGUA
-40,149,-16,AGUA
-42,288,-16,AGUA
-47,929,-16,AGUA
-43,1684,-16,AGUA
-48,907,-16,AGUA
-40,584,-16,AGUA
-48,351,-10,AGUA
-48,351,-11,AGUA
-40,185,-16,AGUA
-48,351,-12,AGUA
-48,351,-13,AGUA
-48,351,-14,AGUA
-48,351,-15,AGUA
-46,1174,-16,AGUA
-46,658,-16,AGUA
-45,1250,-16,AGUA
-47,1156,-16,AGUA
-46,870,-16,AGUA
-45,892,-16,AGUA
-45,738,-16,AGUA
-48,1731,-16,AGUA
-43,530,-16,AGUA
-40,1119,-16,AGUA
-42,1618,-16,AGUA
-40,1712,-16,AGUA
-42,1237,-16,AGUA
-40,1331,-16,AGUA
-44,292,-16,AGUA
-48,574,-16,AGUA
-42,833,-16,AGUA
-43,1706,-16,AGUA
-40,1554,-16,AGUA
-43,1812,-16,AGUA
-47,706,-16,AGUA
-40,1660,-16,AGUA
-40,478,-16,AGUA
-40,71,-16,AGUA
-48,797,-16,AGUA
-47,1379,-16,AGUA
-42,1724,-16,AGUA
-40,1225,-16,AGUA
-42,727,-16,AGUA
-48,468,-16,AGUA
-40,800,-16,AGUA
-40,953,-16,AGUA
-33,381,-2,AGUA
-42,1285,-16,AGUA
-45,786,-16,AGUA
-40,325,-16,AGUA
-44,420,-16,AGUA
-48,565,-1,AGUA
-48,553,-9,AGUA
-48,565,-7,AGUA
-48,565,-6,AGUA
-48,565,-9,AGUA
-48,565,-8,AGUA
-48,565,-3,AGUA
-48,565,-2,AGUA
-48,565,-5,AGUA
-48,565,-4,AGUA
-40,895,-16,AGUA
-48,1402,-16,AGUA
-46,230,-16,AGUA
-48,577,-1,AGUA
-48,577,-2,AGUA
-40,291,-16,AGUA
-44,362,-16,AGUA
-42,1343,-16,AGUA
-48,577,-7,AGUA
-48,577,-8,AGUA
-48,577,-9,AGUA
-48,577,-3,AGUA
-48,577,-4,AGUA
-48,577,-5,AGUA
-48,577,-6,AGUA
-44,1144,-16,AGUA
-46,1678,-16,AGUA
-47,1591,-16,AGUA
-33,393,-2,AGUA
-44,1772,-16,AGUA
-40,624,-16,AGUA
-42,610,-16,AGUA
-43,1754,-16,AGUA
-44,34,-16,AGUA
-43,372,-16,AGUA
-43,600,-16,AGUA
-47,1262,-16,AGUA
-40,1378,-16,AGUA
-43,1150,-16,AGUA
-33,1809,-2,AGUA
-46,22,-16,AGUA
-45,1056,-16,AGUA
-47,220,-16,AGUA
-42,1014,-16,AGUA
-42,552,-16,AGUA
-36,0,-8,TOCHA
-36,0,-5,TOCHA
-47,267,-16,AGUA
-47,596,-16,AGUA
-47,1402,-16,AGUA
-46,834,-16,AGUA
-43,928,-16,AGUA
-42,434,-16,AGUA
-48,702,-16,AGUA
-45,182,-16,AGUA
-43,196,-16,AGUA
-43,1578,-16,AGUA
-40,1590,-16,AGUA
-48,589,-3,AGUA
-48,589,-2,AGUA
-42,763,-16,AGUA
-48,589,-1,AGUA
-48,589,-7,AGUA
-48,589,-6,AGUA
-48,589,-5,AGUA
-48,589,-4,AGUA
-42,1496,-16,AGUA
-48,589,-9,AGUA
-48,589,-8,AGUA
-47,1449,-16,AGUA
-48,315,-15,AGUA
-48,315,-14,AGUA
-47,337,-16,AGUA
-47,965,-16,AGUA
-48,714,-16,AGUA
-44,848,-16,AGUA
-43,1636,-16,AGUA
-46,1138,-16,AGUA
-40,53,-16,AGUA
-48,157,-10,AGUA
-48,157,-11,AGUA
-48,157,-12,AGUA
-48,157,-13,AGUA
-44,906,-16,AGUA
-48,157,-14,AGUA
-48,157,-15,AGUA
-47,895,-16,AGUA
-48,469,-3,AGUA
-48,469,-4,AGUA
-48,469,-1,AGUA
-48,469,-2,AGUA
-48,469,-7,AGUA
-48,469,-8,AGUA
-48,644,-16,AGUA
-48,469,-5,AGUA
-48,469,-6,AGUA
-44,1074,-16,AGUA
-48,469,-9,AGUA
-43,1092,-16,AGUA
-48,315,-11,AGUA
-48,315,-10,AGUA
-48,315,-13,AGUA
-48,315,-12,AGUA
-45,668,-16,AGUA
-40,1079,-16,AGUA
-46,1192,-16,AGUA
-42,1413,-16,AGUA
-47,1332,-16,AGUA
-48,541,-7,AGUA
-48,541,-6,AGUA
-48,541,-5,AGUA
-48,541,-4,AGUA
-48,541,-3,AGUA
-48,541,-2,AGUA
-48,541,-1,AGUA
-42,135,-16,AGUA
-42,1026,-16,AGUA
-48,541,-9,AGUA
-48,541,-8,AGUA
-40,1120,-16,AGUA
-47,1003,-16,AGUA
-45,252,-16,AGUA
-44,990,-16,AGUA
-46,1350,-16,AGUA
-48,1256,-16,AGUA
-47,179,-16,AGUA
-46,1766,-16,AGUA
-40,1020,-16,AGUA
-47,1748,-16,AGUA
-43,1008,-16,AGUA
-48,553,-7,AGUA
-48,553,-8,AGUA
-47,666,-16,AGUA
-43,858,-16,AGUA
-48,553,-5,AGUA
-48,553,-6,AGUA
-48,553,-3,AGUA
-45,410,-16,AGUA
-48,553,-4,AGUA
-48,553,-1,AGUA
-48,553,-2,AGUA
-47,1274,-16,AGUA
-46,172,-16,AGUA
-42,1355,-16,AGUA
-46,904,-16,AGUA
-42,669,-16,AGUA
-33,753,-2,AGUA
-42,693,-16,AGUA
-48,4,-1,AGUA
-47,754,-16,AGUA
-48,275,-13,AGUA
-48,275,-14,AGUA
-48,275,-15,AGUA
-40,1343,-16,AGUA
-48,275,-10,AGUA
-48,275,-11,AGUA
-47,584,-16,AGUA
-48,275,-12,AGUA
-47,149,-16,AGUA
-45,1754,-16,AGUA
-44,1214,-16,AGUA
-40,1149,-16,AGUA
-45,774,-16,AGUA
-47,1525,-16,AGUA
-45,96,-16,AGUA
-40,859,-16,AGUA
-40,1173,-16,AGUA
-33,741,-2,AGUA
-48,1244,-16,AGUA
-46,822,-16,AGUA
-48,381,-15,AGUA
-48,381,-13,AGUA
-48,381,-14,AGUA
-48,381,-11,AGUA
-48,381,-12,AGUA
-48,381,-10,AGUA
-47,513,-16,AGUA
-44,1108,-16,AGUA
-46,1208,-16,AGUA
-42,1772,-16,AGUA
-40,1506,-16,AGUA
-40,812,-16,AGUA
-44,896,-16,AGUA
-48,22,-1,AGUA
-33,789,-2,AGUA
-40,883,-16,AGUA
-47,1192,-16,AGUA
-44,1132,-16,AGUA
-43,20,-16,AGUA
-43,788,-16,AGUA
-43,1162,-16,AGUA
-45,1280,-16,AGUA
-47,102,-16,AGUA
-48,34,-1,AGUA
-46,10,-16,AGUA
-42,1167,-16,AGUA
-47,860,-16,AGUA
-33,1751,-2,AGUA
-45,1648,-16,AGUA
-45,880,-16,AGUA
-45,1174,-16,AGUA
-44,244,-16,AGUA
-33,1763,-2,AGUA
-33,1041,-2,AGUA
-48,749,-16,AGUA
-42,1120,-16,AGUA
-45,370,-16,AGUA
-46,1126,-16,AGUA
-47,1701,-16,AGUA
-43,1102,-16,AGUA
-40,742,-16,AGUA
-48,955,-16,AGUA
-47,1108,-16,AGUA
-47,977,-16,AGUA
-48,46,-1,AGUA
-47,180,-16,AGUA
-40,1032,-16,AGUA
-33,1775,-2,AGUA
-48,1350,-16,AGUA
-42,382,-16,AGUA
-47,690,-16,AGUA
-48,58,-1,AGUA
-40,1747,-16,AGUA
-33,1053,-2,AGUA
-42,775,-16,AGUA
-47,1121,-16,AGUA
-44,918,-16,AGUA
-47,654,-16,AGUA
-48,71,-6,AGUA
-48,71,-7,AGUA
-48,71,-8,AGUA
-33,1077,-2,AGUA
-48,71,-9,AGUA
-48,83,-2,AGUA
-48,83,-6,AGUA
-48,83,-5,AGUA
-48,83,-4,AGUA
-48,83,-3,AGUA
-46,1232,-16,AGUA
-48,75,-14,AGUA
-48,75,-13,AGUA
-33,1065,-2,AGUA
-48,75,-15,AGUA
-48,75,-10,AGUA
-48,75,-12,AGUA
-48,75,-11,AGUA
-33,777,-2,AGUA
-33,1799,-2,AGUA
-42,1050,-16,AGUA
-45,944,-16,AGUA
-43,430,-16,AGUA
-44,192,-16,AGUA
-40,965,-16,AGUA
-40,1067,-16,AGUA
-43,1080,-16,AGUA
-43,1232,-16,AGUA
-45,844,-16,AGUA
-48,71,-2,AGUA
-33,1787,-2,AGUA
-48,71,-3,AGUA
-48,71,-4,AGUA
-48,71,-5,AGUA
-48,632,-16,AGUA
-44,1062,-16,AGUA
-40,207,-16,AGUA
-47,1214,-16,AGUA
-33,765,-2,AGUA
-42,715,-16,AGUA
-46,1302,-16,AGUA
-47,48,-16,AGUA
-47,1238,-16,AGUA
-42,23,-16,AGUA
-48,538,-16,AGUA
-40,518,-16,AGUA
-48,562,-16,AGUA
-44,796,-16,AGUA
-44,168,-16,AGUA
-33,919,-2,AGUA
-33,1089,-2,AGUA
-46,124,-16,AGUA
-43,406,-16,AGUA
-42,956,-16,AGUA
-46,728,-16,AGUA
-47,219,-16,AGUA
-48,1778,-16,AGUA
-40,1273,-16,AGUA
-44,138,-16,AGUA
-42,986,-16,AGUA
-42,1391,-16,AGUA
-44,314,-16,AGUA
-48,1103,-16,AGUA
-43,560,-16,AGUA
-40,1484,-16,AGUA
-44,1666,-16,AGUA
-40,672,-16,AGUA
-42,328,-16,AGUA
-40,1413,-16,AGUA
-44,1192,-16,AGUA
-47,847,-16,AGUA
-45,216,-16,AGUA
-48,762,-16,AGUA
-47,800,-16,AGUA
-46,70,-16,AGUA
-42,599,-16,AGUA
-42,94,-16,AGUA
-40,572,-16,AGUA
-44,82,-16,AGUA
-43,894,-16,AGUA
-40,1213,-16,AGUA
-45,1578,-16,AGUA
-44,1812,-16,AGUA
-47,930,-16,AGUA
-48,692,-16,AGUA
-42,845,-16,AGUA
-42,1074,-16,AGUA
-47,1051,-16,AGUA
-40,548,-16,AGUA
-42,1461,-16,AGUA
-48,1033,-16,AGUA
-47,1038,-16,AGUA
-47,917,-16,AGUA
-46,882,-16,AGUA
-33,319,-2,AGUA
-44,1038,-16,AGUA
-48,45,-14,AGUA
-48,45,-15,AGUA
-42,1448,-16,AGUA
-33,1305,-2,AGUA
-43,1056,-16,AGUA
-47,1655,-16,AGUA
-46,952,-16,AGUA
-42,241,-16,AGUA
-40,789,-16,AGUA
-48,608,-16,AGUA
-40,1700,-16,AGUA
-40,431,-16,AGUA
-44,942,-16,AGUA
-43,964,-16,AGUA
-42,358,-16,AGUA
-42,1578,-16,AGUA
-33,1317,-2,AGUA
-48,10,-1,AGUA
-47,443,-16,AGUA
-47,1168,-16,AGUA
-33,981,-2,AGUA
-48,421,-15,AGUA
-48,421,-14,AGUA
-48,421,-13,AGUA
-48,421,-12,AGUA
-48,421,-11,AGUA
-48,421,-10,AGUA
-46,752,-16,AGUA
-45,146,-16,AGUA
-43,490,-16,AGUA
-45,1778,-16,AGUA
-48,1791,-16,AGUA
-33,307,-2,AGUA
-40,905,-16,AGUA
-44,1596,-16,AGUA
-33,1329,-2,AGUA
-44,1156,-16,AGUA
-42,316,-16,AGUA
-47,1297,-16,AGUA
-33,535,-2,AGUA
-48,1437,-16,AGUA
-40,1150,-16,AGUA
-48,215,-2,AGUA
-48,215,-3,AGUA
-48,215,-4,AGUA
-48,215,-5,AGUA
-48,215,-6,AGUA
-48,215,-7,AGUA
-48,215,-8,AGUA
-48,215,-9,AGUA
-48,203,-2,AGUA
-48,203,-4,AGUA
-48,203,-3,AGUA
-48,203,-6,AGUA
-48,203,-5,AGUA
-48,203,-8,AGUA
-48,203,-7,AGUA
-48,203,-9,AGUA
-40,1391,-16,AGUA
-42,1297,-16,AGUA
-40,988,-16,AGUA
-42,1806,-16,AGUA
-48,298,-16,AGUA
-45,228,-16,AGUA
-45,170,-16,AGUA
-33,523,-2,AGUA
-48,825,-16,AGUA
-42,670,-16,AGUA
-44,94,-16,AGUA
-33,1667,-2,AGUA
-48,398,-1,AGUA
-46,1362,-16,AGUA
-44,22,-16,AGUA
-42,1225,-16,AGUA
-44,480,-16,AGUA
-48,170,-16,AGUA
-40,659,-16,AGUA
-42,1002,-16,AGUA
-43,1800,-16,AGUA
-42,645,-16,AGUA
-33,273,-2,AGUA
-48,1444,-16,AGUA
-40,835,-16,AGUA
-33,559,-2,AGUA
-47,689,-16,AGUA
-42,228,-16,AGUA
-47,536,-16,AGUA
-33,1679,-2,AGUA
-40,1366,-16,AGUA
-48,1221,-16,AGUA
-48,374,-1,AGUA
-47,1144,-16,AGUA
-33,261,-2,AGUA
-40,506,-16,AGUA
-40,337,-16,AGUA
-47,207,-16,AGUA
-43,360,-16,AGUA
-43,1518,-16,AGUA
-45,974,-16,AGUA
-33,547,-2,AGUA
-48,920,-16,AGUA
-46,1256,-16,AGUA
-48,1374,-16,AGUA
-47,1414,-16,AGUA
-45,1292,-16,AGUA
-47,1392,-16,AGUA
-40,765,-16,AGUA
-42,217,-16,AGUA
-40,1805,-16,AGUA
-42,411,-16,AGUA
-46,360,-16,AGUA
-46,1754,-16,AGUA
-40,1589,-16,AGUA
-48,350,-1,AGUA
-44,550,-16,AGUA
-46,1790,-16,AGUA
-44,1584,-16,AGUA
-46,290,-16,AGUA
-40,729,-16,AGUA
-42,1689,-16,AGUA
-48,10,-16,AGUA
-47,784,-16,AGUA
-40,1461,-16,AGUA
-48,1532,-16,AGUA
-48,362,-1,AGUA
-42,1367,-16,AGUA
-46,1432,-16,AGUA
-42,1038,-16,AGUA
-47,349,-16,AGUA
-47,1736,-16,AGUA
-33,285,-2,AGUA
-43,846,-16,AGUA
-42,147,-16,AGUA
-42,740,-16,AGUA
-47,1308,-16,AGUA
-48,337,-3,AGUA
-48,337,-4,AGUA
-48,337,-2,AGUA
-48,337,-7,AGUA
-48,337,-8,AGUA
-48,337,-5,AGUA
-48,337,-6,AGUA
-48,337,-9,AGUA
-42,798,-16,AGUA
-46,1326,-16,AGUA
-44,1120,-16,AGUA
-40,407,-16,AGUA
-45,1724,-16,AGUA
-47,561,-16,AGUA
-33,297,-2,AGUA
-42,575,-16,AGUA
-42,469,-16,AGUA
-42,1795,-16,AGUA
-48,349,-3,AGUA
-48,349,-2,AGUA
-48,349,-5,AGUA
-48,349,-4,AGUA
-48,349,-7,AGUA
-48,349,-6,AGUA
-48,349,-9,AGUA
-43,1448,-16,AGUA
-48,349,-8,AGUA
-40,1296,-16,AGUA
-40,1080,-16,AGUA
-33,511,-2,AGUA
-33,907,-2,AGUA
-47,777,-16,AGUA
-43,418,-16,AGUA
-48,1755,-16,AGUA
-47,72,-16,AGUA
-40,929,-16,AGUA
-48,1151,-16,AGUA
-47,491,-16,AGUA
-40,1436,-16,AGUA
-48,481,-12,AGUA
-48,481,-13,AGUA
-48,481,-14,AGUA
-48,481,-15,AGUA
-48,481,-10,AGUA
-48,481,-11,AGUA
-45,240,-16,AGUA
-40,1307,-16,AGUA
-48,514,-16,AGUA
-48,1280,-16,AGUA
-40,1790,-16,AGUA
-47,137,-16,AGUA
-42,71,-16,AGUA
-42,739,-16,AGUA
-48,240,-16,AGUA
-42,46,-16,AGUA
-40,1249,-16,AGUA
-47,1344,-16,AGUA
-45,1380,-16,AGUA
-44,1086,-16,AGUA
-40,1735,-16,AGUA
-45,1226,-16,AGUA
-42,963,-16,AGUA
-46,1220,-16,AGUA
-40,454,-16,AGUA
-44,0,-16,AGUA
-42,868,-16,AGUA
-48,327,-11,AGUA
-48,327,-12,AGUA
-46,1162,-16,AGUA
-48,327,-10,AGUA
-47,1462,-16,AGUA
-42,1759,-16,AGUA
-42,1425,-16,AGUA
-42,1700,-16,AGUA
-45,84,-16,AGUA
-45,656,-16,AGUA
-48,327,-15,AGUA
-48,327,-13,AGUA
-48,327,-14,AGUA
-40,1566,-16,AGUA
-48,1056,-16,AGUA
-33,1631,-2,AGUA
-47,1619,-16,AGUA
-47,1074,-16,AGUA
-42,539,-16,AGUA
-40,41,-16,AGUA
-42,1155,-16,AGUA
-40,137,-16,AGUA
-43,916,-16,AGUA
-45,382,-16,AGUA
-47,279,-16,AGUA
-42,809,-16,AGUA
-42,1484,-16,AGUA
-44,620,-16,AGUA
-40,125,-16,AGUA
-47,466,-16,AGUA
-40,1636,-16,AGUA
-40,1237,-16,AGUA
-44,678,-16,AGUA
-46,1150,-16,AGUA
-47,291,-16,AGUA
-43,312,-16,AGUA
-42,609,-16,AGUA
-47,192,-16,AGUA
-40,83,-16,AGUA
-40,695,-16,AGUA
-40,1107,-16,AGUA
-48,1685,-16,AGUA
-33,1655,-2,AGUA
-47,1806,-16,AGUA
-42,264,-16,AGUA
-46,1008,-16,AGUA
-45,726,-16,AGUA
-46,704,-16,AGUA
-40,1008,-16,AGUA
-42,1513,-16,AGUA
-42,893,-16,AGUA
-40,267,-16,AGUA
-33,1643,-2,AGUA
-46,488,-16,AGUA
-46,1292,-16,AGUA
-42,1097,-16,AGUA
-46,430,-16,AGUA
-44,1784,-16,AGUA
-48,433,-1,AGUA
-48,421,-9,AGUA
-40,384,-16,AGUA
-48,433,-7,AGUA
-48,433,-6,AGUA
-48,433,-9,AGUA
-46,136,-16,AGUA
-48,433,-8,AGUA
-48,433,-3,AGUA
-48,433,-2,AGUA
-48,433,-5,AGUA
-48,433,-4,AGUA
-47,1773,-16,AGUA
-48,181,-8,AGUA
-48,181,-9,AGUA
-48,181,-4,AGUA
-48,421,-7,AGUA
-48,181,-5,AGUA
-48,421,-8,AGUA
-48,421,-5,AGUA
-48,181,-6,AGUA
-48,421,-6,AGUA
-48,181,-7,AGUA
-48,421,-3,AGUA
-48,421,-4,AGUA
-47,835,-16,AGUA
-48,181,-2,AGUA
-48,421,-2,AGUA
-48,181,-3,AGUA
-42,944,-16,AGUA
-42,194,-16,AGUA
-42,1192,-16,AGUA
-40,1092,-16,AGUA
-43,1244,-16,AGUA
-45,1092,-16,AGUA
-45,856,-16,AGUA
-46,160,-16,AGUA
-33,1449,-2,AGUA
-48,597,-14,AGUA
-48,597,-15,AGUA
-48,597,-10,AGUA
-48,597,-11,AGUA
-48,597,-12,AGUA
-48,597,-13,AGUA
-42,1202,-16,AGUA
-44,1302,-16,AGUA
-46,82,-16,AGUA
-47,1202,-16,AGUA
-43,1718,-16,AGUA
-47,431,-16,AGUA
-40,197,-16,AGUA
-43,242,-16,AGUA
-47,407,-16,AGUA
-33,1437,-2,AGUA
-44,754,-16,AGUA
-48,193,-13,AGUA
-48,193,-12,AGUA
-45,1496,-16,AGUA
-48,193,-11,AGUA
-48,193,-10,AGUA
-48,457,-3,AGUA
-48,457,-2,AGUA
-48,193,-15,AGUA
-48,457,-1,AGUA
-48,193,-14,AGUA
-48,457,-7,AGUA
-48,457,-6,AGUA
-48,457,-5,AGUA
-48,457,-4,AGUA
-48,457,-9,AGUA
-48,457,-8,AGUA
-45,1068,-16,AGUA
-48,445,-2,AGUA
-48,445,-7,AGUA
-48,445,-8,AGUA
-48,445,-9,AGUA
-48,445,-3,AGUA
-45,18,-16,AGUA
-48,445,-4,AGUA
-40,232,-16,AGUA
-48,445,-5,AGUA
-48,445,-6,AGUA
-40,1261,-16,AGUA
-48,109,-15,AGUA
-40,1201,-16,AGUA
-48,109,-11,AGUA
-48,109,-12,AGUA
-33,1425,-2,AGUA
-48,109,-13,AGUA
-48,109,-14,AGUA
-48,169,-10,AGUA
-48,169,-12,AGUA
-48,169,-11,AGUA
-48,109,-10,AGUA
-48,444,-16,AGUA
-48,169,-14,AGUA
-48,169,-13,AGUA
-48,169,-15,AGUA
-44,1026,-16,AGUA
-42,703,-16,AGUA
-48,193,-9,AGUA
-48,193,-4,AGUA
-48,193,-3,AGUA
-48,193,-2,AGUA
-48,193,-8,AGUA
-46,1420,-16,AGUA
-48,193,-7,AGUA
-43,1742,-16,AGUA
-48,193,-6,AGUA
-48,193,-5,AGUA
-40,1531,-16,AGUA
-47,612,-16,AGUA
-47,361,-16,AGUA
-42,1666,-16,AGUA
-46,634,-16,AGUA
-33,1173,-2,AGUA
-48,374,-16,AGUA
-47,1678,-16,AGUA
-47,396,-16,AGUA
-42,810,-16,AGUA
-40,823,-16,AGUA
-47,1620,-16,AGUA
-43,1648,-16,AGUA
-48,68,-16,AGUA
-46,1548,-16,AGUA
-45,1008,-16,AGUA
-43,572,-16,AGUA
-48,1021,-16,AGUA
-47,1015,-16,AGUA
-43,218,-16,AGUA
-47,1437,-16,AGUA
-42,205,-16,AGUA
-45,1566,-16,AGUA
-42,540,-16,AGUA
-46,564,-16,AGUA
-33,1161,-2,AGUA
-42,446,-16,AGUA
-45,802,-16,AGUA
-40,1683,-16,AGUA
-47,942,-16,AGUA
-40,17,-16,AGUA
-48,107,-8,AGUA
-48,107,-9,AGUA
-48,107,-6,AGUA
-48,107,-7,AGUA
-48,107,-4,AGUA
-48,107,-5,AGUA
-48,107,-2,AGUA
-48,107,-3,AGUA
-42,633,-16,AGUA
-40,1496,-16,AGUA
-48,997,-16,AGUA
-48,408,-1,AGUA
-43,1396,-16,AGUA
-46,206,-16,AGUA
-48,33,-12,AGUA
-48,33,-11,AGUA
-48,33,-14,AGUA
-48,33,-13,AGUA
-48,33,-10,AGUA
-44,1800,-16,AGUA
-42,998,-16,AGUA
-45,586,-16,AGUA
-40,162,-16,AGUA
-45,1138,-16,AGUA
-48,33,-15,AGUA
-40,636,-16,AGUA
-47,25,-16,AGUA
-44,350,-16,AGUA
-44,824,-16,AGUA
-42,1630,-16,AGUA
-46,964,-16,AGUA
-40,600,-16,AGUA
-42,1560,-16,AGUA
-47,718,-16,AGUA
-45,1162,-16,AGUA
-33,885,-2,AGUA
-47,742,-16,AGUA
-45,1790,-16,AGUA
-47,1513,-16,AGUA
-45,158,-16,AGUA
-40,1185,-16,AGUA
-47,114,-16,AGUA
-45,1766,-16,AGUA
-43,1174,-16,AGUA
-44,386,-16,AGUA
-42,1536,-16,AGUA
-48,239,-10,AGUA
-48,239,-12,AGUA
-48,239,-11,AGUA
-46,1074,-16,AGUA
-33,897,-2,AGUA
-48,239,-14,AGUA
-48,239,-13,AGUA
-48,239,-15,AGUA
-43,624,-16,AGUA
-40,302,-16,AGUA
-43,976,-16,AGUA
-43,148,-16,AGUA
-42,1262,-16,AGUA
-47,1367,-16,AGUA
-46,694,-16,AGUA
-48,667,-10,AGUA
-48,667,-11,AGUA
-48,667,-12,AGUA
-48,667,-13,AGUA
-42,112,-16,AGUA
-45,434,-16,AGUA
-46,196,-16,AGUA
-47,905,-16,AGUA
-43,32,-16,AGUA
-45,932,-16,AGUA
-44,1724,-16,AGUA
-47,1713,-16,AGUA
-33,861,-2,AGUA
-44,1226,-16,AGUA
-42,1108,-16,AGUA
-43,348,-16,AGUA
-40,790,-16,AGUA
-43,776,-16,AGUA
-48,119,-8,AGUA
-48,119,-7,AGUA
-48,119,-9,AGUA
-48,119,-4,AGUA
-48,119,-3,AGUA
-47,1567,-16,AGUA
-48,119,-6,AGUA
-48,119,-5,AGUA
-48,667,-14,AGUA
-48,667,-15,AGUA
-48,119,-2,AGUA
-47,1093,-16,AGUA
-48,120,-1,AGUA
-48,867,-16,AGUA
-40,930,-16,AGUA
-44,256,-16,AGUA
-44,1250,-16,AGUA
-47,631,-16,AGUA
-33,873,-2,AGUA
-42,1760,-16,AGUA
-48,393,-15,AGUA
-48,393,-14,AGUA
-48,393,-13,AGUA
-48,393,-12,AGUA
-45,908,-16,AGUA
-48,393,-11,AGUA
-48,393,-10,AGUA
-40,1789,-16,AGUA
-43,1044,-16,AGUA
-43,1672,-16,AGUA
-33,1413,-2,AGUA
-45,504,-16,AGUA
-44,1654,-16,AGUA
-40,1055,-16,AGUA
-46,894,-16,AGUA
-44,280,-16,AGUA
-40,730,-16,AGUA
-42,1062,-16,AGUA
-47,872,-16,AGUA
-48,87,-14,AGUA
-48,133,-10,AGUA
-48,87,-15,AGUA
-48,133,-11,AGUA
-48,87,-12,AGUA
-47,314,-16,AGUA
-33,1185,-2,AGUA
-40,706,-16,AGUA
-48,87,-13,AGUA
-48,87,-10,AGUA
-42,470,-16,AGUA
-48,87,-11,AGUA
-48,133,-14,AGUA
-48,133,-15,AGUA
-48,132,-1,AGUA
-33,1401,-2,AGUA
-48,133,-12,AGUA
-48,133,-13,AGUA
-45,1636,-16,AGUA
-43,278,-16,AGUA
-47,1497,-16,AGUA
-42,1132,-16,AGUA
-33,1197,-2,AGUA
-45,1032,-16,AGUA
-48,144,-1,AGUA
-43,1314,-16,AGUA
-44,1050,-16,AGUA
-48,1479,-16,AGUA
-47,244,-16,AGUA
-42,1736,-16,AGUA
-40,660,-16,AGUA
-48,168,-1,AGUA
-47,301,-16,AGUA
-42,1606,-16,AGUA
-43,1114,-16,AGUA
-44,326,-16,AGUA
-45,304,-16,AGUA
-42,516,-16,AGUA
-40,1601,-16,AGUA
-47,501,-16,AGUA
-44,1380,-16,AGUA
-44,884,-16,AGUA
-48,263,-15,AGUA
-48,263,-14,AGUA
-40,1659,-16,AGUA
-48,263,-13,AGUA
-48,263,-12,AGUA
-48,156,-1,AGUA
-48,263,-11,AGUA
-48,263,-10,AGUA
-40,102,-16,AGUA
-42,1690,-16,AGUA
-44,126,-16,AGUA
-40,860,-16,AGUA
-46,266,-16,AGUA
-44,706,-16,AGUA
-45,468,-16,AGUA
-40,1320,-16,AGUA
-48,651,-2,AGUA
-48,651,-3,AGUA
-42,146,-16,AGUA
-48,651,-1,AGUA
-48,651,-6,AGUA
-48,651,-7,AGUA
-48,651,-4,AGUA
-48,651,-5,AGUA
-43,1186,-16,AGUA
-43,1542,-16,AGUA
-48,651,-8,AGUA
-40,280,-16,AGUA
-48,651,-9,AGUA
-42,975,-16,AGUA
-40,1367,-16,AGUA
-48,655,-15,AGUA
-40,1723,-16,AGUA
-46,442,-16,AGUA
-47,537,-16,AGUA
-47,560,-16,AGUA
-47,1145,-16,AGUA
-43,658,-16,AGUA
-40,336,-16,AGUA
-42,1796,-16,AGUA
-43,1436,-16,AGUA
-47,1501,-16,AGUA
-47,1580,-16,AGUA
-47,1307,-16,AGUA
-46,1514,-16,AGUA
-42,1073,-16,AGUA
-48,502,-16,AGUA
-44,1238,-16,AGUA
-47,1298,-16,AGUA
-44,632,-16,AGUA
-47,1251,-16,AGUA
-45,394,-16,AGUA
-40,1390,-16,AGUA
-47,59,-16,AGUA
-40,1529,-16,AGUA
-48,655,-10,AGUA
-46,998,-16,AGUA
-48,655,-14,AGUA
-48,655,-13,AGUA
-48,655,-12,AGUA
-48,655,-11,AGUA
-47,278,-16,AGUA
-46,516,-16,AGUA
-40,1473,-16,AGUA
-42,1805,-16,AGUA
-47,954,-16,AGUA
-45,1554,-16,AGUA
-40,683,-16,AGUA
-48,99,-14,AGUA
-43,1362,-16,AGUA
-48,99,-13,AGUA
-48,99,-12,AGUA
-48,56,-16,AGUA
-48,99,-11,AGUA
-48,99,-10,AGUA
-42,1402,-16,AGUA
-46,1584,-16,AGUA
-45,1660,-16,AGUA
-47,848,-16,AGUA
-43,940,-16,AGUA
-48,99,-15,AGUA
-45,986,-16,AGUA
-42,869,-16,AGUA
-45,644,-16,AGUA
-33,1523,-2,AGUA
-48,326,-16,AGUA
-40,64,-16,AGUA
-40,1806,-16,AGUA
-45,1518,-16,AGUA
-45,750,-16,AGUA
-48,675,-2,AGUA
-48,675,-3,AGUA
-42,410,-16,AGUA
-48,675,-4,AGUA
-48,675,-5,AGUA
-48,675,-6,AGUA
-48,675,-7,AGUA
-48,675,-8,AGUA
-48,675,-9,AGUA
-47,125,-16,AGUA
-48,266,-1,AGUA
-48,675,-1,AGUA
-48,663,-2,AGUA
-48,663,-1,AGUA
-48,663,-4,AGUA
-48,663,-3,AGUA
-48,663,-6,AGUA
-48,663,-5,AGUA
-47,1062,-16,AGUA
-48,663,-8,AGUA
-43,172,-16,AGUA
-48,663,-7,AGUA
-47,1737,-16,AGUA
-47,454,-16,AGUA
-33,1511,-2,AGUA
-43,102,-16,AGUA
-40,1131,-16,AGUA
-48,278,-1,AGUA
-48,252,-16,AGUA
-48,663,-9,AGUA
-42,1037,-16,AGUA
-47,990,-16,AGUA
-42,47,-16,AGUA
-33,667,-2,AGUA
-47,1343,-16,AGUA
-33,1559,-2,AGUA
-48,410,-16,AGUA
-42,1366,-16,AGUA
-48,813,-16,AGUA
-33,63,-2,AGUA
-48,619,-10,AGUA
-48,619,-11,AGUA
-48,619,-12,AGUA
-48,619,-13,AGUA
-48,619,-14,AGUA
-48,619,-15,AGUA
-33,679,-2,AGUA
-43,1208,-16,AGUA
-42,576,-16,AGUA
-43,1278,-16,AGUA
-47,765,-16,AGUA
-48,291,-9,AGUA
-48,291,-8,AGUA
-48,291,-7,AGUA
-48,291,-6,AGUA
-48,291,-5,AGUA
-48,291,-4,AGUA
-42,1512,-16,AGUA
-48,291,-3,AGUA
-48,291,-2,AGUA
-33,51,-2,AGUA
-47,161,-16,AGUA
-40,1766,-16,AGUA
-48,1425,-16,AGUA
-44,548,-16,AGUA
-47,1544,-16,AGUA
-46,46,-16,AGUA
-46,1624,-16,AGUA
-42,1559,-16,AGUA
-40,1162,-16,AGUA
-45,1712,-16,AGUA
-40,928,-16,AGUA
-47,1618,-16,AGUA
-46,358,-16,AGUA
-47,362,-16,AGUA
-40,766,-16,AGUA
-46,1478,-16,AGUA
-48,918,-16,AGUA
-44,220,-16,AGUA
-46,600,-16,AGUA
-33,1535,-2,AGUA
-42,1156,-16,AGUA
-44,1630,-16,AGUA
-33,1547,-2,AGUA
-40,397,-16,AGUA
-42,1485,-16,AGUA
-47,691,-16,AGUA
-48,216,-16,AGUA
-47,796,-16,AGUA
-47,1690,-16,AGUA
-45,540,-16,AGUA
-43,584,-16,AGUA
-40,1507,-16,AGUA
-40,811,-16,AGUA
-43,66,-16,AGUA
-42,822,-16,AGUA
-48,1114,-16,AGUA
-46,0,-16,AGUA
-40,196,-16,AGUA
-42,621,-16,AGUA
-47,1461,-16,AGUA
-42,892,-16,AGUA
-42,1213,-16,AGUA
-45,552,-16,AGUA
-40,28,-16,AGUA
-42,265,-16,AGUA
-42,493,-16,AGUA
-47,208,-16,AGUA
-33,631,-2,AGUA
-40,138,-16,AGUA
-44,1432,-16,AGUA
-42,1713,-16,AGUA
-46,1492,-16,AGUA
-48,1456,-16,AGUA
-46,1338,-16,AGUA
-45,1198,-16,AGUA
-46,1550,-16,AGUA
-48,1413,-16,AGUA
-33,643,-2,AGUA
-33,491,-2,AGUA
-40,1565,-16,AGUA
-47,350,-16,AGUA
-44,1274,-16,AGUA
-48,299,-15,AGUA
-48,299,-13,AGUA
-48,299,-14,AGUA
-48,299,-11,AGUA
-48,299,-12,AGUA
-48,299,-10,AGUA
-42,70,-16,AGUA
-40,1236,-16,AGUA
-42,738,-16,AGUA
-33,655,-2,AGUA
-43,742,-16,AGUA
-48,1614,-16,AGUA
-44,1002,-16,AGUA
-44,978,-16,AGUA
-40,635,-16,AGUA
-40,1319,-16,AGUA
-48,445,-11,AGUA
-48,158,-1,AGUA
-48,445,-10,AGUA
-48,445,-13,AGUA
-48,445,-12,AGUA
-48,445,-15,AGUA
-48,445,-14,AGUA
-33,1427,-2,AGUA
-47,479,-16,AGUA
-33,1199,-2,AGUA
-47,1579,-16,AGUA
-48,1163,-16,AGUA
-48,146,-1,AGUA
-42,339,-16,AGUA
-40,1424,-16,AGUA
-42,1524,-16,AGUA
-33,1415,-2,AGUA
-44,1098,-16,AGUA
-45,1344,-16,AGUA
-33,1175,-2,AGUA
-46,788,-16,AGUA
-43,1600,-16,AGUA
-42,371,-16,AGUA
-42,1354,-16,AGUA
-43,466,-16,AGUA
-47,1749,-16,AGUA
-48,527,-13,AGUA
-48,527,-14,AGUA
-48,527,-11,AGUA
-48,527,-12,AGUA
-48,527,-15,AGUA
-40,537,-16,AGUA
-42,1748,-16,AGUA
-48,551,-12,AGUA
-48,551,-13,AGUA
-48,171,-9,AGUA
-48,551,-14,AGUA
-48,551,-15,AGUA
-48,171,-7,AGUA
-48,171,-8,AGUA
-48,171,-5,AGUA
-48,551,-10,AGUA
-48,171,-6,AGUA
-48,551,-11,AGUA
-48,171,-3,AGUA
-48,171,-4,AGUA
-48,171,-2,AGUA
-33,1163,-2,AGUA
-42,704,-16,AGUA
-47,836,-16,AGUA
-43,1590,-16,AGUA
-40,1577,-16,AGUA
-48,527,-10,AGUA
-47,1355,-16,AGUA
-48,109,-9,AGUA
-48,109,-8,AGUA
-48,109,-7,AGUA
-48,109,-6,AGUA
-42,541,-16,AGUA
-48,109,-5,AGUA
-48,109,-4,AGUA
-48,109,-3,AGUA
-48,109,-2,AGUA
-44,514,-16,AGUA
-48,598,-16,AGUA
-42,1274,-16,AGUA
-45,276,-16,AGUA
-45,1426,-16,AGUA
-40,561,-16,AGUA
-33,1151,-2,AGUA
-45,122,-16,AGUA
-40,1530,-16,AGUA
-42,445,-16,AGUA
-40,95,-16,AGUA
-33,1403,-2,AGUA
-48,579,-2,AGUA
-48,773,-16,AGUA
-48,579,-1,AGUA
-46,278,-16,AGUA
-48,579,-4,AGUA
-48,579,-3,AGUA
-42,1437,-16,AGUA
-48,579,-9,AGUA
-42,1631,-16,AGUA
-48,579,-6,AGUA
-48,579,-5,AGUA
-48,579,-8,AGUA
-48,579,-7,AGUA
-45,516,-16,AGUA
-48,1080,-16,AGUA
-47,406,-16,AGUA
-33,429,-2,AGUA
-40,455,-16,AGUA
-48,195,-7,AGUA
-48,195,-8,AGUA
-48,195,-9,AGUA
-48,195,-3,AGUA
-48,195,-4,AGUA
-48,195,-5,AGUA
-44,1642,-16,AGUA
-48,195,-6,AGUA
-42,1191,-16,AGUA
-48,195,-2,AGUA
-33,405,-2,AGUA
-43,78,-16,AGUA
-45,1450,-16,AGUA
-43,730,-16,AGUA
-47,1666,-16,AGUA
-47,1179,-16,AGUA
-42,230,-16,AGUA
-42,1450,-16,AGUA
-47,1772,-16,AGUA
-45,1672,-16,AGUA
-44,492,-16,AGUA
-48,183,-7,AGUA
-48,183,-6,AGUA
-40,161,-16,AGUA
-48,183,-9,AGUA
-48,183,-8,AGUA
-48,183,-3,AGUA
-44,1392,-16,AGUA
-48,183,-2,AGUA
-48,183,-5,AGUA
-48,183,-4,AGUA
-48,168,-16,AGUA
-42,1085,-16,AGUA
-46,528,-16,AGUA
-40,529,-16,AGUA
-43,230,-16,AGUA
-47,326,-16,AGUA
-47,1014,-16,AGUA
-40,1332,-16,AGUA
-47,1592,-16,AGUA
-43,1554,-16,AGUA
-46,1706,-16,AGUA
-33,75,-2,AGUA
-42,1201,-16,AGUA
-40,420,-16,AGUA
-43,1326,-16,AGUA
-33,1439,-2,AGUA
-40,16,-16,AGUA
-42,682,-16,AGUA
-33,417,-2,AGUA
-47,397,-16,AGUA
-42,304,-16,AGUA
-42,347,-16,AGUA
-44,1466,-16,AGUA
-40,872,-16,AGUA
-42,111,-16,AGUA
-48,301,-7,AGUA
-48,301,-6,AGUA
-48,301,-9,AGUA
-48,301,-8,AGUA
-46,454,-16,AGUA
-48,301,-3,AGUA
-48,301,-2,AGUA
-40,244,-16,AGUA
-48,301,-5,AGUA
-48,301,-4,AGUA
-40,976,-16,AGUA
-42,1761,-16,AGUA
-48,208,-16,AGUA
-42,932,-16,AGUA
-46,1632,-16,AGUA
-42,182,-16,AGUA
-40,848,-16,AGUA
-44,338,-16,AGUA
-47,95,-16,AGUA
-48,264,-16,AGUA
-40,372,-16,AGUA
-45,1378,-16,AGUA
-43,694,-16,AGUA
-47,502,-16,AGUA
-33,87,-2,AGUA
-42,786,-16,AGUA
-42,1061,-16,AGUA
-42,1591,-16,AGUA
-47,1110,-16,AGUA
-44,742,-16,AGUA
-42,158,-16,AGUA
-47,24,-16,AGUA
-44,114,-16,AGUA
-33,141,-2,AGUA
-47,1642,-16,AGUA
-40,1758,-16,AGUA
-48,325,-3,AGUA
-48,325,-2,AGUA
-48,325,-7,AGUA
-48,325,-6,AGUA
-48,325,-5,AGUA
-48,325,-4,AGUA
-48,325,-9,AGUA
-48,325,-8,AGUA
-33,99,-2,AGUA
-44,596,-16,AGUA
-40,301,-16,AGUA
-47,113,-16,AGUA
-40,1202,-16,AGUA
-42,1320,-16,AGUA
-47,1438,-16,AGUA
-40,1613,-16,AGUA
-42,1665,-16,AGUA
-42,528,-16,AGUA
-47,871,-16,AGUA
-40,601,-16,AGUA
-43,706,-16,AGUA
-48,313,-2,AGUA
-48,313,-7,AGUA
-48,313,-8,AGUA
-48,313,-9,AGUA
-40,1684,-16,AGUA
-48,313,-3,AGUA
-48,313,-4,AGUA
-48,313,-5,AGUA
-48,313,-6,AGUA
-44,468,-16,AGUA
-48,338,-16,AGUA
-46,928,-16,AGUA
-40,348,-16,AGUA
-43,834,-16,AGUA
-46,1102,-16,AGUA
-42,1607,-16,AGUA
-33,189,-2,AGUA
-40,218,-16,AGUA
-46,1386,-16,AGUA
-40,718,-16,AGUA
-33,177,-2,AGUA
-42,1003,-16,AGUA
-40,7,-16,AGUA
-46,324,-16,AGUA
-43,1730,-16,AGUA
-48,110,-1,AGUA
-42,299,-16,AGUA
-47,600,-16,AGUA
-46,1502,-16,AGUA
-47,643,-16,AGUA
-40,1284,-16,AGUA
-48,362,-16,AGUA
-48,122,-1,AGUA
-46,552,-16,AGUA
-40,731,-16,AGUA
-40,1400,-16,AGUA
-48,479,-10,AGUA
-48,479,-11,AGUA
-48,479,-12,AGUA
-48,479,-13,AGUA
-48,479,-14,AGUA
-42,658,-16,AGUA
-48,134,-16,AGUA
-42,1248,-16,AGUA
-40,1056,-16,AGUA
-33,153,-2,AGUA
-46,1730,-16,AGUA
-43,206,-16,AGUA
-48,892,-16,AGUA
-47,243,-16,AGUA
-33,165,-2,AGUA
-47,1496,-16,AGUA
-47,1225,-16,AGUA
-48,479,-15,AGUA
-40,489,-16,AGUA
-47,717,-16,AGUA
-33,1187,-2,AGUA
-48,134,-1,AGUA
-42,82,-16,AGUA
-46,1612,-16,AGUA
-33,1209,-2,AGUA
-47,13,-16,AGUA
-42,1331,-16,AGUA
-43,612,-16,AGUA
-47,1378,-16,AGUA
-44,730,-16,AGUA
-44,374,-16,AGUA
-45,670,-16,AGUA
-44,1512,-16,AGUA
-47,1556,-16,AGUA
-48,228,-16,AGUA
-48,1291,-16,AGUA
-45,492,-16,AGUA
-44,1478,-16,AGUA
-40,1118,-16,AGUA
-42,170,-16,AGUA
-47,730,-16,AGUA
-40,1625,-16,AGUA
-46,184,-16,AGUA
-40,1197,-16,AGUA
-42,1378,-16,AGUA
-42,1725,-16,AGUA
-48,492,-16,AGUA
-33,993,-2,AGUA
-42,751,-16,AGUA
-33,809,-2,AGUA
-42,100,-16,AGUA
-45,422,-16,AGUA
-47,1049,-16,AGUA
-46,540,-16,AGUA
-48,879,-16,AGUA
-40,1044,-16,AGUA
-47,1725,-16,AGUA
-45,920,-16,AGUA
-40,1778,-16,AGUA
-42,920,-16,AGUA
-42,12,-16,AGUA
-47,83,-16,AGUA
-40,360,-16,AGUA
-44,608,-16,AGUA
-43,682,-16,AGUA
-47,480,-16,AGUA
-42,1547,-16,AGUA
-40,612,-16,AGUA
-48,931,-16,AGUA
-48,350,-16,AGUA
-40,1695,-16,AGUA
-46,682,-16,AGUA
-40,941,-16,AGUA
-46,1040,-16,AGUA
-48,145,-10,AGUA
-48,145,-15,AGUA
-48,145,-14,AGUA
-48,145,-13,AGUA
-42,253,-16,AGUA
-48,145,-12,AGUA
-48,145,-11,AGUA
-33,871,-2,AGUA
-45,1438,-16,AGUA
-47,4,-16,AGUA
-48,181,-13,AGUA
-48,181,-14,AGUA
-44,1336,-16,AGUA
-48,181,-11,AGUA
-42,1473,-16,AGUA
-48,181,-12,AGUA
-42,1236,-16,AGUA
-48,181,-15,AGUA
-40,72,-16,AGUA
-48,181,-10,AGUA
-43,952,-16,AGUA
-43,596,-16,AGUA
-33,883,-2,AGUA
-47,678,-16,AGUA
-40,443,-16,AGUA
-47,741,-16,AGUA
-48,1338,-16,AGUA
-46,916,-16,AGUA
-40,114,-16,AGUA
-44,1014,-16,AGUA
-44,872,-16,AGUA
-48,1780,-16,AGUA
-42,1144,-16,AGUA
-47,883,-16,AGUA
-44,1262,-16,AGUA
-43,1460,-16,AGUA
-42,1286,-16,AGUA
-42,481,-16,AGUA
-44,1420,-16,AGUA
-48,1045,-16,AGUA
-44,644,-16,AGUA
-43,860,-16,AGUA
-42,834,-16,AGUA
-40,1447,-16,AGUA
-48,726,-16,AGUA
-45,1044,-16,AGUA
-42,505,-16,AGUA
-47,232,-16,AGUA
-40,256,-16,AGUA
-44,1490,-16,AGUA
-48,1198,-16,AGUA
-48,643,-10,AGUA
-48,643,-11,AGUA
-42,908,-16,AGUA
-40,1711,-16,AGUA
-48,643,-14,AGUA
-48,643,-15,AGUA
-48,643,-12,AGUA
-46,148,-16,AGUA
-48,643,-13,AGUA
-46,1454,-16,AGUA
-48,95,-8,AGUA
-44,718,-16,AGUA
-48,95,-9,AGUA
-48,287,-13,AGUA
-48,287,-12,AGUA
-48,287,-15,AGUA
-48,287,-14,AGUA
-47,1320,-16,AGUA
-48,287,-11,AGUA
-48,287,-10,AGUA
-44,1748,-16,AGUA
-48,95,-2,AGUA
-48,95,-3,AGUA
-48,95,-6,AGUA
-48,95,-7,AGUA
-48,95,-4,AGUA
-44,966,-16,AGUA
-48,95,-5,AGUA
-48,83,-9,AGUA
-48,83,-8,AGUA
-48,83,-7,AGUA
-47,1286,-16,AGUA
-45,1186,-16,AGUA
-48,543,-2,AGUA
-48,543,-3,AGUA
-48,543,-4,AGUA
-48,543,-5,AGUA
-48,543,-6,AGUA
-48,543,-7,AGUA
-48,543,-8,AGUA
-48,543,-9,AGUA
-45,1542,-16,AGUA
-48,543,-1,AGUA
-45,1080,-16,AGUA
-45,868,-16,AGUA
-48,456,-16,AGUA
-48,555,-2,AGUA
-48,555,-1,AGUA
-47,1689,-16,AGUA
-42,1180,-16,AGUA
-43,1696,-16,AGUA
-48,555,-9,AGUA
-48,555,-8,AGUA
-48,555,-7,AGUA
-48,555,-6,AGUA
-48,555,-5,AGUA
-48,555,-4,AGUA
-48,555,-3,AGUA
-43,1480,-16,AGUA
-33,371,-2,AGUA
-42,206,-16,AGUA
-45,528,-16,AGUA
-46,1596,-16,AGUA
-40,52,-16,AGUA
-44,1606,-16,AGUA
-47,595,-16,AGUA
-33,383,-2,AGUA
-48,567,-2,AGUA
-48,567,-3,AGUA
-48,567,-1,AGUA
-40,999,-16,AGUA
-48,567,-8,AGUA
-48,567,-9,AGUA
-48,567,-6,AGUA
-48,567,-7,AGUA
-48,567,-4,AGUA
-48,567,-5,AGUA
-46,776,-16,AGUA
-47,525,-16,AGUA
-43,454,-16,AGUA
-47,1133,-16,AGUA
-43,1424,-16,AGUA
-48,447,-2,AGUA
-48,21,-12,AGUA
-48,21,-13,AGUA
-48,447,-4,AGUA
-48,21,-14,AGUA
-48,447,-3,AGUA
-48,21,-15,AGUA
-48,21,-10,AGUA
-48,21,-11,AGUA
-48,447,-9,AGUA
-48,447,-6,AGUA
-48,447,-5,AGUA
-48,447,-8,AGUA
-48,447,-7,AGUA
-48,1315,-16,AGUA
-43,1338,-16,AGUA
-44,1618,-16,AGUA
-33,395,-2,AGUA
-45,598,-16,AGUA
-43,114,-16,AGUA
-44,232,-16,AGUA
-47,1473,-16,AGUA
-42,1414,-16,AGUA
-40,754,-16,AGUA
-40,150,-16,AGUA
-48,785,-16,AGUA
-45,810,-16,AGUA
-48,435,-2,AGUA
-48,435,-3,AGUA
-48,435,-1,AGUA
-47,1631,-16,AGUA
-43,1350,-16,AGUA
-48,435,-8,AGUA
-48,435,-9,AGUA
-48,435,-6,AGUA
-48,435,-7,AGUA
-48,435,-4,AGUA
-48,435,-5,AGUA
-46,572,-16,AGUA
-44,836,-16,AGUA
-48,1385,-16,AGUA
-47,1403,-16,AGUA
-42,1642,-16,AGUA
-40,1450,-16,AGUA
-43,528,-16,AGUA
-43,1566,-16,AGUA
-42,422,-16,AGUA
-47,824,-16,AGUA
-48,586,-16,AGUA
-43,184,-16,AGUA
-45,1684,-16,AGUA
-40,596,-16,AGUA
-47,338,-16,AGUA
-47,966,-16,AGUA
-46,1466,-16,AGUA
-42,564,-16,AGUA
-47,1761,-16,AGUA
-48,531,-9,AGUA
-48,531,-2,AGUA
-48,531,-1,AGUA
-48,531,-4,AGUA
-48,531,-3,AGUA
-48,531,-6,AGUA
-48,531,-5,AGUA
-40,1091,-16,AGUA
-48,531,-8,AGUA
-48,531,-7,AGUA
-46,418,-16,AGUA
-47,1319,-16,AGUA
-44,1760,-16,AGUA
-45,998,-16,AGUA
-44,762,-16,AGUA
-48,459,-2,AGUA
-48,459,-3,AGUA
-48,459,-4,AGUA
-42,1784,-16,AGUA
-48,459,-5,AGUA
-48,459,-1,AGUA
-45,26,-16,AGUA
-46,646,-16,AGUA
-48,459,-6,AGUA
-48,459,-7,AGUA
-46,34,-16,AGUA
-48,459,-8,AGUA
-48,459,-9,AGUA
-48,1140,-16,AGUA
-40,279,-16,AGUA
-33,799,-2,AGUA
-42,774,-16,AGUA
-42,1579,-16,AGUA
-44,102,-16,AGUA
-48,678,-16,AGUA
-42,123,-16,AGUA
-45,1592,-16,AGUA
-48,801,-16,AGUA
-47,916,-16,AGUA
-40,313,-16,AGUA
-45,1602,-16,AGUA
-48,1468,-16,AGUA
-42,35,-16,AGUA
-47,1702,-16,AGUA
-40,964,-16,AGUA
-48,1566,-16,AGUA
-45,1700,-16,AGUA
-42,1096,-16,AGUA
-43,822,-16,AGUA
-33,775,-2,AGUA
-42,1121,-16,AGUA
-47,729,-16,AGUA
-40,1021,-16,AGUA
-44,584,-16,AGUA
-47,60,-16,AGUA
-42,694,-16,AGUA
-40,466,-16,AGUA
-47,255,-16,AGUA
-47,1026,-16,AGUA
-48,1010,-16,AGUA
-33,763,-2,AGUA
-47,1050,-16,AGUA
-40,126,-16,AGUA
-48,1492,-16,AGUA
-47,1524,-16,AGUA
-33,751,-2,AGUA
-44,1348,-16,AGUA
-40,884,-16,AGUA
-48,122,-16,AGUA
-40,1746,-16,AGUA
-40,777,-16,AGUA
-47,1607,-16,AGUA
-44,860,-16,AGUA
-47,753,-16,AGUA
-40,1272,-16,AGUA
-40,1248,-16,AGUA
-47,655,-16,AGUA
-43,90,-16,AGUA
-45,338,-16,AGUA
-48,382,-16,AGUA
-46,312,-16,AGUA
-45,1202,-16,AGUA
-42,881,-16,AGUA
-46,1742,-16,AGUA
-42,276,-16,AGUA
-47,620,-16,AGUA
-45,608,-16,AGUA
-44,1550,-16,AGUA
-40,206,-16,AGUA
-45,50,-16,AGUA
-48,1092,-16,AGUA
-46,670,-16,AGUA
-47,1450,-16,AGUA
-47,148,-16,AGUA
-33,1741,-2,AGUA
-48,1673,-16,AGUA
-43,1148,-16,AGUA
-47,1213,-16,AGUA
-43,718,-16,AGUA
-48,480,-16,AGUA
-40,490,-16,AGUA
-43,1010,-16,AGUA
-47,1263,-16,AGUA
-45,264,-16,AGUA
-33,1753,-2,AGUA
-44,502,-16,AGUA
-33,1765,-2,AGUA
-43,324,-16,AGUA
-48,2,-1,AGUA
-48,303,-15,AGUA
-33,787,-2,AGUA
-42,955,-16,AGUA
-43,1068,-16,AGUA
-48,303,-11,AGUA
-48,303,-12,AGUA
-48,303,-13,AGUA
-40,1174,-16,AGUA
-48,76,-16,AGUA
-48,303,-14,AGUA
-48,303,-10,AGUA
-40,1648,-16,AGUA
-47,181,-16,AGUA
-42,987,-16,AGUA
-42,359,-16,AGUA
-48,1208,-16,AGUA
-42,383,-16,AGUA
-40,1355,-16,AGUA
-47,572,-16,AGUA
-33,1777,-2,AGUA
-45,1332,-16,AGUA
-45,1308,-16,AGUA
-46,1098,-16,AGUA
-33,1789,-2,AGUA
-47,548,-16,AGUA
-48,409,-14,AGUA
-48,409,-15,AGUA
-46,1244,-16,AGUA
-40,1412,-16,AGUA
-48,409,-12,AGUA
-48,409,-13,AGUA
-48,409,-10,AGUA
-48,409,-11,AGUA
-47,1109,-16,AGUA
-40,671,-16,AGUA
-48,620,-16,AGUA
-40,573,-16,AGUA
-45,134,-16,AGUA
-42,1390,-16,AGUA
-48,254,-1,AGUA
-48,1649,-16,AGUA
-47,1784,-16,AGUA
-42,1179,-16,AGUA
-33,1295,-2,AGUA
-42,327,-16,AGUA
-33,309,-2,AGUA
-33,1283,-2,AGUA
-48,539,-13,AGUA
-46,1374,-16,AGUA
-48,539,-12,AGUA
-48,539,-11,AGUA
-48,539,-10,AGUA
-40,517,-16,AGUA
-45,762,-16,AGUA
-48,539,-15,AGUA
-48,539,-14,AGUA
-48,1175,-16,AGUA
-40,834,-16,AGUA
-48,433,-10,AGUA
-48,433,-11,AGUA
-48,433,-12,AGUA
-45,1806,-16,AGUA
-48,433,-13,AGUA
-48,433,-14,AGUA
-48,433,-15,AGUA
-42,1319,-16,AGUA
-43,1198,-16,AGUA
-48,242,-1,AGUA
-40,1518,-16,AGUA
-40,549,-16,AGUA
-42,857,-16,AGUA
-46,940,-16,AGUA
-48,229,-2,AGUA
-48,229,-3,AGUA
-48,229,-4,AGUA
-40,173,-16,AGUA
-48,229,-5,AGUA
-48,229,-6,AGUA
-47,442,-16,AGUA
-48,229,-7,AGUA
-48,229,-8,AGUA
-40,1485,-16,AGUA
-48,229,-9,AGUA
-47,418,-16,AGUA
-46,1718,-16,AGUA
-48,230,-1,AGUA
-44,68,-16,AGUA
-42,229,-16,AGUA
-42,644,-16,AGUA
-40,419,-16,AGUA
-47,1426,-16,AGUA
-44,10,-16,AGUA
-48,217,-3,AGUA
-48,217,-2,AGUA
-48,217,-5,AGUA
-48,217,-4,AGUA
-48,217,-7,AGUA
-48,217,-6,AGUA
-48,217,-9,AGUA
-48,217,-8,AGUA
-40,1542,-16,AGUA
-47,1239,-16,AGUA
-47,385,-16,AGUA
-42,1049,-16,AGUA
-46,1114,-16,AGUA
-47,801,-16,AGUA
-42,457,-16,AGUA
-33,1271,-2,AGUA
-47,1180,-16,AGUA
-47,931,-16,AGUA
-40,1672,-16,AGUA
-42,587,-16,AGUA
-48,563,-15,AGUA
-48,563,-12,AGUA
-44,454,-16,AGUA
-42,1677,-16,AGUA
-48,563,-11,AGUA
-48,563,-14,AGUA
-48,563,-13,AGUA
-48,563,-10,AGUA
-44,1526,-16,AGUA
-46,1644,-16,AGUA
-47,989,-16,AGUA
-48,1590,-16,AGUA
-42,6,-16,AGUA
-46,868,-16,AGUA
-48,44,-16,AGUA
-47,36,-16,AGUA
-40,647,-16,AGUA
-45,632,-16,AGUA
-46,394,-16,AGUA
-47,1654,-16,AGUA
-48,205,-3,AGUA
-48,205,-4,AGUA
-48,205,-2,AGUA
-48,205,-7,AGUA
-48,205,-8,AGUA
-48,205,-5,AGUA
-48,205,-6,AGUA
-48,205,-9,AGUA
-42,1449,-16,AGUA
-46,810,-16,AGUA
-45,1462,-16,AGUA
-48,171,-15,AGUA
-48,171,-14,AGUA
-48,171,-11,AGUA
-48,171,-10,AGUA
-48,171,-13,AGUA
-48,171,-12,AGUA
-42,421,-16,AGUA
-40,1142,-16,AGUA
-47,785,-16,AGUA
-47,882,-16,AGUA
-33,1645,-2,AGUA
-42,1048,-16,AGUA
-40,1045,-16,AGUA
-48,364,-1,AGUA
-45,1626,-16,AGUA
-47,1629,-16,AGUA
-43,1720,-16,AGUA
-40,658,-16,AGUA
-45,646,-16,AGUA
-42,894,-16,AGUA
-33,1633,-2,AGUA
-43,942,-16,AGUA
-42,468,-16,AGUA
-44,1110,-16,AGUA
-42,1001,-16,AGUA
-48,1116,-16,AGUA
-45,1070,-16,AGUA
-40,611,-16,AGUA
-47,312,-16,AGUA
-48,0,-16,AGUA
-46,1586,-16,AGUA
-42,1580,-16,AGUA
-48,340,-1,AGUA
-45,752,-16,AGUA
-43,516,-16,AGUA
-44,278,-16,AGUA
-47,303,-16,AGUA
-47,206,-16,AGUA
-40,1151,-16,AGUA
-40,1804,-16,AGUA
-46,1692,-16,AGUA
-42,1474,-16,AGUA
-40,39,-16,AGUA
-47,456,-16,AGUA
-33,1669,-2,AGUA
-40,1198,-16,AGUA
-46,264,-16,AGUA
-44,1004,-16,AGUA
-48,1019,-16,AGUA
-33,83,-2,AGUA
-47,1735,-16,AGUA
-42,101,-16,AGUA
-47,679,-16,AGUA
-33,1657,-2,AGUA
-48,352,-1,AGUA
-45,502,-16,AGUA
-42,1368,-16,AGUA
-48,315,-2,AGUA
-48,315,-4,AGUA
-48,315,-3,AGUA
-33,95,-2,AGUA
-48,315,-9,AGUA
-48,315,-6,AGUA
-48,315,-5,AGUA
-48,315,-8,AGUA
-48,315,-7,AGUA
-45,966,-16,AGUA
-40,978,-16,AGUA
-47,1309,-16,AGUA
-46,800,-16,AGUA
-45,822,-16,AGUA
-40,408,-16,AGUA
-33,647,-2,AGUA
-40,870,-16,AGUA
-42,741,-16,AGUA
-48,327,-2,AGUA
-48,327,-3,AGUA
-48,610,-16,AGUA
-42,1321,-16,AGUA
-48,327,-4,AGUA
-48,327,-5,AGUA
-42,148,-16,AGUA
-48,327,-6,AGUA
-48,327,-7,AGUA
-48,327,-8,AGUA
-48,327,-9,AGUA
-47,1143,-16,AGUA
-33,161,-2,AGUA
-42,1794,-16,AGUA
-40,1295,-16,AGUA
-47,632,-16,AGUA
-46,44,-16,AGUA
-48,303,-2,AGUA
-42,574,-16,AGUA
-48,303,-3,AGUA
-42,907,-16,AGUA
-33,659,-2,AGUA
-48,303,-8,AGUA
-48,303,-9,AGUA
-48,303,-6,AGUA
-48,303,-7,AGUA
-48,303,-4,AGUA
-48,303,-5,AGUA
-48,339,-2,AGUA
-48,339,-6,AGUA
-48,394,-16,AGUA
-47,776,-16,AGUA
-48,339,-5,AGUA
-48,339,-4,AGUA
-48,339,-3,AGUA
-48,339,-9,AGUA
-48,339,-8,AGUA
-48,339,-7,AGUA
-47,562,-16,AGUA
-47,526,-16,AGUA
-45,38,-16,AGUA
-45,1732,-16,AGUA
-47,999,-16,AGUA
-48,977,-16,AGUA
-44,1750,-16,AGUA
-42,218,-16,AGUA
-42,1251,-16,AGUA
-47,1415,-16,AGUA
-46,1656,-16,AGUA
-48,288,-16,AGUA
-48,1695,-16,AGUA
-46,478,-16,AGUA
-42,1688,-16,AGUA
-48,833,-16,AGUA
-45,716,-16,AGUA
-48,504,-16,AGUA
-40,764,-16,AGUA
-46,584,-16,AGUA
-40,597,-16,AGUA
-47,290,-16,AGUA
-47,193,-16,AGUA
-40,1637,-16,AGUA
-43,302,-16,AGUA
-44,1644,-16,AGUA
-40,694,-16,AGUA
-42,1641,-16,AGUA
-40,221,-16,AGUA
-40,1009,-16,AGUA
-40,124,-16,AGUA
-48,1481,-16,AGUA
-40,1106,-16,AGUA
-42,360,-16,AGUA
-40,1579,-16,AGUA
-40,825,-16,AGUA
-47,1463,-16,AGUA
-45,480,-16,AGUA
-40,1734,-16,AGUA
-40,492,-16,AGUA
-42,1215,-16,AGUA
-44,774,-16,AGUA
-44,490,-16,AGUA
-48,20,-16,AGUA
-47,395,-16,AGUA
-48,67,-14,AGUA
-48,67,-15,AGUA
-43,100,-16,AGUA
-45,112,-16,AGUA
-44,1702,-16,AGUA
-40,550,-16,AGUA
-40,1791,-16,AGUA
-42,964,-16,AGUA
-48,1612,-16,AGUA
-48,67,-10,AGUA
-48,67,-11,AGUA
-48,67,-12,AGUA
-42,680,-16,AGUA
-48,67,-13,AGUA
-42,1084,-16,AGUA
-40,728,-16,AGUA
-42,635,-16,AGUA
-33,635,-2,AGUA
-48,455,-15,AGUA
-48,455,-13,AGUA
-48,455,-14,AGUA
-48,455,-11,AGUA
-48,455,-12,AGUA
-48,455,-10,AGUA
-44,1360,-16,AGUA
-48,1269,-16,AGUA
-46,1266,-16,AGUA
-44,976,-16,AGUA
-40,84,-16,AGUA
-47,1248,-16,AGUA
-45,1342,-16,AGUA
-42,72,-16,AGUA
-47,1345,-16,AGUA
-48,1814,-16,AGUA
-40,96,-16,AGUA
-40,338,-16,AGUA
-33,623,-2,AGUA
-46,158,-16,AGUA
-45,1354,-16,AGUA
-48,657,-15,AGUA
-45,326,-16,AGUA
-48,657,-14,AGUA
-48,657,-13,AGUA
-33,71,-2,AGUA
-48,443,-15,AGUA
-48,443,-14,AGUA
-46,1336,-16,AGUA
-42,538,-16,AGUA
-48,443,-11,AGUA
-48,443,-10,AGUA
-48,443,-13,AGUA
-48,443,-12,AGUA
-40,1365,-16,AGUA
-44,1430,-16,AGUA
-45,124,-16,AGUA
-40,40,-16,AGUA
-42,1154,-16,AGUA
-48,241,-11,AGUA
-48,241,-10,AGUA
-48,241,-13,AGUA
-33,611,-2,AGUA
-48,241,-12,AGUA
-47,14,-16,AGUA
-48,657,-12,AGUA
-48,657,-11,AGUA
-48,657,-10,AGUA
-48,241,-15,AGUA
-48,241,-14,AGUA
-47,1204,-16,AGUA
-43,670,-16,AGUA
-43,1078,-16,AGUA
-45,1556,-16,AGUA
-45,1140,-16,AGUA
-47,952,-16,AGUA
-47,136,-16,AGUA
-44,348,-16,AGUA
-47,1073,-16,AGUA
-46,1538,-16,AGUA
-44,1632,-16,AGUA
-46,1064,-16,AGUA
-33,1621,-2,AGUA
-40,395,-16,AGUA
-40,480,-16,AGUA
-47,1025,-16,AGUA
-42,1676,-16,AGUA
-45,1022,-16,AGUA
-40,1673,-16,AGUA
-48,775,-16,AGUA
-47,1498,-16,AGUA
-47,254,-16,AGUA
-43,1492,-16,AGUA
-44,1608,-16,AGUA
-42,1605,-16,AGUA
-40,1602,-16,AGUA
-47,408,-16,AGUA
-40,1200,-16,AGUA
-48,1387,-16,AGUA
-48,302,-16,AGUA
-48,123,-10,AGUA
-48,123,-12,AGUA
-48,123,-11,AGUA
-42,290,-16,AGUA
-48,123,-14,AGUA
-48,123,-13,AGUA
-48,123,-15,AGUA
-47,1427,-16,AGUA
-44,1206,-16,AGUA
-42,999,-16,AGUA
-40,1649,-16,AGUA
-45,550,-16,AGUA
-44,1714,-16,AGUA
-40,716,-16,AGUA
-47,611,-16,AGUA
-48,349,-10,AGUA
-43,990,-16,AGUA
-48,349,-11,AGUA
-48,349,-12,AGUA
-47,680,-16,AGUA
-42,919,-16,AGUA
-42,943,-16,AGUA
-40,1567,-16,AGUA
-42,1782,-16,AGUA
-43,208,-16,AGUA
-42,1426,-16,AGUA
-48,411,-2,AGUA
-48,411,-3,AGUA
-48,411,-4,AGUA
-45,444,-16,AGUA
-48,411,-5,AGUA
-48,411,-6,AGUA
-48,411,-7,AGUA
-48,411,-8,AGUA
-48,411,-9,AGUA
-46,1490,-16,AGUA
-48,349,-13,AGUA
-48,349,-14,AGUA
-48,349,-15,AGUA
-47,1677,-16,AGUA
-46,1384,-16,AGUA
-42,1203,-16,AGUA
-44,1312,-16,AGUA
-40,1093,-16,AGUA
-48,423,-2,AGUA
-48,423,-9,AGUA
-48,423,-8,AGUA
-48,423,-7,AGUA
-48,423,-6,AGUA
-48,423,-5,AGUA
-48,423,-4,AGUA
-48,423,-3,AGUA
-47,1451,-16,AGUA
-42,1711,-16,AGUA
-43,740,-16,AGUA
-43,232,-16,AGUA
-40,1426,-16,AGUA
-47,728,-16,AGUA
-46,92,-16,AGUA
-40,1260,-16,AGUA
-47,26,-16,AGUA
-45,1318,-16,AGUA
-46,786,-16,AGUA
-45,918,-16,AGUA
-45,870,-16,AGUA
-44,336,-16,AGUA
-47,97,-16,AGUA
-48,1067,-16,AGUA
-40,242,-16,AGUA
-47,477,-16,AGUA
-46,1052,-16,AGUA
-42,1746,-16,AGUA
-42,811,-16,AGUA
-48,373,-12,AGUA
-48,373,-13,AGUA
-48,373,-10,AGUA
-48,373,-11,AGUA
-47,360,-16,AGUA
-48,525,-11,AGUA
-47,834,-16,AGUA
-48,525,-12,AGUA
-40,1532,-16,AGUA
-48,525,-10,AGUA
-48,373,-14,AGUA
-48,373,-15,AGUA
-48,32,-16,AGUA
-48,881,-16,AGUA
-48,525,-15,AGUA
-42,882,-16,AGUA
-48,525,-13,AGUA
-48,525,-14,AGUA
-44,170,-16,AGUA
-40,1247,-16,AGUA
-42,60,-16,AGUA
-45,1674,-16,AGUA
-48,256,-1,AGUA
-45,1272,-16,AGUA
-42,1272,-16,AGUA
-45,1424,-16,AGUA
-33,1297,-2,AGUA
-47,1357,-16,AGUA
-48,419,-12,AGUA
-48,419,-11,AGUA
-48,419,-10,AGUA
-42,526,-16,AGUA
-48,419,-15,AGUA
-48,419,-14,AGUA
-48,419,-13,AGUA
-48,596,-16,AGUA
-45,1780,-16,AGUA
-43,288,-16,AGUA
-45,86,-16,AGUA
-44,668,-16,AGUA
-43,906,-16,AGUA
-42,456,-16,AGUA
-48,244,-1,AGUA
-47,347,-16,AGUA
-33,449,-2,AGUA
-40,5,-16,AGUA
-44,1040,-16,AGUA
-33,1273,-2,AGUA
-47,1568,-16,AGUA
-48,19,-15,AGUA
-46,1600,-16,AGUA
-43,1732,-16,AGUA
-40,646,-16,AGUA
-48,19,-10,AGUA
-48,19,-11,AGUA
-48,19,-12,AGUA
-48,19,-13,AGUA
-48,19,-14,AGUA
-48,232,-1,AGUA
-43,504,-16,AGUA
-40,1130,-16,AGUA
-33,1285,-2,AGUA
-42,7,-16,AGUA
-33,197,-2,AGUA
-47,1723,-16,AGUA
-43,1658,-16,AGUA
-44,266,-16,AGUA
-42,254,-16,AGUA
-47,1512,-16,AGUA
-48,219,-2,AGUA
-48,219,-3,AGUA
-42,1189,-16,AGUA
-48,219,-6,AGUA
-48,219,-7,AGUA
-48,219,-4,AGUA
-33,173,-2,AGUA
-48,219,-5,AGUA
-46,1028,-16,AGUA
-40,1186,-16,AGUA
-48,219,-8,AGUA
-48,219,-9,AGUA
-48,207,-2,AGUA
-48,207,-6,AGUA
-48,207,-5,AGUA
-48,207,-4,AGUA
-33,185,-2,AGUA
-42,858,-16,AGUA
-48,207,-3,AGUA
-48,207,-9,AGUA
-48,207,-8,AGUA
-48,207,-7,AGUA
-44,1096,-16,AGUA
-48,220,-1,AGUA
-33,425,-2,AGUA
-42,656,-16,AGUA
-33,1261,-2,AGUA
-40,444,-16,AGUA
-47,50,-16,AGUA
-45,62,-16,AGUA
-33,437,-2,AGUA
-43,42,-16,AGUA
-42,1118,-16,AGUA
-40,1317,-16,AGUA
-48,1161,-16,AGUA
-43,1788,-16,AGUA
-40,846,-16,AGUA
-43,1400,-16,AGUA
-42,1333,-16,AGUA
-40,374,-16,AGUA
-40,505,-16,AGUA
-44,410,-16,AGUA
-47,1094,-16,AGUA
-40,289,-16,AGUA
-43,634,-16,AGUA
-40,931,-16,AGUA
-42,788,-16,AGUA
-45,172,-16,AGUA
-42,184,-16,AGUA
-45,1248,-16,AGUA
-48,88,-16,AGUA
-44,396,-16,AGUA
-43,1602,-16,AGUA
-47,1783,-16,AGUA
-42,113,-16,AGUA
-43,1184,-16,AGUA
-40,776,-16,AGUA
-33,413,-2,AGUA
-40,172,-16,AGUA
-46,1788,-16,AGUA
-42,315,-16,AGUA
-43,362,-16,AGUA
-42,1535,-16,AGUA
-48,1363,-16,AGUA
-43,836,-16,AGUA
-44,24,-16,AGUA
-40,1471,-16,AGUA
-42,1807,-16,AGUA
-42,600,-16,AGUA
-47,1381,-16,AGUA
-47,1296,-16,AGUA
-43,1802,-16,AGUA
-40,303,-16,AGUA
-33,401,-2,AGUA
-42,36,-16,AGUA
-43,1386,-16,AGUA
-47,1310,-16,AGUA
-44,598,-16,AGUA
-47,1581,-16,AGUA
-42,586,-16,AGUA
-48,1518,-16,AGUA
-47,1653,-16,AGUA
-47,1475,-16,AGUA
-45,1650,-16,AGUA
-40,112,-16,AGUA
-48,147,-12,AGUA
-48,147,-11,AGUA
-45,100,-16,AGUA
-48,147,-10,AGUA
-48,147,-15,AGUA
-48,147,-14,AGUA
-48,147,-13,AGUA
-47,1002,-16,AGUA
-33,1393,-2,AGUA
-40,1544,-16,AGUA
-42,1653,-16,AGUA
-47,383,-16,AGUA
-40,682,-16,AGUA
-43,1694,-16,AGUA
-42,395,-16,AGUA
-48,1043,-16,AGUA
-42,1072,-16,AGUA
-47,964,-16,AGUA
-43,540,-16,AGUA
-42,1500,-16,AGUA
-47,230,-16,AGUA
-33,961,-2,AGUA
-48,1802,-16,AGUA
-42,1403,-16,AGUA
-45,1544,-16,AGUA
-42,503,-16,AGUA
-44,1762,-16,AGUA
-46,1668,-16,AGUA
-48,645,-12,AGUA
-48,645,-13,AGUA
-48,645,-10,AGUA
-48,645,-11,AGUA
-44,786,-16,AGUA
-42,1308,-16,AGUA
-40,63,-16,AGUA
-47,1795,-16,AGUA
-45,1046,-16,AGUA
-40,254,-16,AGUA
-48,645,-14,AGUA
-48,645,-15,AGUA
-47,858,-16,AGUA
-47,1227,-16,AGUA
-48,665,-5,AGUA
-42,172,-16,AGUA
-48,665,-6,AGUA
-48,665,-3,AGUA
-48,665,-4,AGUA
-48,665,-9,AGUA
-48,665,-7,AGUA
-48,1293,-16,AGUA
-47,124,-16,AGUA
-48,665,-8,AGUA
-48,665,-1,AGUA
-48,665,-2,AGUA
-40,943,-16,AGUA
-42,1392,-16,AGUA
-44,1298,-16,AGUA
-43,610,-16,AGUA
-44,1514,-16,AGUA
-47,160,-16,AGUA
-46,182,-16,AGUA
-44,1170,-16,AGUA
-40,1330,-16,AGUA
-47,597,-16,AGUA
-33,985,-2,AGUA
-45,350,-16,AGUA
-44,372,-16,AGUA
-45,1152,-16,AGUA
-40,1449,-16,AGUA
-45,1330,-16,AGUA
-42,753,-16,AGUA
-47,705,-16,AGUA
-33,973,-2,AGUA
-48,653,-5,AGUA
-48,467,-15,AGUA
-48,653,-4,AGUA
-48,467,-14,AGUA
-48,653,-3,AGUA
-48,467,-13,AGUA
-48,653,-2,AGUA
-48,467,-12,AGUA
-47,1322,-16,AGUA
-48,653,-9,AGUA
-48,467,-11,AGUA
-48,653,-8,AGUA
-48,467,-10,AGUA
-48,653,-7,AGUA
-45,420,-16,AGUA
-48,653,-6,AGUA
-43,54,-16,AGUA
-40,1519,-16,AGUA
-48,653,-1,AGUA
-45,136,-16,AGUA
-48,253,-11,AGUA
-42,1723,-16,AGUA
-48,253,-12,AGUA
-48,253,-10,AGUA
-46,1182,-16,AGUA
-40,1224,-16,AGUA
-48,253,-15,AGUA
-48,253,-13,AGUA
-48,253,-14,AGUA
-43,1374,-16,AGUA
-48,217,-12,AGUA
-48,217,-11,AGUA
-48,217,-10,AGUA
-48,55,-10,AGUA
-40,1697,-16,AGUA
-48,55,-14,AGUA
-48,55,-13,AGUA
-48,55,-12,AGUA
-48,55,-11,AGUA
-45,1366,-16,AGUA
-33,1381,-2,AGUA
-42,976,-16,AGUA
-46,1148,-16,AGUA
-40,184,-16,AGUA
-44,466,-16,AGUA
-47,928,-16,AGUA
-40,362,-16,AGUA
-45,1580,-16,AGUA
-48,55,-15,AGUA
-45,1116,-16,AGUA
-45,314,-16,AGUA
-47,1500,-16,AGUA
-48,641,-9,AGUA
-43,1104,-16,AGUA
-48,641,-5,AGUA
-48,431,-15,AGUA
-48,641,-6,AGUA
-48,641,-7,AGUA
-48,641,-8,AGUA
-33,997,-2,AGUA
-43,704,-16,AGUA
-48,431,-11,AGUA
-48,641,-1,AGUA
-48,641,-2,AGUA
-48,431,-12,AGUA
-46,1348,-16,AGUA
-48,641,-3,AGUA
-48,431,-13,AGUA
-48,641,-4,AGUA
-48,431,-14,AGUA
-33,1021,-2,AGUA
-48,681,-16,AGUA
-48,431,-10,AGUA
-43,1196,-16,AGUA
-40,585,-16,AGUA
-44,1016,-16,AGUA
-42,278,-16,AGUA
-46,276,-16,AGUA
-33,1513,-2,AGUA
-45,1010,-16,AGUA
-40,1661,-16,AGUA
-48,1554,-16,AGUA
-47,266,-16,AGUA
-33,1525,-2,AGUA
-45,1614,-16,AGUA
-45,456,-16,AGUA
-33,1501,-2,AGUA
-48,787,-16,AGUA
-40,752,-16,AGUA
-47,1061,-16,AGUA
-48,183,-15,AGUA
-48,183,-13,AGUA
-48,183,-14,AGUA
-48,183,-11,AGUA
-48,183,-12,AGUA
-48,183,-10,AGUA
-47,797,-16,AGUA
-42,433,-16,AGUA
-42,408,-16,AGUA
-46,504,-16,AGUA
-42,1770,-16,AGUA
-45,514,-16,AGUA
-46,1526,-16,AGUA
-48,217,-15,AGUA
-48,217,-14,AGUA
-48,217,-13,AGUA
-47,421,-16,AGUA
-48,268,-1,AGUA
-33,1537,-2,AGUA
-46,1680,-16,AGUA
-42,562,-16,AGUA
-48,845,-16,AGUA
-47,1261,-16,AGUA
-46,32,-16,AGUA
-42,1142,-16,AGUA
-47,822,-16,AGUA
-45,1686,-16,AGUA
-46,1468,-16,AGUA
-48,942,-16,AGUA
-42,1284,-16,AGUA
-48,281,-2,AGUA
-48,281,-4,AGUA
-48,281,-3,AGUA
-48,281,-6,AGUA
-48,281,-5,AGUA
-48,281,-8,AGUA
-48,281,-7,AGUA
-48,281,-9,AGUA
-47,764,-16,AGUA
-45,942,-16,AGUA
-42,1558,-16,AGUA
-45,1744,-16,AGUA
-43,326,-16,AGUA
-40,1033,-16,AGUA
-48,111,-10,AGUA
-44,218,-16,AGUA
-40,623,-16,AGUA
-48,111,-11,AGUA
-48,111,-12,AGUA
-47,324,-16,AGUA
-48,111,-13,AGUA
-48,111,-14,AGUA
-48,111,-15,AGUA
-47,1545,-16,AGUA
-46,146,-16,AGUA
-48,1196,-16,AGUA
-48,293,-2,AGUA
-48,293,-3,AGUA
-48,293,-4,AGUA
-48,293,-5,AGUA
-48,293,-6,AGUA
-48,293,-7,AGUA
-48,293,-8,AGUA
-48,293,-9,AGUA
-42,84,-16,AGUA
-45,1756,-16,AGUA
-40,1767,-16,AGUA
-40,882,-16,AGUA
-44,964,-16,AGUA
-45,954,-16,AGUA
-48,584,-16,AGUA
-42,59,-16,AGUA
-47,667,-16,AGUA
-47,752,-16,AGUA
-33,1549,-2,AGUA
-47,1131,-16,AGUA
-40,468,-16,AGUA
-42,692,-16,AGUA
-44,148,-16,AGUA
-43,112,-16,AGUA
-40,1722,-16,AGUA
-40,27,-16,AGUA
-47,1605,-16,AGUA
-40,1163,-16,AGUA
-47,85,-16,AGUA
-42,823,-16,AGUA
-42,1628,-16,AGUA
-47,894,-16,AGUA
-45,526,-16,AGUA
-45,1082,-16,AGUA
-48,314,-16,AGUA
-46,774,-16,AGUA
-42,492,-16,AGUA
-48,32,-1,AGUA
-40,562,-16,AGUA
-33,317,-2,AGUA
-42,1498,-16,AGUA
-40,1068,-16,AGUA
-46,466,-16,AGUA
-33,305,-2,AGUA
-46,288,-16,AGUA
-44,656,-16,AGUA
-44,478,-16,AGUA
-44,680,-16,AGUA
-42,1025,-16,AGUA
-48,1671,-16,AGUA
-43,716,-16,AGUA
-47,987,-16,AGUA
-44,1454,-16,AGUA
-42,623,-16,AGUA
-42,1177,-16,AGUA
-40,208,-16,AGUA
-45,704,-16,AGUA
-42,348,-16,AGUA
-48,44,-1,AGUA
-40,1591,-16,AGUA
-42,846,-16,AGUA
-42,668,-16,AGUA
-42,870,-16,AGUA
-48,276,-16,AGUA
-48,68,-1,AGUA
-42,1758,-16,AGUA
-47,229,-16,AGUA
-46,1410,-16,AGUA
-48,56,-1,AGUA
-46,1278,-16,AGUA
-42,338,-16,AGUA
-47,1630,-16,AGUA
-40,788,-16,AGUA
-46,1218,-16,AGUA
-43,1066,-16,AGUA
-42,372,-16,AGUA
-40,990,-16,AGUA
-47,38,-16,AGUA
-40,813,-16,AGUA
-47,514,-16,AGUA
-40,538,-16,AGUA
-47,574,-16,AGUA
-45,206,-16,AGUA
-40,1353,-16,AGUA
-48,93,-3,AGUA
-48,93,-2,AGUA
-48,93,-5,AGUA
-48,93,-4,AGUA
-40,528,-16,AGUA
-40,315,-16,AGUA
-48,81,-7,AGUA
-40,277,-16,AGUA
-48,81,-8,AGUA
-48,81,-5,AGUA
-48,81,-6,AGUA
-48,81,-9,AGUA
-44,1286,-16,AGUA
-48,545,-5,AGUA
-48,545,-4,AGUA
-48,545,-7,AGUA
-48,545,-6,AGUA
-48,545,-9,AGUA
-48,545,-8,AGUA
-47,1191,-16,AGUA
-48,545,-1,AGUA
-48,545,-3,AGUA
-33,767,-2,AGUA
-48,545,-2,AGUA
-40,966,-16,AGUA
-42,303,-16,AGUA
-43,1412,-16,AGUA
-33,755,-2,AGUA
-42,1345,-16,AGUA
-48,1173,-16,AGUA
-45,764,-16,AGUA
-48,81,-3,AGUA
-48,81,-4,AGUA
-48,81,-2,AGUA
-48,557,-5,AGUA
-48,557,-6,AGUA
-48,557,-7,AGUA
-48,557,-8,AGUA
-45,1058,-16,AGUA
-48,557,-9,AGUA
-44,586,-16,AGUA
-48,557,-1,AGUA
-48,557,-2,AGUA
-48,557,-3,AGUA
-48,557,-4,AGUA
-42,598,-16,AGUA
-45,290,-16,AGUA
-47,1758,-16,AGUA
-43,646,-16,AGUA
-48,569,-5,AGUA
-48,569,-4,AGUA
-48,569,-3,AGUA
-33,743,-2,AGUA
-48,569,-2,AGUA
-48,569,-1,AGUA
-42,1438,-16,AGUA
-40,1389,-16,AGUA
-48,569,-9,AGUA
-48,569,-8,AGUA
-48,569,-7,AGUA
-48,569,-6,AGUA
-33,1031,-2,AGUA
-33,391,-2,AGUA
-47,1107,-16,AGUA
-47,1700,-16,AGUA
-33,731,-2,AGUA
-43,954,-16,AGUA
-48,1647,-16,AGUA
-42,1523,-16,AGUA
-47,1284,-16,AGUA
-42,1238,-16,AGUA
-42,125,-16,AGUA
-33,1043,-2,AGUA
-47,1665,-16,AGUA
-43,480,-16,AGUA
-44,158,-16,AGUA
-40,858,-16,AGUA
-46,1598,-16,AGUA
-48,93,-7,AGUA
-48,93,-6,AGUA
-48,93,-9,AGUA
-48,93,-8,AGUA
-42,776,-16,AGUA
-46,490,-16,AGUA
-40,147,-16,AGUA
-40,1010,-16,AGUA
-47,289,-16,AGUA
-40,1483,-16,AGUA
-33,1307,-2,AGUA
-47,444,-16,AGUA
-45,1436,-16,AGUA
-45,634,-16,AGUA
-33,1055,-2,AGUA
-40,1614,-16,AGUA
-47,6,-16,AGUA
-40,906,-16,AGUA
-48,337,-15,AGUA
-48,337,-14,AGUA
-44,1524,-16,AGUA
-43,350,-16,AGUA
-33,1067,-2,AGUA
-48,537,-11,AGUA
-48,537,-10,AGUA
-45,360,-16,AGUA
-40,1459,-16,AGUA
-46,1776,-16,AGUA
-33,1319,-2,AGUA
-48,1577,-16,AGUA
-47,1237,-16,AGUA
-40,1283,-16,AGUA
-42,24,-16,AGUA
-40,73,-16,AGUA
-43,824,-16,AGUA
-48,1304,-16,AGUA
-48,337,-13,AGUA
-48,561,-10,AGUA
-46,1172,-16,AGUA
-48,337,-12,AGUA
-48,337,-11,AGUA
-48,561,-12,AGUA
-44,12,-16,AGUA
-48,561,-11,AGUA
-48,337,-10,AGUA
-48,561,-14,AGUA
-48,561,-13,AGUA
-48,561,-15,AGUA
-42,931,-16,AGUA
-40,1259,-16,AGUA
-45,160,-16,AGUA
-48,361,-12,AGUA
-48,361,-11,AGUA
-40,1757,-16,AGUA
-48,361,-14,AGUA
-48,361,-13,AGUA
-47,1037,-16,AGUA
-48,361,-10,AGUA
-46,396,-16,AGUA
-48,361,-15,AGUA
-47,489,-16,AGUA
-37,0,-5,TOCHA
-42,729,-16,AGUA
-33,1079,-2,AGUA
-42,1592,-16,AGUA
-33,779,-2,AGUA
-45,1460,-16,AGUA
-45,1236,-16,AGUA
-37,0,-9,TOCHA
-43,550,-16,AGUA
-45,230,-16,AGUA
-46,596,-16,AGUA
-48,1234,-16,AGUA
-40,1329,-16,AGUA
-45,74,-16,AGUA
-46,812,-16,AGUA
-45,834,-16,AGUA
-45,1306,-16,AGUA
-44,526,-16,AGUA
-47,1167,-16,AGUA
-44,1324,-16,AGUA
-47,101,-16,AGUA
-43,220,-16,AGUA
-47,62,-16,AGUA
-45,1260,-16,AGUA
-40,1414,-16,AGUA
-48,407,-12,AGUA
-40,432,-16,AGUA
-48,407,-13,AGUA
-48,407,-10,AGUA
-48,407,-11,AGUA
-46,1242,-16,AGUA
-48,407,-14,AGUA
-48,407,-15,AGUA
-45,288,-16,AGUA
-40,919,-16,AGUA
-47,159,-16,AGUA
-42,1462,-16,AGUA
-43,478,-16,AGUA
-45,1390,-16,AGUA
-40,1070,-16,AGUA
-42,716,-16,AGUA
-48,537,-15,AGUA
-48,537,-14,AGUA
-48,537,-13,AGUA
-46,1372,-16,AGUA
-48,537,-12,AGUA
-48,207,-10,AGUA
-48,207,-11,AGUA
-48,622,-16,AGUA
-47,644,-16,AGUA
-48,207,-14,AGUA
-48,207,-15,AGUA
-48,207,-12,AGUA
-48,207,-13,AGUA
-48,19,-3,AGUA
-48,19,-2,AGUA
-48,19,-7,AGUA
-48,19,-6,AGUA
-48,19,-5,AGUA
-48,19,-4,AGUA
-48,19,-9,AGUA
-48,19,-8,AGUA
-44,182,-16,AGUA
-48,1149,-16,AGUA
-48,1708,-16,AGUA
-47,359,-16,AGUA
-33,329,-2,AGUA
-45,1106,-16,AGUA
-48,20,-1,AGUA
-47,918,-16,AGUA
-43,420,-16,AGUA
-40,1129,-16,AGUA
-47,170,-16,AGUA
-48,491,-10,AGUA
-48,491,-12,AGUA
-48,491,-11,AGUA
-48,491,-14,AGUA
-42,242,-16,AGUA
-48,491,-13,AGUA
-48,491,-15,AGUA
-45,1590,-16,AGUA
-33,295,-2,AGUA
-33,971,-2,AGUA
-42,243,-16,AGUA
-42,1226,-16,AGUA
-40,1223,-16,AGUA
-33,1371,-2,AGUA
-45,1448,-16,AGUA
-44,882,-16,AGUA
-47,1807,-16,AGUA
-40,183,-16,AGUA
-40,836,-16,AGUA
-46,942,-16,AGUA
-45,1804,-16,AGUA
-33,283,-2,AGUA
-42,1629,-16,AGUA
-40,942,-16,AGUA
-33,271,-2,AGUA
-47,231,-16,AGUA
-45,894,-16,AGUA
-40,586,-16,AGUA
-40,1696,-16,AGUA
-33,501,-2,AGUA
-44,456,-16,AGUA
-44,812,-16,AGUA
-33,1395,-2,AGUA
-42,83,-16,AGUA
-48,1470,-16,AGUA
-46,692,-16,AGUA
-42,1332,-16,AGUA
-40,1117,-16,AGUA
-33,525,-2,AGUA
-33,995,-2,AGUA
-42,1296,-16,AGUA
-40,989,-16,AGUA
-33,513,-2,AGUA
-47,1001,-16,AGUA
-48,752,-16,AGUA
-40,516,-16,AGUA
-33,1383,-2,AGUA
-48,549,-11,AGUA
-48,549,-12,AGUA
-48,549,-13,AGUA
-48,549,-14,AGUA
-46,336,-16,AGUA
-48,549,-15,AGUA
-42,646,-16,AGUA
-42,752,-16,AGUA
-42,1379,-16,AGUA
-40,433,-16,AGUA
-40,1187,-16,AGUA
-47,1048,-16,AGUA
-46,622,-16,AGUA
-46,1764,-16,AGUA
-33,983,-2,AGUA
-48,549,-10,AGUA
-47,384,-16,AGUA
-47,1724,-16,AGUA
-46,1088,-16,AGUA
-42,799,-16,AGUA
-48,869,-16,AGUA
-42,326,-16,AGUA
-33,909,-2,AGUA
-42,1143,-16,AGUA
-43,444,-16,AGUA
-40,622,-16,AGUA
-44,1738,-16,AGUA
-42,160,-16,AGUA
-42,1309,-16,AGUA
-48,432,-16,AGUA
-47,1557,-16,AGUA
-47,857,-16,AGUA
-46,1018,-16,AGUA
-42,1546,-16,AGUA
-47,73,-16,AGUA
-45,930,-16,AGUA
-43,1612,-16,AGUA
-43,194,-16,AGUA
-40,113,-16,AGUA
-44,136,-16,AGUA
-42,1652,-16,AGUA
-40,1626,-16,AGUA
-48,146,-16,AGUA
-42,1059,-16,AGUA
-45,1768,-16,AGUA
-47,1321,-16,AGUA
-43,2,-16,AGUA
-48,905,-16,AGUA
-47,1391,-16,AGUA
-42,432,-16,AGUA
-47,348,-16,AGUA
-42,396,-16,AGUA
-47,740,-16,AGUA
-47,1084,-16,AGUA
-43,728,-16,AGUA
-43,1778,-16,AGUA
-43,124,-16,AGUA
-48,313,-11,AGUA
-33,1731,-2,AGUA
-48,313,-10,AGUA
-48,313,-13,AGUA
-48,585,-10,AGUA
-47,467,-16,AGUA
-40,1460,-16,AGUA
-48,313,-12,AGUA
-48,313,-15,AGUA
-48,313,-14,AGUA
-48,585,-14,AGUA
-48,585,-13,AGUA
-48,585,-12,AGUA
-48,585,-11,AGUA
-47,1688,-16,AGUA
-43,1506,-16,AGUA
-48,585,-15,AGUA
-45,1282,-16,AGUA
-48,716,-16,AGUA
-42,835,-16,AGUA
-47,823,-16,AGUA
-46,1124,-16,AGUA
-42,479,-16,AGUA
-48,1127,-16,AGUA
-44,846,-16,AGUA
-48,449,-5,AGUA
-48,449,-6,AGUA
-47,1215,-16,AGUA
-48,449,-3,AGUA
-48,449,-4,AGUA
-48,449,-1,AGUA
-48,449,-2,AGUA
-48,449,-9,AGUA
-44,1418,-16,AGUA
-48,449,-7,AGUA
-48,449,-8,AGUA
-45,538,-16,AGUA
-48,988,-16,AGUA
-42,480,-16,AGUA
-48,112,-16,AGUA
-42,207,-16,AGUA
-47,893,-16,AGUA
-40,51,-16,AGUA
-40,1034,-16,AGUA
-48,383,-15,AGUA
-48,383,-10,AGUA
-48,383,-13,AGUA
-48,383,-14,AGUA
-48,383,-11,AGUA
-48,383,-12,AGUA
-40,1710,-16,AGUA
-44,1572,-16,AGUA
-40,350,-16,AGUA
-42,277,-16,AGUA
-45,254,-16,AGUA
-47,621,-16,AGUA
-40,1662,-16,AGUA
-47,490,-16,AGUA
-47,668,-16,AGUA
-47,420,-16,AGUA
-42,1415,-16,AGUA
-46,906,-16,AGUA
-44,1216,-16,AGUA
-40,1306,-16,AGUA
-48,182,-16,AGUA
-44,290,-16,AGUA
-42,1310,-16,AGUA
-43,798,-16,AGUA
-40,1780,-16,AGUA
-46,1194,-16,AGUA
-42,1771,-16,AGUA
-48,533,-5,AGUA
-48,401,-5,AGUA
-45,680,-16,AGUA
-48,533,-6,AGUA
-48,401,-6,AGUA
-48,533,-3,AGUA
-48,401,-3,AGUA
-48,533,-4,AGUA
-48,401,-4,AGUA
-48,533,-9,AGUA
-48,401,-9,AGUA
-44,562,-16,AGUA
-48,533,-7,AGUA
-48,401,-7,AGUA
-45,1128,-16,AGUA
-48,533,-8,AGUA
-48,401,-8,AGUA
-40,1779,-16,AGUA
-43,1222,-16,AGUA
-48,533,-1,AGUA
-48,533,-2,AGUA
-48,401,-2,AGUA
-48,1400,-16,AGUA
-47,1760,-16,AGUA
-43,800,-16,AGUA
-46,1408,-16,AGUA
-42,563,-16,AGUA
-42,13,-16,AGUA
-40,467,-16,AGUA
-44,1502,-16,AGUA
-33,549,-2,AGUA
-40,266,-16,AGUA
-33,537,-2,AGUA
-48,521,-5,AGUA
-48,521,-4,AGUA
-48,521,-3,AGUA
-48,521,-2,AGUA
-48,521,-9,AGUA
-48,521,-8,AGUA
-48,521,-7,AGUA
-48,521,-6,AGUA
-48,6,-1,AGUA
-44,1488,-16,AGUA
-48,521,-1,AGUA
-47,1132,-16,AGUA
-42,1783,-16,AGUA
-48,1398,-16,AGUA
-43,1564,-16,AGUA
-46,976,-16,AGUA
-46,100,-16,AGUA
-48,413,-5,AGUA
-48,413,-4,AGUA
-48,413,-7,AGUA
-48,413,-6,AGUA
-48,413,-9,AGUA
-48,413,-8,AGUA
-45,1414,-16,AGUA
-48,413,-3,AGUA
-48,413,-2,AGUA
-47,1474,-16,AGUA
-40,669,-16,AGUA
-48,437,-5,AGUA
-48,437,-4,AGUA
-48,437,-3,AGUA
-48,437,-2,AGUA
-48,437,-1,AGUA
-45,610,-16,AGUA
-48,437,-9,AGUA
-43,1292,-16,AGUA
-48,437,-8,AGUA
-48,437,-7,AGUA
-40,1709,-16,AGUA
-48,437,-6,AGUA
-43,1020,-16,AGUA
-48,425,-5,AGUA
-48,425,-6,AGUA
-48,425,-7,AGUA
-48,425,-8,AGUA
-48,425,-9,AGUA
-40,1437,-16,AGUA
-48,425,-2,AGUA
-48,425,-3,AGUA
-48,515,-11,AGUA
-48,425,-4,AGUA
-48,515,-10,AGUA
-46,372,-16,AGUA
-47,265,-16,AGUA
-46,302,-16,AGUA
-45,1484,-16,AGUA
-40,753,-16,AGUA
-45,1212,-16,AGUA
-48,515,-13,AGUA
-48,515,-12,AGUA
-48,515,-15,AGUA
-48,229,-10,AGUA
-43,870,-16,AGUA
-48,515,-14,AGUA
-48,229,-11,AGUA
-48,1328,-16,AGUA
-42,1699,-16,AGUA
-48,229,-12,AGUA
-48,229,-13,AGUA
-48,229,-14,AGUA
-48,229,-15,AGUA
-42,409,-16,AGUA
-47,1404,-16,AGUA
-48,78,-1,AGUA
-42,847,-16,AGUA
-40,1495,-16,AGUA
-47,1203,-16,AGUA
-42,871,-16,AGUA
-47,432,-16,AGUA
-48,953,-16,AGUA
-46,1160,-16,AGUA
-48,194,-16,AGUA
-46,1136,-16,AGUA
-43,160,-16,AGUA
-48,704,-16,AGUA
-48,77,-10,AGUA
-48,77,-12,AGUA
-48,77,-11,AGUA
-48,77,-14,AGUA
-48,77,-13,AGUA
-43,1090,-16,AGUA
-46,1562,-16,AGUA
-43,562,-16,AGUA
-40,787,-16,AGUA
-47,1606,-16,AGUA
-44,1560,-16,AGUA
-48,66,-1,AGUA
-44,1810,-16,AGUA
-47,37,-16,AGUA
-40,1271,-16,AGUA
-47,182,-16,AGUA
-40,1745,-16,AGUA
-42,800,-16,AGUA
-47,336,-16,AGUA
-48,77,-15,AGUA
-42,1497,-16,AGUA
-42,1701,-16,AGUA
-40,85,-16,AGUA
-48,91,-4,AGUA
-48,91,-5,AGUA
-48,91,-6,AGUA
-40,1069,-16,AGUA
-48,91,-7,AGUA
-48,91,-8,AGUA
-48,91,-9,AGUA
-47,1249,-16,AGUA
-48,857,-16,AGUA
-43,812,-16,AGUA
-45,846,-16,AGUA
-42,1131,-16,AGUA
-40,1022,-16,AGUA
-46,1480,-16,AGUA
-48,91,-2,AGUA
-48,91,-3,AGUA
-42,1095,-16,AGUA
-42,1107,-16,AGUA
-44,574,-16,AGUA
-43,136,-16,AGUA
-44,610,-16,AGUA
-44,408,-16,AGUA
-42,1178,-16,AGUA
-47,61,-16,AGUA
-42,1024,-16,AGUA
-48,1601,-16,AGUA
-45,372,-16,AGUA
-48,668,-16,AGUA
-40,1388,-16,AGUA
-47,906,-16,AGUA
-40,491,-16,AGUA
-47,1759,-16,AGUA
-42,25,-16,AGUA
-42,1380,-16,AGUA
-47,1523,-16,AGUA
-46,68,-16,AGUA
-42,195,-16,AGUA
-48,230,-16,AGUA
-44,1240,-16,AGUA
-46,1456,-16,AGUA
-42,124,-16,AGUA
-43,1660,-16,AGUA
-42,954,-16,AGUA
-40,1175,-16,AGUA
-40,385,-16,AGUA
-47,549,-16,AGUA
-42,597,-16,AGUA
-46,420,-16,AGUA
-40,278,-16,AGUA
-47,656,-16,AGUA
-40,1354,-16,AGUA
-40,314,-16,AGUA
-45,622,-16,AGUA
-44,894,-16,AGUA
-48,1789,-16,AGUA
-47,1190,-16,AGUA
-46,384,-16,AGUA
-44,1134,-16,AGUA
-46,858,-16,AGUA
-48,1352,-16,AGUA
-42,1344,-16,AGUA
-47,1285,-16,AGUA
-42,611,-16,AGUA
-47,941,-16,AGUA
-47,147,-16,AGUA
-44,1536,-16,AGUA
-40,670,-16,AGUA
-33,1,-2,AGUA
-47,1440,-16,AGUA
-44,870,-16,AGUA
-46,1728,-16,AGUA
-44,242,-16,AGUA
-42,1463,-16,AGUA
-33,1743,-2,AGUA
-40,1258,-16,AGUA
-43,1530,-16,AGUA
-44,1796,-16,AGUA
-33,851,-2,AGUA
-46,656,-16,AGUA
-33,1033,-2,AGUA
-44,1264,-16,AGUA
-33,863,-2,AGUA
-40,801,-16,AGUA
-44,1168,-16,AGUA
-47,1036,-16,AGUA
-33,1755,-2,AGUA
-40,101,-16,AGUA
-33,209,-2,AGUA
-33,1767,-2,AGUA
-40,148,-16,AGUA
-43,-1,-15,TOCHA
-33,1045,-2,AGUA
-43,1256,-16,AGUA
-47,5,-16,AGUA
-47,1166,-16,AGUA
-47,573,-16,AGUA
-47,419,-16,AGUA
-42,384,-16,AGUA
-47,1794,-16,AGUA
-44,194,-16,AGUA
-40,907,-16,AGUA
-33,1779,-2,AGUA
-48,466,-16,AGUA
-33,1309,-2,AGUA
-46,1800,-16,AGUA
-48,17,-4,AGUA
-48,17,-5,AGUA
-48,17,-2,AGUA
-48,17,-3,AGUA
-47,704,-16,AGUA
-48,17,-8,AGUA
-48,17,-9,AGUA
-48,17,-6,AGUA
-48,17,-7,AGUA
-33,1057,-2,AGUA
-48,277,-11,AGUA
-48,277,-12,AGUA
-48,277,-13,AGUA
-48,277,-14,AGUA
-48,277,-15,AGUA
-43,290,-16,AGUA
-47,515,-16,AGUA
-48,277,-10,AGUA
-42,717,-16,AGUA
-44,798,-16,AGUA
-48,29,-4,AGUA
-48,29,-3,AGUA
-47,988,-16,AGUA
-48,29,-6,AGUA
-48,29,-5,AGUA
-48,29,-8,AGUA
-48,29,-7,AGUA
-43,1458,-16,AGUA
-48,29,-9,AGUA
-43,408,-16,AGUA
-33,1069,-2,AGUA
-45,1520,-16,AGUA
-45,218,-16,AGUA
-48,29,-2,AGUA
-47,302,-16,AGUA
-48,30,-1,AGUA
-43,18,-16,AGUA
-47,1712,-16,AGUA
-40,1199,-16,AGUA
-40,231,-16,AGUA
-48,823,-16,AGUA
-48,490,-16,AGUA
-33,899,-2,AGUA
-40,1141,-16,AGUA
-45,574,-16,AGUA
-33,875,-2,AGUA
-40,705,-16,AGUA
-47,100,-16,AGUA
-42,988,-16,AGUA
-48,43,-10,AGUA
-48,43,-11,AGUA
-48,43,-14,AGUA
-48,43,-15,AGUA
-48,42,-1,AGUA
-48,43,-12,AGUA
-48,43,-13,AGUA
-48,408,-16,AGUA
-42,515,-16,AGUA
-46,680,-16,AGUA
-33,887,-2,AGUA
-43,764,-16,AGUA
-45,1176,-16,AGUA
-48,1435,-16,AGUA
-42,1261,-16,AGUA
-40,574,-16,AGUA
-48,621,-12,AGUA
-48,621,-13,AGUA
-48,621,-14,AGUA
-48,621,-15,AGUA
-48,621,-10,AGUA
-42,1735,-16,AGUA
-48,621,-11,AGUA
-48,54,-1,AGUA
-40,1543,-16,AGUA
-47,1368,-16,AGUA
-42,219,-16,AGUA
-42,1250,-16,AGUA
-45,1294,-16,AGUA
-45,1472,-16,AGUA
-48,330,-1,AGUA
-48,325,-15,AGUA
-48,325,-10,AGUA
-48,325,-13,AGUA
-40,38,-16,AGUA
-48,325,-14,AGUA
-48,325,-11,AGUA
-48,325,-12,AGUA
-45,976,-16,AGUA
-44,858,-16,AGUA
-43,918,-16,AGUA
-40,1294,-16,AGUA
-48,317,-5,AGUA
-47,633,-16,AGUA
-48,317,-6,AGUA
-48,317,-3,AGUA
-40,1472,-16,AGUA
-48,317,-4,AGUA
-48,573,-10,AGUA
-48,342,-1,AGUA
-47,455,-16,AGUA
-48,317,-2,AGUA
-48,573,-11,AGUA
-48,573,-14,AGUA
-48,573,-15,AGUA
-48,573,-12,AGUA
-48,573,-13,AGUA
-48,317,-9,AGUA
-48,317,-7,AGUA
-48,317,-8,AGUA
-40,159,-16,AGUA
-43,1588,-16,AGUA
-48,503,-10,AGUA
-48,503,-11,AGUA
-48,503,-12,AGUA
-45,798,-16,AGUA
-48,503,-13,AGUA
-48,503,-14,AGUA
-48,503,-15,AGUA
-33,1611,-2,AGUA
-40,409,-16,AGUA
-47,1072,-16,AGUA
-45,1224,-16,AGUA
-33,1635,-2,AGUA
-47,786,-16,AGUA
-45,728,-16,AGUA
-45,1722,-16,AGUA
-44,1406,-16,AGUA
-46,988,-16,AGUA
-42,467,-16,AGUA
-43,1446,-16,AGUA
-33,1623,-2,AGUA
-46,1006,-16,AGUA
-47,811,-16,AGUA
-42,1581,-16,AGUA
-47,277,-16,AGUA
-44,124,-16,AGUA
-48,656,-16,AGUA
-47,313,-16,AGUA
-48,100,-16,AGUA
-48,1766,-16,AGUA
-47,1250,-16,AGUA
-43,988,-16,AGUA
-48,329,-5,AGUA
-48,329,-4,AGUA
-40,918,-16,AGUA
-48,329,-7,AGUA
-48,329,-6,AGUA
-48,329,-3,AGUA
-48,329,-2,AGUA
-40,1402,-16,AGUA
-48,329,-9,AGUA
-48,329,-8,AGUA
-42,48,-16,AGUA
-47,1570,-16,AGUA
-44,538,-16,AGUA
-40,1152,-16,AGUA
-47,775,-16,AGUA
-43,432,-16,AGUA
-33,1659,-2,AGUA
-47,1155,-16,AGUA
-42,728,-16,AGUA
-40,479,-16,AGUA
-44,302,-16,AGUA
-43,1032,-16,AGUA
-33,1647,-2,AGUA
-46,1076,-16,AGUA
-46,254,-16,AGUA
-40,1555,-16,AGUA
-44,1228,-16,AGUA
-45,1402,-16,AGUA
-48,1446,-16,AGUA
-40,871,-16,AGUA
-48,305,-5,AGUA
-48,305,-4,AGUA
-33,85,-2,AGUA
-48,305,-3,AGUA
-43,1280,-16,AGUA
-48,305,-2,AGUA
-43,1126,-16,AGUA
-48,1588,-16,AGUA
-48,305,-9,AGUA
-48,305,-8,AGUA
-48,305,-7,AGUA
-48,305,-6,AGUA
-47,1486,-16,AGUA
-42,289,-16,AGUA
-45,408,-16,AGUA
-43,1268,-16,AGUA
-40,220,-16,AGUA
-40,657,-16,AGUA
-47,1664,-16,AGUA
-33,97,-2,AGUA
-48,395,-15,AGUA
-48,395,-14,AGUA
-43,1210,-16,AGUA
-48,395,-13,AGUA
-48,395,-12,AGUA
-47,1013,-16,AGUA
-45,242,-16,AGUA
-48,395,-11,AGUA
-48,395,-10,AGUA
-46,1254,-16,AGUA
-44,1442,-16,AGUA
-44,444,-16,AGUA
-40,290,-16,AGUA
-40,1733,-16,AGUA
-46,112,-16,AGUA
-46,1752,-16,AGUA
-42,634,-16,AGUA
-42,1013,-16,AGUA
-43,930,-16,AGUA
-33,621,-2,AGUA
-44,58,-16,AGUA
-44,692,-16,AGUA
-43,396,-16,AGUA
-48,66,-16,AGUA
-33,1491,-2,AGUA
-42,1486,-16,AGUA
-47,1617,-16,AGUA
-42,1439,-16,AGUA
-46,930,-16,AGUA
-42,1617,-16,AGUA
-33,633,-2,AGUA
-42,681,-16,AGUA
-40,1235,-16,AGUA
-48,1530,-16,AGUA
-40,195,-16,AGUA
-45,384,-16,AGUA
-47,692,-16,AGUA
-42,1083,-16,AGUA
-40,396,-16,AGUA
-47,1416,-16,AGUA
-44,622,-16,AGUA
-33,645,-2,AGUA
-45,740,-16,AGUA
-42,1687,-16,AGUA
-44,1620,-16,AGUA
-40,1508,-16,AGUA
-48,197,-9,AGUA
-46,1396,-16,AGUA
-48,197,-6,AGUA
-48,197,-5,AGUA
-48,197,-8,AGUA
-48,197,-7,AGUA
-44,1300,-16,AGUA
-33,657,-2,AGUA
-40,799,-16,AGUA
-33,73,-2,AGUA
-46,348,-16,AGUA
-40,1105,-16,AGUA
-48,1210,-16,AGUA
-42,361,-16,AGUA
-40,693,-16,AGUA
-45,1816,-16,AGUA
-40,551,-16,AGUA
-40,326,-16,AGUA
-48,1683,-16,AGUA
-44,1690,-16,AGUA
-33,669,-2,AGUA
-48,158,-16,AGUA
-40,894,-16,AGUA
-40,824,-16,AGUA
-46,432,-16,AGUA
-48,391,-5,AGUA
-48,391,-6,AGUA
-42,1214,-16,AGUA
-48,391,-7,AGUA
-48,391,-8,AGUA
-48,391,-2,AGUA
-47,869,-16,AGUA
-48,391,-3,AGUA
-48,391,-4,AGUA
-48,391,-9,AGUA
-40,1377,-16,AGUA
-33,61,-2,AGUA
-47,194,-16,AGUA
-42,1712,-16,AGUA
-42,1569,-16,AGUA
-46,1290,-16,AGUA
-48,242,-16,AGUA
-42,551,-16,AGUA
-42,136,-16,AGUA
-40,1578,-16,AGUA
-43,254,-16,AGUA
-42,1511,-16,AGUA
-47,1333,-16,AGUA
-42,965,-16,AGUA
-43,1624,-16,AGUA
-47,1119,-16,AGUA
-47,953,-16,AGUA
-47,135,-16,AGUA
-42,764,-16,AGUA
-40,1792,-16,AGUA
-44,1548,-16,AGUA
-47,1747,-16,AGUA
-45,98,-16,AGUA
-42,1356,-16,AGUA
-40,1638,-16,AGUA
-46,218,-16,AGUA
-46,846,-16,AGUA
-48,354,-1,AGUA
-47,739,-16,AGUA
-40,1650,-16,AGUA
-43,384,-16,AGUA
-43,1766,-16,AGUA
-40,97,-16,AGUA
-47,550,-16,AGUA
-48,366,-1,AGUA
-45,882,-16,AGUA
-47,538,-16,AGUA
-44,46,-16,AGUA
-40,954,-16,AGUA
-42,622,-16,AGUA
-47,610,-16,AGUA
-48,112,-1,AGUA
-40,15,-16,AGUA
-48,372,-16,AGUA
-48,100,-1,AGUA
-42,1249,-16,AGUA
-48,550,-16,AGUA
-48,31,-10,AGUA
-33,1153,-2,AGUA
-48,31,-12,AGUA
-48,31,-11,AGUA
-48,348,-16,AGUA
-48,31,-14,AGUA
-48,31,-13,AGUA
-47,1676,-16,AGUA
-48,31,-15,AGUA
-48,526,-16,AGUA
-42,1427,-16,AGUA
-46,1314,-16,AGUA
-48,124,-1,AGUA
-48,999,-16,AGUA
-48,1743,-16,AGUA
-43,1316,-16,AGUA
-47,1273,-16,AGUA
-43,314,-16,AGUA
-42,1273,-16,AGUA
-44,432,-16,AGUA
-44,1358,-16,AGUA
-44,70,-16,AGUA
-45,194,-16,AGUA
-42,444,-16,AGUA
-33,1141,-2,AGUA
-43,30,-16,AGUA
-44,1678,-16,AGUA
-45,302,-16,AGUA
-40,634,-16,AGUA
-46,242,-16,AGUA
-45,40,-16,AGUA
-40,717,-16,AGUA
-40,1603,-16,AGUA
-46,538,-16,AGUA
-47,585,-16,AGUA
-46,716,-16,AGUA
-40,1520,-16,AGUA
-46,740,-16,AGUA
-40,741,-16,AGUA
-33,1189,-2,AGUA
-40,136,-16,AGUA
-43,1340,-16,AGUA
-48,136,-1,AGUA
-43,1138,-16,AGUA
-42,266,-16,AGUA
-44,1382,-16,AGUA
-40,160,-16,AGUA
-48,148,-1,AGUA
-47,478,-16,AGUA
-42,1747,-16,AGUA
-48,633,-15,AGUA
-48,811,-16,AGUA
-48,161,-2,AGUA
-48,161,-3,AGUA
-48,161,-4,AGUA
-46,80,-16,AGUA
-48,161,-5,AGUA
-48,161,-6,AGUA
-44,988,-16,AGUA
-48,161,-7,AGUA
-48,161,-8,AGUA
-42,527,-16,AGUA
-48,161,-9,AGUA
-42,942,-16,AGUA
-48,173,-2,AGUA
-45,1164,-16,AGUA
-43,1814,-16,AGUA
-42,705,-16,AGUA
-47,112,-16,AGUA
-42,1166,-16,AGUA
-42,95,-16,AGUA
-47,1593,-16,AGUA
-47,1356,-16,AGUA
-44,752,-16,AGUA
-46,1812,-16,AGUA
-47,325,-16,AGUA
-47,763,-16,AGUA
-33,1429,-2,AGUA
-40,1318,-16,AGUA
-48,1660,-16,AGUA
-43,882,-16,AGUA
-48,1423,-16,AGUA
-45,858,-16,AGUA
-48,633,-12,AGUA
-48,633,-11,AGUA
-48,633,-14,AGUA
-48,633,-13,AGUA
-48,633,-10,AGUA
-48,197,-2,AGUA
-48,197,-4,AGUA
-48,197,-3,AGUA
-40,1425,-16,AGUA
-33,1417,-2,AGUA
-40,456,-16,AGUA
-40,421,-16,AGUA
-43,1576,-16,AGUA
-48,1138,-16,AGUA
-45,800,-16,AGUA
-45,16,-16,AGUA
-45,1710,-16,AGUA
-33,439,-2,AGUA
-48,185,-8,AGUA
-47,798,-16,AGUA
-48,185,-9,AGUA
-47,96,-16,AGUA
-48,185,-6,AGUA
-48,185,-7,AGUA
-48,185,-4,AGUA
-48,185,-5,AGUA
-46,562,-16,AGUA
-33,1405,-2,AGUA
-42,231,-16,AGUA
-44,930,-16,AGUA
-47,1771,-16,AGUA
-47,1178,-16,AGUA
-48,185,-2,AGUA
-45,692,-16,AGUA
-48,185,-3,AGUA
-42,1451,-16,AGUA
-48,173,-9,AGUA
-48,173,-8,AGUA
-48,173,-7,AGUA
-48,173,-6,AGUA
-48,173,-5,AGUA
-48,173,-4,AGUA
-48,173,-3,AGUA
-48,1719,-16,AGUA
-47,1120,-16,AGUA
-42,812,-16,AGUA
-33,163,-2,AGUA
-48,739,-16,AGUA
-33,403,-2,AGUA
-43,752,-16,AGUA
-43,574,-16,AGUA
-48,89,-12,AGUA
-48,89,-13,AGUA
-48,89,-10,AGUA
-48,89,-11,AGUA
-48,135,-12,AGUA
-48,135,-13,AGUA
-48,135,-10,AGUA
-48,135,-11,AGUA
-48,135,-14,AGUA
-48,135,-15,AGUA
-42,1664,-16,AGUA
-42,657,-16,AGUA
-33,415,-2,AGUA
-47,1439,-16,AGUA
-48,667,-8,AGUA
-48,667,-7,AGUA
-48,667,-6,AGUA
-48,667,-5,AGUA
-40,1685,-16,AGUA
-48,667,-9,AGUA
-45,1034,-16,AGUA
-47,846,-16,AGUA
-48,667,-4,AGUA
-48,667,-3,AGUA
-48,667,-2,AGUA
-48,667,-1,AGUA
-45,1662,-16,AGUA
-43,88,-16,AGUA
-47,242,-16,AGUA
-48,1506,-16,AGUA
-33,175,-2,AGUA
-45,988,-16,AGUA
-40,349,-16,AGUA
-42,1036,-16,AGUA
-40,1081,-16,AGUA
-33,427,-2,AGUA
-44,1122,-16,AGUA
-40,219,-16,AGUA
-48,655,-8,AGUA
-48,655,-9,AGUA
-47,49,-16,AGUA
-48,655,-4,AGUA
-48,655,-5,AGUA
-48,655,-6,AGUA
-48,655,-7,AGUA
-48,655,-1,AGUA
-46,798,-16,AGUA
-48,655,-2,AGUA
-48,655,-3,AGUA
-40,977,-16,AGUA
-43,1398,-16,AGUA
-48,643,-8,AGUA
-48,643,-7,AGUA
-45,1532,-16,AGUA
-42,183,-16,AGUA
-48,643,-9,AGUA
-48,643,-4,AGUA
-48,643,-3,AGUA
-48,643,-6,AGUA
-48,643,-5,AGUA
-45,4,-16,AGUA
-48,643,-2,AGUA
-48,643,-1,AGUA
-45,1638,-16,AGUA
-47,976,-16,AGUA
-47,218,-16,AGUA
-47,870,-16,AGUA
-42,1190,-16,AGUA
-42,159,-16,AGUA
-47,503,-16,AGUA
-47,1641,-16,AGUA
-44,800,-16,AGUA
-40,243,-16,AGUA
-48,89,-14,AGUA
-48,89,-15,AGUA
-48,265,-11,AGUA
-40,1212,-16,AGUA
-48,1008,-16,AGUA
-48,265,-10,AGUA
-46,1574,-16,AGUA
-33,151,-2,AGUA
-45,562,-16,AGUA
-48,265,-15,AGUA
-48,265,-14,AGUA
-48,265,-13,AGUA
-48,265,-12,AGUA
-44,384,-16,AGUA
-48,420,-16,AGUA
-42,1119,-16,AGUA
-47,1511,-16,AGUA
-42,1534,-16,AGUA
-48,609,-15,AGUA
-48,609,-14,AGUA
-48,609,-13,AGUA
-46,1444,-16,AGUA
-48,609,-12,AGUA
-48,609,-11,AGUA
-48,609,-10,AGUA
-42,314,-16,AGUA
-43,622,-16,AGUA
-46,56,-16,AGUA
-48,478,-16,AGUA
-46,610,-16,AGUA
-47,716,-16,AGUA
-43,1470,-16,AGUA
-47,372,-16,AGUA
-45,1792,-16,AGUA
-45,1508,-16,AGUA
-42,918,-16,AGUA
-46,668,-16,AGUA
-40,847,-16,AGUA
-33,1177,-2,AGUA
-40,6,-16,AGUA
-33,199,-2,AGUA
-40,1816,-16,AGUA
-45,906,-16,AGUA
-45,432,-16,AGUA
-40,373,-16,AGUA
-40,504,-16,AGUA
-46,194,-16,AGUA
-47,1380,-16,AGUA
-48,1636,-16,AGUA
-42,787,-16,AGUA
-42,1060,-16,AGUA
-40,1057,-16,AGUA
-44,728,-16,AGUA
-47,1569,-16,AGUA
-40,1342,-16,AGUA
-33,1165,-2,AGUA
-47,1095,-16,AGUA
-44,1726,-16,AGUA
-33,187,-2,AGUA
-44,254,-16,AGUA
-44,1252,-16,AGUA
