-49,613,-23,AGUA
-49,613,-24,AGUA
-49,613,-25,AGUA
-49,613,-26,AGUA
-49,613,-27,AGUA
-49,613,-28,AGUA
-49,613,-29,AGUA
-51,166,-17,AGUA
-61,500,-17,AGUA
-59,379,-32,AGUA
-60,123,-17,AGUA
-49,613,-30,AGUA
-49,613,-31,AGUA
-49,613,-32,AGUA
-49,613,-17,AGUA
-49,613,-18,AGUA
-49,613,-19,AGUA
-54,247,-17,AGUA
-56,251,-17,AGUA
-64,628,-17,AGUA
-50,404,-32,AGUA
-58,390,-17,AGUA
-49,613,-20,AGUA
-49,613,-21,AGUA
-49,613,-22,AGUA
-62,262,-17,AGUA
-59,379,-17,AGUA
-61,635,-17,AGUA
-62,397,-17,AGUA
-56,386,-32,AGUA
-58,617,-17,AGUA
-52,543,-17,AGUA
-55,77,-17,AGUA
-54,5,-17,AGUA
-57,105,-17,AGUA
-55,401,-32,AGUA
-61,412,-17,AGUA
-62,174,-17,AGUA
-59,467,-17,AGUA
-63,339,-17,AGUA
-63,551,-17,AGUA
-62,397,-32,AGUA
-64,405,-32,AGUA
-52,455,-17,AGUA
-63,116,-17,AGUA
-61,459,-17,AGUA
-59,420,-32,AGUA
-54,159,-17,AGUA
-64,405,-17,AGUA
-49,15,-24,AGUA
-49,15,-23,AGUA
-63,463,-17,AGUA
-49,15,-26,AGUA
-49,15,-25,AGUA
-49,15,-28,AGUA
-49,15,-27,AGUA
-61,324,-17,AGUA
-49,15,-29,AGUA
-49,437,-31,AGUA
-49,437,-30,AGUA
-49,437,-32,AGUA
-49,437,-28,AGUA
-49,437,-27,AGUA
-59,555,-17,AGUA
-49,437,-29,AGUA
-49,437,-24,AGUA
-49,437,-23,AGUA
-49,437,-26,AGUA
-51,342,-17,AGUA
-49,437,-25,AGUA
-57,587,-17,AGUA
-49,15,-31,AGUA
-49,15,-30,AGUA
-62,71,-17,AGUA
-49,15,-17,AGUA
-49,15,-19,AGUA
-49,15,-18,AGUA
-49,437,-20,AGUA
-49,437,-22,AGUA
-52,93,-17,AGUA
-53,481,-17,AGUA
-49,437,-21,AGUA
-49,437,-17,AGUA
-49,437,-19,AGUA
-60,382,-17,AGUA
-49,437,-18,AGUA
-58,178,-17,AGUA
-63,50,-17,AGUA
-60,346,-17,AGUA
-49,15,-20,AGUA
-49,15,-22,AGUA
-49,15,-21,AGUA
-49,98,-30,AGUA
-55,401,-17,AGUA
-49,98,-31,AGUA
-49,98,-32,AGUA
-49,98,-28,AGUA
-56,163,-17,AGUA
-49,98,-29,AGUA
-57,416,-32,AGUA
-49,98,-22,AGUA
-49,98,-23,AGUA
-49,98,-20,AGUA
-49,98,-21,AGUA
-49,98,-26,AGUA
-49,525,-18,AGUA
-49,98,-27,AGUA
-49,525,-19,AGUA
-49,98,-24,AGUA
-49,98,-25,AGUA
-49,525,-17,AGUA
-49,98,-19,AGUA
-49,98,-17,AGUA
-49,98,-18,AGUA
-49,525,-21,AGUA
-49,525,-22,AGUA
-49,525,-20,AGUA
-49,525,-25,AGUA
-49,302,-17,AGUA
-49,525,-26,AGUA
-49,302,-18,AGUA
-49,525,-23,AGUA
-49,525,-24,AGUA
-49,525,-29,AGUA
-49,525,-27,AGUA
-49,302,-19,AGUA
-49,525,-28,AGUA
-49,302,-20,AGUA
-49,302,-21,AGUA
-49,302,-24,AGUA
-49,525,-32,AGUA
-49,302,-25,AGUA
-49,302,-22,AGUA
-49,525,-30,AGUA
-49,302,-23,AGUA
-49,525,-31,AGUA
-61,92,-17,AGUA
-62,573,-17,AGUA
-60,211,-17,AGUA
-58,306,-17,AGUA
-63,515,-17,AGUA
-62,350,-17,AGUA
-62,138,-17,AGUA
-64,277,-17,AGUA
-50,539,-17,AGUA
-54,511,-17,AGUA
-58,529,-17,AGUA
-61,547,-17,AGUA
-49,302,-28,AGUA
-49,302,-29,AGUA
-49,302,-26,AGUA
-49,302,-27,AGUA
-49,302,-31,AGUA
-49,302,-30,AGUA
-60,382,-32,AGUA
-60,77,-17,AGUA
-51,565,-17,AGUA
-56,215,-17,AGUA
-50,87,-17,AGUA
-58,354,-17,AGUA
-54,283,-17,AGUA
-62,525,-17,AGUA
-53,269,-17,AGUA
-64,664,-17,AGUA
-55,273,-17,AGUA
-49,350,-18,AGUA
-49,350,-19,AGUA
-61,148,-17,AGUA
-49,350,-17,AGUA
-63,287,-17,AGUA
-49,350,-23,AGUA
-62,226,-17,AGUA
-49,350,-24,AGUA
-49,350,-21,AGUA
-49,350,-22,AGUA
-49,350,-20,AGUA
-49,350,-29,AGUA
-49,350,-27,AGUA
-49,350,-28,AGUA
-49,350,-25,AGUA
-49,350,-26,AGUA
-51,66,-17,AGUA
-49,350,-32,AGUA
-49,350,-30,AGUA
-49,350,-31,AGUA
-52,507,-17,AGUA
-58,653,-17,AGUA
-55,361,-17,AGUA
-55,137,-17,AGUA
-49,1,-30,AGUA
-61,236,-17,AGUA
-49,1,-31,AGUA
-49,1,-32,AGUA
-51,653,-17,AGUA
-49,1,-19,AGUA
-59,643,-17,AGUA
-49,1,-20,AGUA
-49,1,-21,AGUA
-49,1,-26,AGUA
-49,1,-27,AGUA
-49,1,-28,AGUA
-49,1,-29,AGUA
-49,1,-22,AGUA
-49,1,-23,AGUA
-49,1,-24,AGUA
-49,1,-25,AGUA
-49,561,-31,AGUA
-49,561,-30,AGUA
-49,561,-32,AGUA
-49,1,-17,AGUA
-49,1,-18,AGUA
-51,429,-17,AGUA
-62,314,-17,AGUA
-64,365,-17,AGUA
-49,174,-32,AGUA
-49,174,-30,AGUA
-49,174,-31,AGUA
-50,575,-17,AGUA
-60,657,-17,AGUA
-49,174,-29,AGUA
-49,174,-25,AGUA
-49,174,-26,AGUA
-49,174,-27,AGUA
-49,174,-28,AGUA
-49,174,-21,AGUA
-49,174,-22,AGUA
-49,174,-23,AGUA
-53,521,-17,AGUA
-49,174,-24,AGUA
-51,429,-32,AGUA
-63,603,-17,AGUA
-49,174,-20,AGUA
-62,485,-17,AGUA
-49,174,-18,AGUA
-49,174,-19,AGUA
-49,174,-17,AGUA
-58,565,-17,AGUA
-53,393,-32,AGUA
-49,561,-20,AGUA
-49,561,-22,AGUA
-49,561,-21,AGUA
-56,426,-32,AGUA
-49,561,-28,AGUA
-49,561,-27,AGUA
-49,561,-29,AGUA
-49,561,-24,AGUA
-49,561,-23,AGUA
-49,561,-26,AGUA
-49,561,-25,AGUA
-56,127,-17,AGUA
-49,561,-17,AGUA
-49,561,-19,AGUA
-49,561,-18,AGUA
-53,309,-17,AGUA
-60,470,-17,AGUA
-52,631,-17,AGUA
-58,266,-17,AGUA
-63,375,-17,AGUA
-57,35,-17,AGUA
-53,393,-17,AGUA
-54,371,-17,AGUA
-49,262,-17,AGUA
-51,254,-17,AGUA
-60,645,-17,AGUA
-49,262,-19,AGUA
-49,262,-18,AGUA
-49,349,-23,AGUA
-49,349,-24,AGUA
-49,349,-25,AGUA
-49,349,-26,AGUA
-49,349,-27,AGUA
-49,349,-28,AGUA
-49,349,-29,AGUA
-49,262,-20,AGUA
-52,419,-17,AGUA
-49,262,-22,AGUA
-49,262,-21,AGUA
-49,262,-24,AGUA
-49,262,-23,AGUA
-54,51,-17,AGUA
-49,262,-26,AGUA
-49,262,-25,AGUA
-49,262,-28,AGUA
-49,262,-27,AGUA
-49,349,-30,AGUA
-49,262,-29,AGUA
-49,349,-31,AGUA
-49,349,-32,AGUA
-50,663,-17,AGUA
-63,204,-17,AGUA
-49,349,-17,AGUA
-49,349,-18,AGUA
-49,349,-19,AGUA
-52,419,-32,AGUA
-58,14,-17,AGUA
-49,262,-31,AGUA
-49,262,-30,AGUA
-49,262,-32,AGUA
-49,349,-20,AGUA
-49,349,-21,AGUA
-49,349,-22,AGUA
-57,675,-17,AGUA
-62,613,-17,AGUA
-55,149,-17,AGUA
-60,258,-17,AGUA
-58,389,-17,AGUA
-57,627,-17,AGUA
-60,557,-17,AGUA
-59,380,-32,AGUA
-54,295,-17,AGUA
-62,126,-17,AGUA
-58,342,-17,AGUA
-55,237,-17,AGUA
-58,389,-32,AGUA
-60,171,-17,AGUA
-53,533,-17,AGUA
-60,510,-17,AGUA
-63,299,-17,AGUA
-62,561,-17,AGUA
-61,272,-17,AGUA
-58,318,-17,AGUA
-59,607,-17,AGUA
-51,553,-17,AGUA
-63,252,-17,AGUA
-50,99,-17,AGUA
-49,314,-31,AGUA
-49,314,-30,AGUA
-58,665,-17,AGUA
-50,675,-17,AGUA
-49,661,-17,AGUA
-49,661,-18,AGUA
-49,314,-28,AGUA
-49,314,-27,AGUA
-49,314,-26,AGUA
-49,314,-25,AGUA
-49,314,-29,AGUA
-49,314,-20,AGUA
-49,314,-24,AGUA
-49,314,-23,AGUA
-49,314,-22,AGUA
-49,314,-21,AGUA
-49,661,-19,AGUA
-49,385,-32,AGUA
-49,385,-31,AGUA
-49,385,-30,AGUA
-49,661,-26,AGUA
-49,661,-27,AGUA
-49,661,-28,AGUA
-62,537,-17,AGUA
-61,201,-17,AGUA
-49,661,-29,AGUA
-49,661,-22,AGUA
-52,81,-17,AGUA
-49,661,-23,AGUA
-49,661,-24,AGUA
-49,661,-25,AGUA
-49,314,-17,AGUA
-49,661,-20,AGUA
-49,661,-21,AGUA
-60,394,-17,AGUA
-49,314,-19,AGUA
-49,314,-18,AGUA
-51,641,-17,AGUA
-49,385,-26,AGUA
-49,385,-25,AGUA
-51,390,-17,AGUA
-61,248,-17,AGUA
-49,385,-24,AGUA
-49,385,-23,AGUA
-49,385,-29,AGUA
-49,385,-28,AGUA
-51,330,-17,AGUA
-49,385,-27,AGUA
-49,385,-22,AGUA
-49,385,-21,AGUA
-49,385,-20,AGUA
-59,631,-17,AGUA
-49,661,-30,AGUA
-61,44,-17,AGUA
-49,661,-31,AGUA
-53,257,-17,AGUA
-51,206,-17,AGUA
-49,385,-19,AGUA
-49,385,-18,AGUA
-49,385,-17,AGUA
-64,88,-17,AGUA
-62,214,-17,AGUA
-64,441,-17,AGUA
-53,381,-32,AGUA
-60,334,-17,AGUA
-64,190,-17,AGUA
-52,379,-32,AGUA
-53,381,-17,AGUA
-59,507,-17,AGUA
-62,437,-17,AGUA
-57,71,-17,AGUA
-51,617,-17,AGUA
-63,199,-17,AGUA
-52,379,-17,AGUA
-55,173,-17,AGUA
-54,195,-17,AGUA
-64,541,-17,AGUA
-54,411,-17,AGUA
-53,433,-17,AGUA
-49,138,-20,AGUA
-49,138,-22,AGUA
-49,138,-21,AGUA
-49,138,-24,AGUA
-49,138,-23,AGUA
-49,138,-17,AGUA
-49,138,-19,AGUA
-63,415,-17,AGUA
-49,138,-18,AGUA
-62,250,-17,AGUA
-55,29,-17,AGUA
-56,438,-32,AGUA
-50,439,-32,AGUA
-58,629,-17,AGUA
-56,115,-17,AGUA
-49,138,-31,AGUA
-49,138,-30,AGUA
-49,138,-32,AGUA
-49,138,-26,AGUA
-49,138,-25,AGUA
-49,138,-28,AGUA
-49,138,-27,AGUA
-49,138,-29,AGUA
-54,411,-32,AGUA
-49,214,-23,AGUA
-49,214,-22,AGUA
-60,30,-17,AGUA
-58,605,-17,AGUA
-49,214,-25,AGUA
-49,214,-24,AGUA
-56,649,-17,AGUA
-49,214,-21,AGUA
-49,214,-20,AGUA
-49,214,-19,AGUA
-62,661,-17,AGUA
-49,214,-18,AGUA
-49,214,-17,AGUA
-49,601,-19,AGUA
-49,601,-18,AGUA
-49,601,-17,AGUA
-49,625,-30,AGUA
-49,214,-30,AGUA
-49,214,-32,AGUA
-50,439,-17,AGUA
-49,625,-31,AGUA
-49,214,-31,AGUA
-49,625,-23,AGUA
-49,601,-23,AGUA
-49,625,-22,AGUA
-49,601,-22,AGUA
-49,625,-25,AGUA
-49,601,-21,AGUA
-49,625,-24,AGUA
-49,601,-20,AGUA
-49,625,-27,AGUA
-49,214,-27,AGUA
-49,625,-26,AGUA
-49,214,-26,AGUA
-50,141,-17,AGUA
-49,625,-29,AGUA
-49,214,-29,AGUA
-49,625,-28,AGUA
-49,214,-28,AGUA
-51,430,-32,AGUA
-63,239,-17,AGUA
-60,434,-32,AGUA
-51,517,-17,AGUA
-49,625,-21,AGUA
-49,625,-20,AGUA
-49,625,-18,AGUA
-49,625,-17,AGUA
-49,625,-19,AGUA
-52,279,-17,AGUA
-54,235,-17,AGUA
-61,101,-17,AGUA
-50,39,-17,AGUA
-58,218,-17,AGUA
-58,4,-17,AGUA
-53,433,-32,AGUA
-60,434,-17,AGUA
-49,485,-19,AGUA
-63,128,-17,AGUA
-61,196,-17,AGUA
-58,442,-17,AGUA
-49,485,-21,AGUA
-60,610,-17,AGUA
-49,485,-20,AGUA
-49,485,-23,AGUA
-49,485,-22,AGUA
-49,485,-25,AGUA
-49,485,-24,AGUA
-49,485,-27,AGUA
-62,437,-32,AGUA
-49,485,-26,AGUA
-49,485,-29,AGUA
-49,485,-28,AGUA
-51,290,-17,AGUA
-54,15,-17,AGUA
-61,559,-17,AGUA
-60,223,-17,AGUA
-51,477,-17,AGUA
-61,372,-17,AGUA
-63,8,-17,AGUA
-49,485,-18,AGUA
-49,485,-17,AGUA
-62,35,-17,AGUA
-61,583,-17,AGUA
-60,294,-17,AGUA
-52,555,-17,AGUA
-49,601,-29,AGUA
-63,26,-17,AGUA
-49,601,-28,AGUA
-49,601,-27,AGUA
-49,601,-26,AGUA
-49,601,-25,AGUA
-49,601,-24,AGUA
-49,601,-32,AGUA
-58,49,-17,AGUA
-49,601,-31,AGUA
-59,591,-17,AGUA
-49,601,-30,AGUA
-63,97,-17,AGUA
-61,512,-17,AGUA
-58,131,-17,AGUA
-51,430,-17,AGUA
-53,357,-17,AGUA
-63,439,-17,AGUA
-62,274,-17,AGUA
-59,367,-17,AGUA
-50,615,-17,AGUA
-49,51,-30,AGUA
-51,390,-32,AGUA
-49,51,-31,AGUA
-49,51,-32,AGUA
-54,435,-17,AGUA
-55,413,-17,AGUA
-50,399,-17,AGUA
-51,377,-17,AGUA
-49,51,-27,AGUA
-49,51,-28,AGUA
-49,51,-29,AGUA
-49,51,-23,AGUA
-49,51,-24,AGUA
-49,51,-25,AGUA
-49,51,-26,AGUA
-49,51,-20,AGUA
-49,51,-21,AGUA
-49,51,-22,AGUA
-51,306,-17,AGUA
-61,312,-17,AGUA
-57,440,-32,AGUA
-59,567,-17,AGUA
-52,57,-17,AGUA
-61,8,-17,AGUA
-64,488,-17,AGUA
-51,377,-32,AGUA
-55,413,-32,AGUA
-58,62,-17,AGUA
-55,197,-17,AGUA
-62,8,-17,AGUA
-60,394,-32,AGUA
-57,153,-17,AGUA
-64,588,-17,AGUA
-49,485,-30,AGUA
-49,485,-31,AGUA
-54,335,-17,AGUA
-64,317,-17,AGUA
-58,489,-17,AGUA
-55,213,-17,AGUA
-50,499,-17,AGUA
-64,130,-17,AGUA
-63,152,-17,AGUA
-49,51,-17,AGUA
-49,51,-18,AGUA
-64,217,-17,AGUA
-49,51,-19,AGUA
-50,399,-32,AGUA
-60,17,-17,AGUA
-56,175,-17,AGUA
-64,230,-17,AGUA
-55,313,-17,AGUA
-61,68,-17,AGUA
-49,249,-22,AGUA
-49,249,-23,AGUA
-49,249,-20,AGUA
-49,249,-21,AGUA
-50,153,-17,AGUA
-63,615,-17,AGUA
-51,190,-17,AGUA
-49,362,-23,AGUA
-62,238,-17,AGUA
-49,362,-22,AGUA
-49,362,-21,AGUA
-61,136,-17,AGUA
-49,362,-20,AGUA
-62,513,-17,AGUA
-49,362,-29,AGUA
-49,362,-28,AGUA
-49,362,-27,AGUA
-49,249,-19,AGUA
-49,362,-26,AGUA
-49,362,-25,AGUA
-49,249,-17,AGUA
-49,362,-24,AGUA
-49,249,-18,AGUA
-64,377,-17,AGUA
-51,54,-17,AGUA
-63,275,-17,AGUA
-49,362,-19,AGUA
-49,362,-18,AGUA
-49,362,-17,AGUA
-60,42,-17,AGUA
-54,271,-17,AGUA
-62,425,-32,AGUA
-50,563,-17,AGUA
-56,315,-17,AGUA
-60,669,-17,AGUA
-58,231,-17,AGUA
-62,425,-17,AGUA
-49,337,-19,AGUA
-49,337,-18,AGUA
-49,337,-17,AGUA
-58,118,-17,AGUA
-49,337,-23,AGUA
-49,337,-22,AGUA
-49,337,-21,AGUA
-49,337,-20,AGUA
-60,446,-32,AGUA
-63,187,-17,AGUA
-50,241,-17,AGUA
-62,326,-17,AGUA
-54,523,-17,AGUA
-52,33,-17,AGUA
-53,421,-17,AGUA
-58,454,-17,AGUA
-51,442,-32,AGUA
-62,648,-17,AGUA
-49,337,-29,AGUA
-49,337,-28,AGUA
-49,337,-27,AGUA
-49,337,-26,AGUA
-49,337,-25,AGUA
-49,337,-24,AGUA
-49,337,-32,AGUA
-49,337,-31,AGUA
-49,337,-30,AGUA
-54,183,-17,AGUA
-55,285,-17,AGUA
-49,86,-19,AGUA
-49,86,-18,AGUA
-49,114,-29,AGUA
-49,114,-28,AGUA
-49,114,-27,AGUA
-64,305,-17,AGUA
-49,86,-20,AGUA
-49,114,-31,AGUA
-49,114,-30,AGUA
-49,86,-22,AGUA
-49,86,-21,AGUA
-54,435,-32,AGUA
-49,86,-24,AGUA
-49,86,-23,AGUA
-49,86,-26,AGUA
-49,86,-25,AGUA
-49,86,-28,AGUA
-60,446,-17,AGUA
-49,86,-27,AGUA
-53,421,-32,AGUA
-49,114,-19,AGUA
-49,114,-18,AGUA
-60,194,-17,AGUA
-49,114,-17,AGUA
-49,114,-26,AGUA
-49,114,-25,AGUA
-49,114,-24,AGUA
-49,114,-23,AGUA
-49,114,-22,AGUA
-49,114,-21,AGUA
-49,114,-20,AGUA
-49,86,-17,AGUA
-57,165,-17,AGUA
-57,95,-17,AGUA
-64,476,-17,AGUA
-53,457,-17,AGUA
-56,403,-17,AGUA
-49,86,-29,AGUA
-56,403,-32,AGUA
-50,651,-17,AGUA
-52,391,-17,AGUA
-61,395,-32,AGUA
-49,86,-31,AGUA
-49,86,-30,AGUA
-49,86,-32,AGUA
-49,450,-31,AGUA
-49,450,-32,AGUA
-49,450,-30,AGUA
-55,5,-17,AGUA
-59,432,-32,AGUA
-49,450,-28,AGUA
-62,202,-17,AGUA
-49,450,-29,AGUA
-51,329,-17,AGUA
-49,450,-24,AGUA
-49,450,-25,AGUA
-49,450,-26,AGUA
-49,450,-27,AGUA
-55,301,-17,AGUA
-49,450,-20,AGUA
-49,450,-21,AGUA
-49,450,-22,AGUA
-49,450,-23,AGUA
-51,442,-17,AGUA
-61,447,-17,AGUA
-49,673,-26,AGUA
-49,450,-17,AGUA
-49,673,-25,AGUA
-49,450,-18,AGUA
-49,673,-28,AGUA
-49,450,-19,AGUA
-49,673,-27,AGUA
-49,673,-22,AGUA
-49,673,-21,AGUA
-49,673,-24,AGUA
-49,673,-23,AGUA
-49,673,-20,AGUA
-61,560,-17,AGUA
-63,586,-17,AGUA
-49,673,-19,AGUA
-49,673,-18,AGUA
-49,673,-32,AGUA
-49,673,-31,AGUA
-49,673,-30,AGUA
-54,669,-17,AGUA
-49,673,-29,AGUA
-61,447,-32,AGUA
-60,633,-17,AGUA
-58,74,-17,AGUA
-51,665,-17,AGUA
-58,641,-17,AGUA
-49,673,-17,AGUA
-54,611,-17,AGUA
-52,391,-32,AGUA
-61,395,-17,AGUA
-61,224,-17,AGUA
-55,373,-17,AGUA
-61,647,-17,AGUA
-59,655,-17,AGUA
-49,648,-26,AGUA
-49,648,-25,AGUA
-49,648,-28,AGUA
-49,648,-27,AGUA
-49,648,-22,AGUA
-49,648,-21,AGUA
-49,648,-24,AGUA
-49,648,-23,AGUA
-49,648,-29,AGUA
-57,388,-32,AGUA
-60,158,-17,AGUA
-61,535,-17,AGUA
-63,216,-17,AGUA
-62,114,-17,AGUA
-49,648,-31,AGUA
-49,648,-30,AGUA
-53,5,-17,AGUA
-49,648,-32,AGUA
-63,104,-17,AGUA
-61,32,-17,AGUA
-62,297,-17,AGUA
-60,271,-17,AGUA
-64,641,-17,AGUA
-60,545,-17,AGUA
-64,528,-17,AGUA
-52,643,-17,AGUA
-57,663,-17,AGUA
-59,319,-17,AGUA
-52,443,-32,AGUA
-56,351,-17,AGUA
-51,154,-17,AGUA
-56,151,-17,AGUA
-63,403,-17,AGUA
-64,165,-17,AGUA
-61,348,-17,AGUA
-53,409,-32,AGUA
-53,409,-17,AGUA
-52,443,-17,AGUA
-54,63,-17,AGUA
-49,537,-21,AGUA
-49,537,-20,AGUA
-62,596,-17,AGUA
-59,531,-17,AGUA
-49,537,-19,AGUA
-51,541,-17,AGUA
-55,337,-17,AGUA
-49,537,-18,AGUA
-49,537,-17,AGUA
-49,648,-17,AGUA
-63,37,-17,AGUA
-49,537,-31,AGUA
-49,537,-30,AGUA
-49,648,-19,AGUA
-49,648,-18,AGUA
-49,537,-25,AGUA
-57,47,-17,AGUA
-49,537,-24,AGUA
-49,537,-23,AGUA
-49,648,-20,AGUA
-49,537,-22,AGUA
-49,537,-29,AGUA
-49,537,-28,AGUA
-49,537,-27,AGUA
-49,537,-26,AGUA
-63,49,-17,AGUA
-51,354,-17,AGUA
-58,166,-17,AGUA
-54,471,-17,AGUA
-53,493,-17,AGUA
-49,449,-28,AGUA
-49,162,-18,AGUA
-49,449,-29,AGUA
-49,162,-17,AGUA
-49,449,-26,AGUA
-49,449,-27,AGUA
-49,449,-24,AGUA
-49,449,-25,AGUA
-49,449,-22,AGUA
-49,449,-23,AGUA
-49,162,-19,AGUA
-61,336,-17,AGUA
-56,597,-17,AGUA
-58,553,-17,AGUA
-62,497,-17,AGUA
-53,209,-17,AGUA
-49,449,-31,AGUA
-52,219,-17,AGUA
-49,449,-32,AGUA
-49,449,-30,AGUA
-49,162,-29,AGUA
-59,543,-17,AGUA
-49,162,-28,AGUA
-49,162,-27,AGUA
-49,162,-26,AGUA
-53,59,-17,AGUA
-49,162,-21,AGUA
-49,162,-20,AGUA
-49,162,-25,AGUA
-49,162,-24,AGUA
-49,162,-23,AGUA
-49,162,-22,AGUA
-50,376,-32,AGUA
-64,16,-17,AGUA
-49,162,-32,AGUA
-49,162,-31,AGUA
-49,162,-30,AGUA
-49,449,-17,AGUA
-49,449,-18,AGUA
-62,11,-17,AGUA
-50,205,-17,AGUA
-49,449,-19,AGUA
-55,161,-17,AGUA
-49,449,-20,AGUA
-49,449,-21,AGUA
-60,358,-17,AGUA
-53,293,-17,AGUA
-57,575,-17,AGUA
-63,475,-17,AGUA
-57,404,-32,AGUA
-58,366,-17,AGUA
-49,249,-30,AGUA
-63,304,-17,AGUA
-49,249,-31,AGUA
-49,249,-32,AGUA
-52,531,-17,AGUA
-49,362,-32,AGUA
-49,362,-31,AGUA
-49,362,-30,AGUA
-49,249,-26,AGUA
-49,249,-27,AGUA
-49,249,-24,AGUA
-49,249,-25,AGUA
-49,249,-28,AGUA
-49,249,-29,AGUA
-49,250,-30,AGUA
-49,250,-31,AGUA
-60,65,-17,AGUA
-49,250,-32,AGUA
-50,427,-17,AGUA
-49,226,-29,AGUA
-49,250,-20,AGUA
-49,250,-21,AGUA
-49,226,-27,AGUA
-49,250,-22,AGUA
-49,226,-28,AGUA
-49,250,-23,AGUA
-49,250,-24,AGUA
-49,226,-25,AGUA
-49,250,-25,AGUA
-49,226,-26,AGUA
-49,250,-26,AGUA
-49,250,-27,AGUA
-49,250,-28,AGUA
-49,250,-29,AGUA
-56,203,-17,AGUA
-49,226,-32,AGUA
-51,189,-17,AGUA
-49,226,-30,AGUA
-49,226,-31,AGUA
-49,226,-18,AGUA
-49,226,-19,AGUA
-63,662,-17,AGUA
-49,226,-17,AGUA
-63,387,-17,AGUA
-63,574,-17,AGUA
-57,305,-17,AGUA
-50,427,-32,AGUA
-49,226,-23,AGUA
-49,226,-24,AGUA
-49,226,-21,AGUA
-49,226,-22,AGUA
-49,226,-20,AGUA
-51,278,-17,AGUA
-58,254,-17,AGUA
-62,625,-17,AGUA
-50,27,-17,AGUA
-57,217,-17,AGUA
-61,300,-17,AGUA
-64,41,-17,AGUA
-59,579,-17,AGUA
-54,383,-32,AGUA
-51,31,-17,AGUA
-53,621,-17,AGUA
-54,383,-17,AGUA
-51,529,-17,AGUA
-55,559,-17,AGUA
-55,425,-32,AGUA
-61,360,-17,AGUA
-54,447,-32,AGUA
-59,519,-17,AGUA
-61,611,-17,AGUA
-49,286,-22,AGUA
-49,286,-21,AGUA
-49,286,-20,AGUA
-49,286,-26,AGUA
-49,286,-25,AGUA
-49,286,-24,AGUA
-49,286,-23,AGUA
-49,286,-29,AGUA
-49,286,-28,AGUA
-61,424,-17,AGUA
-49,286,-27,AGUA
-55,425,-17,AGUA
-58,97,-17,AGUA
-55,396,-32,AGUA
-60,246,-17,AGUA
-62,373,-17,AGUA
-58,190,-17,AGUA
-58,506,-17,AGUA
-49,286,-19,AGUA
-49,286,-18,AGUA
-62,151,-17,AGUA
-49,286,-17,AGUA
-56,187,-17,AGUA
-62,94,-17,AGUA
-60,469,-17,AGUA
-60,411,-32,AGUA
-58,477,-17,AGUA
-49,63,-18,AGUA
-49,63,-17,AGUA
-63,74,-17,AGUA
-61,595,-17,AGUA
-60,582,-17,AGUA
-62,186,-17,AGUA
-50,487,-17,AGUA
-51,465,-17,AGUA
-49,502,-31,AGUA
-49,502,-32,AGUA
-59,455,-17,AGUA
-49,473,-17,AGUA
-49,63,-19,AGUA
-49,502,-30,AGUA
-49,473,-18,AGUA
-49,473,-19,AGUA
-49,63,-27,AGUA
-49,63,-26,AGUA
-49,502,-28,AGUA
-49,63,-29,AGUA
-57,241,-17,AGUA
-49,63,-28,AGUA
-49,502,-29,AGUA
-49,63,-23,AGUA
-49,502,-26,AGUA
-49,502,-27,AGUA
-49,63,-22,AGUA
-49,502,-24,AGUA
-49,63,-25,AGUA
-49,63,-24,AGUA
-49,502,-25,AGUA
-52,420,-32,AGUA
-49,63,-21,AGUA
-63,164,-17,AGUA
-49,63,-20,AGUA
-49,473,-20,AGUA
-49,473,-21,AGUA
-49,473,-22,AGUA
-63,638,-17,AGUA
-49,473,-23,AGUA
-49,502,-22,AGUA
-49,502,-23,AGUA
-49,473,-24,AGUA
-51,242,-17,AGUA
-49,473,-25,AGUA
-49,502,-20,AGUA
-49,250,-17,AGUA
-49,473,-26,AGUA
-49,502,-21,AGUA
-49,250,-18,AGUA
-49,473,-27,AGUA
-49,250,-19,AGUA
-49,473,-28,AGUA
-49,473,-29,AGUA
-49,502,-19,AGUA
-49,502,-17,AGUA
-49,502,-18,AGUA
-60,411,-17,AGUA
-49,63,-30,AGUA
-49,63,-31,AGUA
-62,402,-17,AGUA
-54,447,-17,AGUA
-52,307,-17,AGUA
-49,473,-30,AGUA
-49,473,-31,AGUA
-49,473,-32,AGUA
-58,590,-17,AGUA
-64,429,-17,AGUA
-52,591,-17,AGUA
-61,173,-17,AGUA
-60,409,-17,AGUA
-51,131,-17,AGUA
-49,397,-19,AGUA
-49,397,-26,AGUA
-49,397,-27,AGUA
-49,397,-28,AGUA
-49,397,-29,AGUA
-49,397,-22,AGUA
-49,397,-23,AGUA
-49,397,-24,AGUA
-49,397,-25,AGUA
-49,397,-20,AGUA
-49,397,-21,AGUA
-60,522,-17,AGUA
-51,405,-17,AGUA
-60,9,-17,AGUA
-55,225,-17,AGUA
-49,397,-30,AGUA
-49,397,-31,AGUA
-52,167,-17,AGUA
-49,397,-32,AGUA
-61,671,-17,AGUA
-60,409,-32,AGUA
-64,616,-17,AGUA
-57,299,-17,AGUA
-60,135,-17,AGUA
-49,397,-17,AGUA
-49,397,-18,AGUA
-51,107,-17,AGUA
-56,537,-17,AGUA
-57,499,-17,AGUA
-59,41,-17,AGUA
-61,471,-17,AGUA
-51,589,-17,AGUA
-55,501,-17,AGUA
-56,263,-17,AGUA
-49,286,-31,AGUA
-49,286,-30,AGUA
-49,597,-21,AGUA
-49,597,-20,AGUA
-49,597,-23,AGUA
-49,597,-22,AGUA
-49,597,-25,AGUA
-49,597,-24,AGUA
-49,597,-27,AGUA
-49,597,-26,AGUA
-51,91,-17,AGUA
-55,65,-17,AGUA
-57,439,-32,AGUA
-49,597,-18,AGUA
-49,597,-17,AGUA
-49,597,-19,AGUA
-63,240,-17,AGUA
-49,597,-32,AGUA
-49,597,-31,AGUA
-56,374,-32,AGUA
-63,351,-17,AGUA
-51,89,-17,AGUA
-54,323,-17,AGUA
-49,597,-30,AGUA
-59,408,-32,AGUA
-52,69,-17,AGUA
-57,639,-17,AGUA
-49,597,-29,AGUA
-49,597,-28,AGUA
-63,498,-17,AGUA
-63,14,-17,AGUA
-51,389,-32,AGUA
-58,417,-17,AGUA
-57,439,-17,AGUA
-49,197,-17,AGUA
-49,197,-18,AGUA
-49,197,-19,AGUA
-60,609,-17,AGUA
-58,417,-32,AGUA
-63,327,-17,AGUA
-61,484,-17,AGUA
-50,627,-17,AGUA
-49,197,-20,AGUA
-63,440,-17,AGUA
-49,197,-21,AGUA
-49,197,-22,AGUA
-49,197,-23,AGUA
-49,197,-24,AGUA
-49,197,-25,AGUA
-49,197,-26,AGUA
-49,197,-27,AGUA
-49,197,-28,AGUA
-49,197,-29,AGUA
-51,389,-17,AGUA
-53,345,-17,AGUA
-58,37,-17,AGUA
-51,218,-17,AGUA
-62,47,-17,AGUA
-49,197,-30,AGUA
-49,197,-31,AGUA
-49,197,-32,AGUA
-58,143,-17,AGUA
-63,527,-17,AGUA
-49,584,-23,AGUA
-49,584,-22,AGUA
-49,584,-25,AGUA
-49,584,-24,AGUA
-49,584,-27,AGUA
-49,39,-17,AGUA
-49,584,-26,AGUA
-49,584,-29,AGUA
-49,584,-28,AGUA
-59,17,-17,AGUA
-49,39,-19,AGUA
-49,39,-18,AGUA
-49,584,-21,AGUA
-49,584,-20,AGUA
-64,289,-17,AGUA
-60,493,-17,AGUA
-49,584,-19,AGUA
-49,39,-20,AGUA
-52,567,-17,AGUA
-53,545,-17,AGUA
-49,39,-24,AGUA
-49,39,-23,AGUA
-49,39,-22,AGUA
-49,39,-21,AGUA
-49,39,-28,AGUA
-49,39,-27,AGUA
-49,39,-26,AGUA
-49,584,-18,AGUA
-49,39,-25,AGUA
-49,584,-17,AGUA
-60,322,-17,AGUA
-58,330,-17,AGUA
-49,39,-29,AGUA
-58,588,-17,AGUA
-49,39,-31,AGUA
-49,39,-30,AGUA
-62,549,-17,AGUA
-49,413,-20,AGUA
-62,349,-17,AGUA
-49,413,-24,AGUA
-49,413,-23,AGUA
-49,413,-22,AGUA
-49,413,-21,AGUA
-49,413,-17,AGUA
-51,605,-17,AGUA
-62,462,-17,AGUA
-49,413,-19,AGUA
-49,413,-18,AGUA
-51,405,-32,AGUA
-51,576,-17,AGUA
-52,367,-17,AGUA
-59,179,-17,AGUA
-58,530,-17,AGUA
-61,113,-17,AGUA
-61,284,-17,AGUA
-49,413,-31,AGUA
-49,413,-30,AGUA
-49,584,-30,AGUA
-49,584,-32,AGUA
-49,584,-31,AGUA
-49,413,-32,AGUA
-49,413,-28,AGUA
-49,413,-27,AGUA
-49,413,-26,AGUA
-49,413,-25,AGUA
-49,413,-29,AGUA
-59,121,-17,AGUA
-49,338,-20,AGUA
-49,338,-22,AGUA
-49,338,-21,AGUA
-51,441,-17,AGUA
-62,602,-17,AGUA
-49,273,-21,AGUA
-58,230,-17,AGUA
-49,273,-22,AGUA
-49,273,-23,AGUA
-49,273,-24,AGUA
-49,273,-20,AGUA
-49,273,-29,AGUA
-49,338,-17,AGUA
-49,338,-19,AGUA
-49,338,-18,AGUA
-49,273,-25,AGUA
-49,273,-26,AGUA
-62,149,-17,AGUA
-49,273,-27,AGUA
-49,273,-28,AGUA
-49,338,-31,AGUA
-49,338,-30,AGUA
-49,338,-32,AGUA
-54,434,-32,AGUA
-60,445,-17,AGUA
-49,273,-32,AGUA
-53,145,-17,AGUA
-49,273,-30,AGUA
-49,273,-31,AGUA
-49,338,-28,AGUA
-62,584,-17,AGUA
-49,338,-27,AGUA
-49,338,-29,AGUA
-49,338,-24,AGUA
-49,338,-23,AGUA
-49,338,-26,AGUA
-49,338,-25,AGUA
-62,102,-17,AGUA
-49,87,-19,AGUA
-49,87,-18,AGUA
-49,87,-17,AGUA
-49,87,-27,AGUA
-49,87,-26,AGUA
-49,87,-25,AGUA
-49,87,-24,AGUA
-49,87,-23,AGUA
-49,87,-22,AGUA
-49,87,-21,AGUA
-49,87,-20,AGUA
-62,649,-17,AGUA
-52,133,-17,AGUA
-61,67,-17,AGUA
-60,445,-32,AGUA
-56,573,-17,AGUA
-51,506,-17,AGUA
-58,365,-17,AGUA
-57,441,-17,AGUA
-49,273,-18,AGUA
-49,273,-19,AGUA
-49,273,-17,AGUA
-54,657,-17,AGUA
-63,438,-17,AGUA
-62,514,-17,AGUA
-61,137,-17,AGUA
-49,426,-21,AGUA
-49,426,-22,AGUA
-49,426,-20,AGUA
-63,276,-17,AGUA
-49,426,-18,AGUA
-49,426,-19,AGUA
-49,426,-17,AGUA
-63,614,-17,AGUA
-49,26,-27,AGUA
-49,26,-28,AGUA
-49,26,-29,AGUA
-57,441,-32,AGUA
-49,26,-23,AGUA
-49,26,-24,AGUA
-49,26,-25,AGUA
-49,26,-26,AGUA
-57,603,-17,AGUA
-49,87,-29,AGUA
-49,87,-28,AGUA
-49,87,-31,AGUA
-49,87,-30,AGUA
-49,26,-30,AGUA
-49,26,-31,AGUA
-49,26,-17,AGUA
-49,26,-18,AGUA
-56,199,-17,AGUA
-49,26,-19,AGUA
-63,86,-17,AGUA
-51,488,-17,AGUA
-55,437,-17,AGUA
-51,441,-32,AGUA
-57,265,-17,AGUA
-49,26,-20,AGUA
-49,26,-21,AGUA
-49,26,-22,AGUA
-64,376,-32,AGUA
-62,46,-17,AGUA
-61,572,-17,AGUA
-49,426,-32,AGUA
-49,426,-30,AGUA
-49,426,-31,AGUA
-49,426,-25,AGUA
-49,426,-26,AGUA
-49,426,-23,AGUA
-49,426,-24,AGUA
-49,426,-29,AGUA
-49,426,-27,AGUA
-49,426,-28,AGUA
-59,307,-17,AGUA
-59,431,-32,AGUA
-58,291,-17,AGUA
-63,587,-17,AGUA
-52,207,-17,AGUA
-54,583,-17,AGUA
-61,448,-17,AGUA
-59,431,-17,AGUA
-56,503,-17,AGUA
-61,646,-17,AGUA
-58,642,-17,AGUA
-53,469,-17,AGUA
-59,233,-17,AGUA
-49,40,-31,AGUA
-49,40,-30,AGUA
-63,25,-17,AGUA
-58,73,-17,AGUA
-49,40,-24,AGUA
-49,40,-23,AGUA
-49,40,-26,AGUA
-49,40,-25,AGUA
-49,40,-28,AGUA
-49,40,-27,AGUA
-49,40,-29,AGUA
-49,40,-20,AGUA
-49,40,-22,AGUA
-49,40,-21,AGUA
-55,473,-17,AGUA
-57,229,-17,AGUA
-60,310,-17,AGUA
-49,602,-20,AGUA
-49,602,-22,AGUA
-49,602,-21,AGUA
-55,41,-17,AGUA
-49,40,-17,AGUA
-49,40,-19,AGUA
-49,40,-18,AGUA
-62,237,-17,AGUA
-52,579,-17,AGUA
-56,402,-32,AGUA
-49,602,-17,AGUA
-49,602,-19,AGUA
-49,602,-18,AGUA
-53,233,-17,AGUA
-64,241,-17,AGUA
-58,106,-17,AGUA
-58,277,-17,AGUA
-50,287,-17,AGUA
-63,364,-17,AGUA
-62,338,-17,AGUA
-57,515,-17,AGUA
-63,650,-17,AGUA
-58,541,-17,AGUA
-49,102,-31,AGUA
-49,102,-32,AGUA
-55,547,-17,AGUA
-49,102,-30,AGUA
-60,247,-17,AGUA
-49,102,-28,AGUA
-49,102,-29,AGUA
-54,171,-17,AGUA
-52,21,-17,AGUA
-61,261,-17,AGUA
-58,466,-17,AGUA
-51,42,-17,AGUA
-63,175,-17,AGUA
-51,542,-17,AGUA
-49,237,-26,AGUA
-49,536,-17,AGUA
-49,237,-25,AGUA
-49,237,-28,AGUA
-49,536,-19,AGUA
-49,237,-27,AGUA
-49,536,-18,AGUA
-49,237,-29,AGUA
-54,39,-17,AGUA
-49,536,-20,AGUA
-49,536,-22,AGUA
-49,237,-31,AGUA
-49,536,-21,AGUA
-49,237,-30,AGUA
-49,102,-26,AGUA
-49,102,-27,AGUA
-60,182,-17,AGUA
-49,102,-24,AGUA
-49,102,-25,AGUA
-49,102,-22,AGUA
-49,102,-23,AGUA
-49,102,-20,AGUA
-49,102,-21,AGUA
-49,536,-28,AGUA
-49,536,-27,AGUA
-49,237,-17,AGUA
-49,536,-29,AGUA
-49,536,-24,AGUA
-49,237,-19,AGUA
-49,536,-23,AGUA
-49,237,-18,AGUA
-49,536,-26,AGUA
-49,536,-25,AGUA
-49,536,-31,AGUA
-49,536,-30,AGUA
-49,237,-20,AGUA
-49,237,-22,AGUA
-49,237,-21,AGUA
-49,237,-24,AGUA
-49,237,-23,AGUA
-49,102,-19,AGUA
-49,102,-17,AGUA
-64,29,-17,AGUA
-49,102,-18,AGUA
-49,649,-30,AGUA
-49,649,-23,AGUA
-49,649,-22,AGUA
-49,649,-21,AGUA
-49,649,-20,AGUA
-49,649,-27,AGUA
-49,649,-26,AGUA
-49,649,-25,AGUA
-49,649,-24,AGUA
-49,649,-29,AGUA
-58,167,-17,AGUA
-49,649,-28,AGUA
-56,239,-17,AGUA
-61,33,-17,AGUA
-60,54,-17,AGUA
-49,649,-31,AGUA
-50,375,-17,AGUA
-53,13,-17,AGUA
-58,120,-17,AGUA
-49,163,-26,AGUA
-49,163,-25,AGUA
-49,163,-28,AGUA
-49,163,-27,AGUA
-49,163,-29,AGUA
-52,444,-32,AGUA
-49,163,-20,AGUA
-49,163,-22,AGUA
-49,163,-21,AGUA
-49,163,-24,AGUA
-49,163,-23,AGUA
-50,375,-32,AGUA
-53,609,-17,AGUA
-49,163,-17,AGUA
-51,5,-17,AGUA
-60,546,-17,AGUA
-49,163,-19,AGUA
-49,163,-18,AGUA
-54,101,-17,AGUA
-51,628,-17,AGUA
-50,305,-17,AGUA
-57,475,-17,AGUA
-55,437,-32,AGUA
-63,404,-17,AGUA
-49,163,-31,AGUA
-49,163,-30,AGUA
-62,12,-17,AGUA
-57,405,-32,AGUA
-49,361,-31,AGUA
-49,361,-30,AGUA
-49,361,-32,AGUA
-61,45,-17,AGUA
-63,504,-17,AGUA
-63,61,-17,AGUA
-63,105,-17,AGUA
-63,474,-17,AGUA
-63,303,-17,AGUA
-57,405,-17,AGUA
-49,649,-19,AGUA
-49,649,-18,AGUA
-49,649,-17,AGUA
-49,361,-17,AGUA
-60,558,-17,AGUA
-49,361,-19,AGUA
-49,361,-18,AGUA
-63,675,-17,AGUA
-62,82,-17,AGUA
-60,371,-17,AGUA
-49,462,-31,AGUA
-49,462,-30,AGUA
-51,554,-17,AGUA
-60,66,-17,AGUA
-49,462,-32,AGUA
-57,375,-17,AGUA
-49,361,-26,AGUA
-49,361,-25,AGUA
-49,361,-28,AGUA
-49,361,-27,AGUA
-49,361,-29,AGUA
-60,270,-17,AGUA
-49,361,-20,AGUA
-49,361,-22,AGUA
-49,361,-21,AGUA
-49,361,-24,AGUA
-64,266,-17,AGUA
-53,109,-17,AGUA
-49,361,-23,AGUA
-52,331,-17,AGUA
-62,413,-17,AGUA
-56,613,-17,AGUA
-56,81,-17,AGUA
-60,200,-17,AGUA
-49,462,-17,AGUA
-49,462,-19,AGUA
-54,400,-32,AGUA
-57,375,-32,AGUA
-49,462,-18,AGUA
-56,327,-17,AGUA
-61,335,-17,AGUA
-54,671,-17,AGUA
-49,462,-28,AGUA
-49,462,-27,AGUA
-60,170,-17,AGUA
-49,462,-29,AGUA
-49,462,-24,AGUA
-62,413,-32,AGUA
-49,462,-23,AGUA
-49,462,-26,AGUA
-49,462,-25,AGUA
-49,462,-20,AGUA
-49,462,-22,AGUA
-49,462,-21,AGUA
-52,619,-17,AGUA
-54,135,-17,AGUA
-57,651,-17,AGUA
-49,474,-17,AGUA
-49,474,-18,AGUA
-63,228,-17,AGUA
-49,501,-25,AGUA
-49,501,-26,AGUA
-49,501,-27,AGUA
-49,501,-28,AGUA
-60,670,-17,AGUA
-49,501,-29,AGUA
-62,401,-17,AGUA
-63,163,-17,AGUA
-49,501,-30,AGUA
-49,501,-31,AGUA
-61,612,-17,AGUA
-58,478,-17,AGUA
-60,100,-17,AGUA
-49,474,-28,AGUA
-49,474,-29,AGUA
-49,474,-26,AGUA
-49,474,-27,AGUA
-49,474,-24,AGUA
-49,474,-25,AGUA
-59,193,-17,AGUA
-49,474,-22,AGUA
-49,474,-23,AGUA
-49,474,-20,AGUA
-62,650,-17,AGUA
-49,474,-21,AGUA
-49,501,-17,AGUA
-49,501,-18,AGUA
-59,291,-17,AGUA
-49,501,-19,AGUA
-58,229,-17,AGUA
-49,501,-20,AGUA
-49,501,-21,AGUA
-49,501,-22,AGUA
-49,501,-23,AGUA
-49,501,-24,AGUA
-49,572,-30,AGUA
-49,572,-31,AGUA
-49,474,-19,AGUA
-49,572,-32,AGUA
-62,401,-32,AGUA
-49,474,-31,AGUA
-49,474,-32,AGUA
-60,581,-17,AGUA
-63,139,-17,AGUA
-49,474,-30,AGUA
-49,572,-23,AGUA
-62,448,-17,AGUA
-49,572,-24,AGUA
-49,572,-25,AGUA
-49,572,-26,AGUA
-49,572,-27,AGUA
-49,572,-28,AGUA
-49,572,-29,AGUA
-53,281,-17,AGUA
-58,431,-17,AGUA
-49,572,-20,AGUA
-49,572,-21,AGUA
-49,572,-22,AGUA
-51,77,-17,AGUA
-49,225,-30,AGUA
-49,225,-31,AGUA
-49,225,-26,AGUA
-49,225,-27,AGUA
-49,225,-28,AGUA
-49,225,-29,AGUA
-55,671,-17,AGUA
-49,548,-20,AGUA
-49,548,-21,AGUA
-59,267,-17,AGUA
-51,366,-17,AGUA
-49,548,-19,AGUA
-62,303,-17,AGUA
-49,548,-17,AGUA
-51,30,-17,AGUA
-58,576,-17,AGUA
-49,548,-18,AGUA
-49,548,-31,AGUA
-49,548,-32,AGUA
-49,548,-30,AGUA
-61,523,-17,AGUA
-53,509,-17,AGUA
-49,548,-28,AGUA
-62,374,-17,AGUA
-49,548,-29,AGUA
-49,548,-26,AGUA
-62,285,-17,AGUA
-49,548,-27,AGUA
-49,548,-24,AGUA
-49,548,-25,AGUA
-49,548,-22,AGUA
-49,548,-23,AGUA
-49,225,-20,AGUA
-58,505,-17,AGUA
-49,225,-21,AGUA
-49,225,-22,AGUA
-49,225,-23,AGUA
-49,225,-24,AGUA
-49,225,-25,AGUA
-50,515,-17,AGUA
-51,277,-17,AGUA
-49,225,-17,AGUA
-49,225,-18,AGUA
-49,225,-19,AGUA
-49,151,-26,AGUA
-53,95,-17,AGUA
-49,151,-27,AGUA
-49,151,-28,AGUA
-49,151,-29,AGUA
-49,151,-20,AGUA
-49,151,-21,AGUA
-49,151,-22,AGUA
-49,151,-23,AGUA
-49,151,-24,AGUA
-49,151,-25,AGUA
-56,93,-17,AGUA
-52,479,-17,AGUA
-54,311,-17,AGUA
-49,151,-30,AGUA
-49,151,-31,AGUA
-56,515,-17,AGUA
-55,573,-17,AGUA
-63,602,-17,AGUA
-59,167,-17,AGUA
-64,364,-17,AGUA
-49,401,-17,AGUA
-57,277,-17,AGUA
-49,401,-18,AGUA
-49,151,-17,AGUA
-49,151,-18,AGUA
-49,151,-19,AGUA
-49,401,-19,AGUA
-49,401,-20,AGUA
-49,401,-21,AGUA
-49,401,-24,AGUA
-50,239,-17,AGUA
-49,401,-25,AGUA
-49,401,-22,AGUA
-49,401,-23,AGUA
-60,90,-17,AGUA
-49,572,-17,AGUA
-49,572,-18,AGUA
-49,572,-19,AGUA
-53,133,-17,AGUA
-55,647,-17,AGUA
-50,63,-17,AGUA
-58,155,-17,AGUA
-62,137,-17,AGUA
-50,165,-17,AGUA
-61,79,-17,AGUA
-57,129,-17,AGUA
-52,408,-32,AGUA
-63,315,-17,AGUA
-63,486,-17,AGUA
-62,637,-17,AGUA
-49,672,-19,AGUA
-62,548,-17,AGUA
-61,172,-17,AGUA
-49,672,-29,AGUA
-49,672,-28,AGUA
-56,375,-32,AGUA
-49,672,-27,AGUA
-49,672,-26,AGUA
-49,672,-25,AGUA
-49,672,-24,AGUA
-49,672,-23,AGUA
-49,672,-22,AGUA
-49,672,-21,AGUA
-63,399,-17,AGUA
-49,672,-20,AGUA
-62,203,-17,AGUA
-51,588,-17,AGUA
-58,331,-17,AGUA
-49,672,-31,AGUA
-60,410,-32,AGUA
-49,672,-30,AGUA
-51,243,-17,AGUA
-53,657,-17,AGUA
-56,375,-17,AGUA
-51,406,-32,AGUA
-60,481,-17,AGUA
-60,410,-17,AGUA
-53,633,-17,AGUA
-49,672,-18,AGUA
-49,672,-17,AGUA
-54,395,-17,AGUA
-61,125,-17,AGUA
-55,613,-17,AGUA
-64,477,-17,AGUA
-49,401,-28,AGUA
-49,396,-18,AGUA
-49,401,-29,AGUA
-49,396,-19,AGUA
-49,401,-26,AGUA
-49,401,-27,AGUA
-49,396,-17,AGUA
-50,415,-32,AGUA
-55,297,-17,AGUA
-51,106,-17,AGUA
-53,61,-17,AGUA
-51,406,-17,AGUA
-51,130,-17,AGUA
-63,241,-17,AGUA
-51,317,-17,AGUA
-49,401,-31,AGUA
-49,401,-32,AGUA
-49,401,-30,AGUA
-61,401,-32,AGUA
-62,474,-17,AGUA
-51,177,-17,AGUA
-54,395,-32,AGUA
-54,535,-17,AGUA
-63,539,-17,AGUA
-61,383,-32,AGUA
-58,405,-17,AGUA
-49,396,-32,AGUA
-49,396,-30,AGUA
-50,415,-17,AGUA
-49,396,-31,AGUA
-62,163,-17,AGUA
-52,121,-17,AGUA
-64,617,-17,AGUA
-61,301,-17,AGUA
-49,396,-29,AGUA
-49,396,-27,AGUA
-49,396,-28,AGUA
-49,396,-25,AGUA
-49,396,-26,AGUA
-49,396,-23,AGUA
-58,242,-17,AGUA
-49,396,-24,AGUA
-49,396,-21,AGUA
-49,396,-22,AGUA
-61,401,-17,AGUA
-49,396,-20,AGUA
-58,38,-17,AGUA
-60,134,-17,AGUA
-58,405,-32,AGUA
-63,552,-17,AGUA
-49,127,-29,AGUA
-49,298,-17,AGUA
-49,298,-18,AGUA
-49,127,-27,AGUA
-49,127,-28,AGUA
-49,127,-25,AGUA
-49,127,-26,AGUA
-49,127,-32,AGUA
-49,127,-30,AGUA
-59,87,-17,AGUA
-49,127,-31,AGUA
-57,327,-17,AGUA
-61,383,-17,AGUA
-60,621,-17,AGUA
-54,609,-17,AGUA
-50,441,-17,AGUA
-61,212,-17,AGUA
-50,341,-17,AGUA
-59,667,-17,AGUA
-57,253,-17,AGUA
-49,614,-28,AGUA
-49,614,-29,AGUA
-49,614,-26,AGUA
-49,614,-27,AGUA
-63,13,-17,AGUA
-49,614,-24,AGUA
-49,614,-25,AGUA
-49,614,-22,AGUA
-49,614,-23,AGUA
-49,614,-31,AGUA
-49,614,-32,AGUA
-49,614,-30,AGUA
-50,441,-32,AGUA
-55,53,-17,AGUA
-49,614,-19,AGUA
-63,626,-17,AGUA
-49,614,-17,AGUA
-49,614,-18,AGUA
-60,8,-17,AGUA
-58,431,-32,AGUA
-49,614,-20,AGUA
-49,198,-18,AGUA
-49,614,-21,AGUA
-49,198,-19,AGUA
-49,198,-17,AGUA
-64,430,-17,AGUA
-56,449,-17,AGUA
-49,298,-30,AGUA
-49,298,-31,AGUA
-58,618,-17,AGUA
-49,298,-32,AGUA
-49,198,-29,AGUA
-49,198,-27,AGUA
-49,198,-28,AGUA
-49,198,-25,AGUA
-55,384,-32,AGUA
-49,198,-26,AGUA
-49,198,-23,AGUA
-49,198,-24,AGUA
-49,198,-21,AGUA
-49,198,-22,AGUA
-49,198,-20,AGUA
-49,298,-20,AGUA
-49,298,-21,AGUA
-49,298,-26,AGUA
-49,298,-27,AGUA
-49,298,-28,AGUA
-49,127,-18,AGUA
-56,549,-17,AGUA
-49,298,-29,AGUA
-49,127,-19,AGUA
-49,298,-22,AGUA
-49,298,-23,AGUA
-49,127,-17,AGUA
-49,298,-24,AGUA
-49,298,-25,AGUA
-49,127,-23,AGUA
-49,127,-24,AGUA
-49,127,-21,AGUA
-49,127,-22,AGUA
-49,298,-19,AGUA
-49,127,-20,AGUA
-62,261,-17,AGUA
-49,198,-32,AGUA
-49,198,-30,AGUA
-49,198,-31,AGUA
-58,206,-17,AGUA
-52,179,-17,AGUA
-51,530,-17,AGUA
-60,212,-17,AGUA
-55,400,-32,AGUA
-64,652,-17,AGUA
-49,202,-17,AGUA
-49,202,-18,AGUA
-49,202,-19,AGUA
-51,417,-17,AGUA
-56,227,-17,AGUA
-49,202,-23,AGUA
-49,202,-24,AGUA
-49,202,-25,AGUA
-49,202,-26,AGUA
-49,202,-20,AGUA
-49,202,-21,AGUA
-49,202,-22,AGUA
-51,577,-17,AGUA
-49,497,-17,AGUA
-50,75,-17,AGUA
-62,70,-17,AGUA
-60,534,-17,AGUA
-51,417,-32,AGUA
-60,89,-17,AGUA
-56,475,-17,AGUA
-61,161,-17,AGUA
-61,296,-17,AGUA
-64,404,-17,AGUA
-63,205,-17,AGUA
-50,403,-17,AGUA
-56,414,-32,AGUA
-49,497,-30,AGUA
-49,497,-31,AGUA
-59,155,-17,AGUA
-52,607,-17,AGUA
-49,497,-29,AGUA
-52,109,-17,AGUA
-58,132,-17,AGUA
-51,165,-17,AGUA
-49,497,-20,AGUA
-61,483,-17,AGUA
-49,497,-23,AGUA
-49,497,-24,AGUA
-49,497,-21,AGUA
-49,497,-22,AGUA
-49,497,-27,AGUA
-49,497,-28,AGUA
-49,497,-25,AGUA
-49,497,-26,AGUA
-49,497,-18,AGUA
-49,497,-19,AGUA
-62,486,-17,AGUA
-57,487,-17,AGUA
-54,201,-17,AGUA
-63,140,-17,AGUA
-64,465,-17,AGUA
-62,7,-17,AGUA
-60,608,-17,AGUA
-61,359,-17,AGUA
-61,472,-17,AGUA
-49,186,-29,AGUA
-49,186,-28,AGUA
-49,186,-25,AGUA
-49,186,-24,AGUA
-49,186,-27,AGUA
-49,186,-26,AGUA
-49,186,-21,AGUA
-49,186,-20,AGUA
-49,186,-23,AGUA
-49,186,-22,AGUA
-52,355,-17,AGUA
-49,186,-18,AGUA
-49,186,-17,AGUA
-63,516,-17,AGUA
-49,186,-19,AGUA
-59,407,-17,AGUA
-63,338,-17,AGUA
-63,451,-17,AGUA
-57,541,-17,AGUA
-64,154,-17,AGUA
-56,601,-17,AGUA
-56,57,-17,AGUA
-59,407,-32,AGUA
-54,97,-17,AGUA
-49,186,-32,AGUA
-49,186,-31,AGUA
-49,186,-30,AGUA
-60,383,-32,AGUA
-53,369,-17,AGUA
-51,343,-17,AGUA
-49,14,-23,AGUA
-49,14,-22,AGUA
-49,14,-21,AGUA
-49,14,-20,AGUA
-49,14,-19,AGUA
-49,14,-18,AGUA
-49,14,-17,AGUA
-50,387,-32,AGUA
-60,282,-17,AGUA
-49,373,-30,AGUA
-54,27,-17,AGUA
-49,373,-31,AGUA
-49,373,-32,AGUA
-61,546,-17,AGUA
-49,14,-30,AGUA
-49,14,-31,AGUA
-58,377,-32,AGUA
-49,14,-27,AGUA
-49,373,-26,AGUA
-49,373,-27,AGUA
-49,14,-26,AGUA
-49,373,-24,AGUA
-49,14,-25,AGUA
-49,14,-24,AGUA
-49,373,-25,AGUA
-50,403,-32,AGUA
-49,373,-28,AGUA
-49,14,-29,AGUA
-61,21,-17,AGUA
-60,347,-17,AGUA
-49,14,-28,AGUA
-49,373,-29,AGUA
-49,373,-22,AGUA
-49,373,-23,AGUA
-60,169,-17,AGUA
-49,373,-20,AGUA
-59,333,-17,AGUA
-49,373,-21,AGUA
-63,264,-17,AGUA
-58,490,-17,AGUA
-49,202,-27,AGUA
-49,202,-28,AGUA
-49,202,-29,AGUA
-56,651,-17,AGUA
-57,363,-17,AGUA
-50,387,-17,AGUA
-51,65,-17,AGUA
-57,615,-17,AGUA
-50,317,-17,AGUA
-49,202,-30,AGUA
-49,202,-31,AGUA
-50,639,-17,AGUA
-64,228,-17,AGUA
-62,673,-17,AGUA
-62,502,-17,AGUA
-58,377,-17,AGUA
-64,30,-17,AGUA
-49,303,-20,AGUA
-49,560,-31,AGUA
-49,303,-21,AGUA
-49,560,-30,AGUA
-49,303,-22,AGUA
-49,303,-23,AGUA
-57,503,-17,AGUA
-49,303,-24,AGUA
-49,0,-18,AGUA
-49,0,-19,AGUA
-49,0,-17,AGUA
-58,265,-17,AGUA
-49,303,-17,AGUA
-49,303,-18,AGUA
-49,303,-19,AGUA
-49,0,-21,AGUA
-49,0,-22,AGUA
-49,0,-20,AGUA
-62,572,-17,AGUA
-49,0,-29,AGUA
-49,0,-27,AGUA
-49,0,-28,AGUA
-49,0,-25,AGUA
-49,0,-26,AGUA
-49,0,-23,AGUA
-49,0,-24,AGUA
-58,307,-17,AGUA
-51,654,-17,AGUA
-54,259,-17,AGUA
-49,438,-18,AGUA
-49,438,-17,AGUA
-62,315,-17,AGUA
-60,570,-17,AGUA
-49,438,-19,AGUA
-49,373,-19,AGUA
-49,373,-17,AGUA
-49,373,-18,AGUA
-53,311,-17,AGUA
-60,383,-17,AGUA
-51,453,-17,AGUA
-60,111,-17,AGUA
-49,438,-21,AGUA
-49,438,-20,AGUA
-60,658,-17,AGUA
-62,614,-17,AGUA
-49,438,-25,AGUA
-49,438,-24,AGUA
-49,438,-23,AGUA
-49,303,-30,AGUA
-49,438,-22,AGUA
-49,303,-31,AGUA
-49,438,-29,AGUA
-49,303,-32,AGUA
-49,438,-28,AGUA
-49,438,-27,AGUA
-49,438,-26,AGUA
-49,303,-25,AGUA
-49,303,-26,AGUA
-63,376,-17,AGUA
-49,303,-27,AGUA
-49,303,-28,AGUA
-49,303,-29,AGUA
-49,438,-32,AGUA
-49,438,-31,AGUA
-49,438,-30,AGUA
-49,75,-27,AGUA
-49,75,-28,AGUA
-49,75,-25,AGUA
-49,75,-26,AGUA
-49,75,-23,AGUA
-49,75,-24,AGUA
-49,75,-21,AGUA
-49,75,-22,AGUA
-49,75,-20,AGUA
-61,623,-17,AGUA
-49,75,-18,AGUA
-49,75,-19,AGUA
-49,75,-32,AGUA
-49,75,-30,AGUA
-49,75,-31,AGUA
-58,564,-17,AGUA
-63,563,-17,AGUA
-54,645,-17,AGUA
-60,457,-17,AGUA
-54,446,-32,AGUA
-49,75,-29,AGUA
-50,263,-17,AGUA
-49,560,-19,AGUA
-49,560,-18,AGUA
-49,560,-17,AGUA
-49,560,-23,AGUA
-49,560,-22,AGUA
-49,75,-17,AGUA
-49,560,-21,AGUA
-49,560,-20,AGUA
-58,191,-17,AGUA
-51,266,-17,AGUA
-49,560,-29,AGUA
-49,560,-28,AGUA
-49,560,-27,AGUA
-49,560,-26,AGUA
-49,560,-25,AGUA
-49,560,-24,AGUA
-62,385,-17,AGUA
-56,585,-17,AGUA
-59,443,-32,AGUA
-61,235,-17,AGUA
-50,275,-17,AGUA
-62,385,-32,AGUA
-61,436,-17,AGUA
-63,575,-17,AGUA
-62,198,-17,AGUA
-55,461,-17,AGUA
-52,319,-17,AGUA
-51,640,-17,AGUA
-52,231,-17,AGUA
-55,17,-17,AGUA
-57,117,-17,AGUA
-55,449,-17,AGUA
-52,432,-32,AGUA
-53,121,-17,AGUA
-49,261,-31,AGUA
-49,261,-30,AGUA
-63,649,-17,AGUA
-49,261,-21,AGUA
-49,261,-20,AGUA
-56,398,-32,AGUA
-49,0,-30,AGUA
-49,0,-31,AGUA
-59,443,-17,AGUA
-49,261,-25,AGUA
-49,261,-24,AGUA
-49,261,-23,AGUA
-49,261,-22,AGUA
-49,261,-29,AGUA
-49,261,-28,AGUA
-49,261,-27,AGUA
-49,261,-26,AGUA
-52,245,-17,AGUA
-54,571,-17,AGUA
-55,535,-17,AGUA
-49,261,-18,AGUA
-49,261,-17,AGUA
-60,644,-17,AGUA
-49,261,-19,AGUA
-58,85,-17,AGUA
-56,297,-17,AGUA
-56,339,-17,AGUA
-56,363,-17,AGUA
-64,516,-17,AGUA
-60,422,-32,AGUA
-64,540,-17,AGUA
-60,146,-17,AGUA
-49,637,-32,AGUA
-51,305,-17,AGUA
-51,207,-17,AGUA
-60,235,-17,AGUA
-51,118,-17,AGUA
-50,177,-17,AGUA
-56,437,-32,AGUA
-61,249,-17,AGUA
-63,48,-17,AGUA
-49,637,-17,AGUA
-55,325,-17,AGUA
-49,637,-18,AGUA
-64,353,-17,AGUA
-49,637,-19,AGUA
-49,637,-20,AGUA
-49,637,-23,AGUA
-49,637,-24,AGUA
-49,637,-21,AGUA
-49,637,-22,AGUA
-49,637,-27,AGUA
-49,637,-28,AGUA
-49,637,-25,AGUA
-49,637,-26,AGUA
-57,3,-17,AGUA
-49,637,-29,AGUA
-49,637,-30,AGUA
-62,125,-17,AGUA
-49,637,-31,AGUA
-52,343,-17,AGUA
-52,5,-17,AGUA
-61,371,-17,AGUA
-53,579,-17,AGUA
-55,601,-17,AGUA
-58,26,-17,AGUA
-59,419,-32,AGUA
-50,453,-17,AGUA
-55,103,-17,AGUA
-57,599,-17,AGUA
-61,495,-17,AGUA
-56,5,-17,AGUA
-54,547,-17,AGUA
-64,107,-17,AGUA
-49,139,-23,AGUA
-49,139,-22,AGUA
-49,139,-21,AGUA
-49,139,-20,AGUA
-59,419,-17,AGUA
-49,139,-19,AGUA
-49,139,-18,AGUA
-49,139,-17,AGUA
-49,139,-32,AGUA
-59,75,-17,AGUA
-49,139,-31,AGUA
-49,139,-30,AGUA
-57,59,-17,AGUA
-61,347,-17,AGUA
-61,460,-17,AGUA
-50,438,-32,AGUA
-49,139,-29,AGUA
-49,139,-28,AGUA
-49,139,-27,AGUA
-49,139,-26,AGUA
-49,139,-25,AGUA
-49,139,-24,AGUA
-56,43,-17,AGUA
-50,551,-17,AGUA
-57,199,-17,AGUA
-52,378,-32,AGUA
-56,437,-17,AGUA
-62,23,-17,AGUA
-62,58,-17,AGUA
-64,329,-17,AGUA
-55,201,-17,AGUA
-61,102,-17,AGUA
-60,333,-17,AGUA
-53,25,-17,AGUA
-60,511,-17,AGUA
-61,273,-17,AGUA
-52,491,-17,AGUA
-57,141,-17,AGUA
-51,142,-17,AGUA
-51,616,-17,AGUA
-64,442,-32,AGUA
-56,487,-17,AGUA
-58,443,-17,AGUA
-51,18,-17,AGUA
-49,28,-17,AGUA
-49,326,-17,AGUA
-49,28,-18,AGUA
-49,326,-18,AGUA
-49,28,-19,AGUA
-49,326,-19,AGUA
-49,326,-20,AGUA
-49,326,-21,AGUA
-49,326,-22,AGUA
-49,326,-23,AGUA
-49,52,-17,AGUA
-49,52,-18,AGUA
-51,476,-17,AGUA
-49,28,-20,AGUA
-49,28,-21,AGUA
-49,602,-31,AGUA
-49,28,-22,AGUA
-49,602,-30,AGUA
-49,28,-23,AGUA
-49,28,-24,AGUA
-49,28,-25,AGUA
-49,28,-26,AGUA
-49,28,-27,AGUA
-49,28,-28,AGUA
-49,28,-29,AGUA
-54,147,-17,AGUA
-56,103,-17,AGUA
-49,602,-28,AGUA
-49,602,-27,AGUA
-60,569,-17,AGUA
-49,602,-29,AGUA
-49,602,-24,AGUA
-49,602,-23,AGUA
-59,392,-32,AGUA
-49,602,-26,AGUA
-49,28,-30,AGUA
-49,602,-25,AGUA
-49,28,-31,AGUA
-61,511,-17,AGUA
-50,527,-17,AGUA
-63,98,-17,AGUA
-53,245,-17,AGUA
-62,273,-17,AGUA
-61,56,-17,AGUA
-54,423,-32,AGUA
-51,378,-17,AGUA
-60,31,-17,AGUA
-58,606,-17,AGUA
-64,205,-17,AGUA
-58,443,-32,AGUA
-51,518,-17,AGUA
-54,423,-17,AGUA
-51,378,-32,AGUA
-49,326,-28,AGUA
-49,326,-29,AGUA
-49,326,-24,AGUA
-49,326,-25,AGUA
-49,326,-26,AGUA
-49,326,-27,AGUA
-55,185,-17,AGUA
-49,326,-31,AGUA
-49,326,-30,AGUA
-55,659,-17,AGUA
-62,436,-17,AGUA
-57,428,-32,AGUA
-63,198,-17,AGUA
-61,200,-17,AGUA
-58,50,-17,AGUA
-50,127,-17,AGUA
-62,175,-17,AGUA
-64,131,-17,AGUA
-61,413,-32,AGUA
-55,585,-17,AGUA
-57,339,-17,AGUA
-63,598,-17,AGUA
-63,427,-17,AGUA
-63,540,-17,AGUA
-61,413,-17,AGUA
-64,189,-17,AGUA
-61,584,-17,AGUA
-60,16,-17,AGUA
-59,279,-17,AGUA
-56,461,-17,AGUA
-51,289,-17,AGUA
-62,362,-17,AGUA
-58,517,-17,AGUA
-61,658,-17,AGUA
-56,19,-17,AGUA
-64,418,-17,AGUA
-61,600,-17,AGUA
-64,418,-32,AGUA
-51,231,-17,AGUA
-61,80,-17,AGUA
-62,249,-17,AGUA
-58,630,-17,AGUA
-61,184,-17,AGUA
-55,414,-32,AGUA
-49,513,-30,AGUA
-52,467,-17,AGUA
-49,513,-31,AGUA
-49,52,-19,AGUA
-49,52,-24,AGUA
-49,52,-25,AGUA
-49,52,-22,AGUA
-49,52,-23,AGUA
-59,221,-17,AGUA
-49,52,-28,AGUA
-49,52,-29,AGUA
-49,52,-26,AGUA
-49,52,-27,AGUA
-49,513,-25,AGUA
-49,513,-24,AGUA
-49,513,-27,AGUA
-49,513,-26,AGUA
-49,513,-29,AGUA
-49,52,-20,AGUA
-49,513,-28,AGUA
-49,52,-21,AGUA
-53,171,-17,AGUA
-49,513,-21,AGUA
-49,513,-20,AGUA
-60,309,-17,AGUA
-57,83,-17,AGUA
-49,513,-23,AGUA
-49,513,-22,AGUA
-60,422,-17,AGUA
-53,645,-17,AGUA
-61,9,-17,AGUA
-60,593,-17,AGUA
-49,513,-18,AGUA
-49,52,-31,AGUA
-49,513,-17,AGUA
-49,52,-32,AGUA
-49,513,-19,AGUA
-49,52,-30,AGUA
-49,451,-25,AGUA
-49,451,-26,AGUA
-49,451,-23,AGUA
-49,451,-24,AGUA
-49,451,-29,AGUA
-49,451,-27,AGUA
-49,451,-28,AGUA
-56,413,-32,AGUA
-52,79,-17,AGUA
-49,451,-21,AGUA
-49,451,-22,AGUA
-49,451,-20,AGUA
-58,75,-17,AGUA
-57,175,-17,AGUA
-60,623,-17,AGUA
-53,323,-17,AGUA
-61,385,-17,AGUA
-58,117,-17,AGUA
-49,451,-30,AGUA
-49,451,-31,AGUA
-49,498,-17,AGUA
-64,331,-17,AGUA
-49,498,-18,AGUA
-49,498,-19,AGUA
-51,666,-17,AGUA
-56,413,-17,AGUA
-49,498,-20,AGUA
-49,498,-21,AGUA
-49,498,-22,AGUA
-49,498,-23,AGUA
-49,498,-24,AGUA
-52,390,-32,AGUA
-49,498,-25,AGUA
-49,498,-26,AGUA
-49,498,-27,AGUA
-49,498,-28,AGUA
-49,363,-31,AGUA
-49,498,-29,AGUA
-49,363,-30,AGUA
-61,473,-17,AGUA
-49,498,-30,AGUA
-49,498,-31,AGUA
-49,498,-32,AGUA
-49,363,-20,AGUA
-49,363,-22,AGUA
-49,363,-21,AGUA
-49,363,-28,AGUA
-52,293,-17,AGUA
-49,363,-27,AGUA
-49,363,-29,AGUA
-49,363,-24,AGUA
-49,363,-23,AGUA
-49,363,-26,AGUA
-49,363,-25,AGUA
-62,336,-17,AGUA
-51,53,-17,AGUA
-62,415,-17,AGUA
-49,363,-17,AGUA
-49,363,-19,AGUA
-49,363,-18,AGUA
-64,651,-17,AGUA
-63,177,-17,AGUA
-51,531,-17,AGUA
-59,63,-17,AGUA
-58,464,-17,AGUA
-62,415,-32,AGUA
-53,49,-17,AGUA
-50,289,-17,AGUA
-53,235,-17,AGUA
-58,543,-17,AGUA
-51,578,-17,AGUA
-55,471,-17,AGUA
-61,22,-17,AGUA
-49,239,-17,AGUA
-49,239,-19,AGUA
-51,407,-17,AGUA
-49,239,-18,AGUA
-61,561,-17,AGUA
-52,169,-17,AGUA
-49,239,-20,AGUA
-49,239,-22,AGUA
-49,239,-21,AGUA
-53,147,-17,AGUA
-49,239,-28,AGUA
-49,239,-27,AGUA
-49,239,-29,AGUA
-49,239,-24,AGUA
-49,239,-23,AGUA
-49,239,-26,AGUA
-49,239,-25,AGUA
-51,443,-32,AGUA
-55,115,-17,AGUA
-49,239,-31,AGUA
-49,239,-30,AGUA
-58,376,-17,AGUA
-50,65,-17,AGUA
-49,85,-18,AGUA
-49,85,-17,AGUA
-52,23,-17,AGUA
-49,85,-21,AGUA
-62,503,-17,AGUA
-51,639,-17,AGUA
-49,85,-20,AGUA
-49,85,-25,AGUA
-62,674,-17,AGUA
-49,85,-24,AGUA
-49,85,-23,AGUA
-49,85,-22,AGUA
-49,85,-29,AGUA
-49,85,-28,AGUA
-49,85,-27,AGUA
-49,85,-26,AGUA
-50,465,-17,AGUA
-58,205,-17,AGUA
-49,85,-19,AGUA
-63,265,-17,AGUA
-55,259,-17,AGUA
-62,638,-17,AGUA
-64,590,-17,AGUA
-63,616,-17,AGUA
-53,555,-17,AGUA
-49,85,-31,AGUA
-49,85,-30,AGUA
-62,451,-17,AGUA
-59,27,-17,AGUA
-58,428,-17,AGUA
-64,378,-17,AGUA
-59,406,-32,AGUA
-60,99,-17,AGUA
-64,128,-17,AGUA
-58,599,-17,AGUA
-55,151,-17,AGUA
-56,501,-17,AGUA
-64,563,-17,AGUA
-57,263,-17,AGUA
-63,537,-17,AGUA
-51,443,-17,AGUA
-49,451,-18,AGUA
-49,451,-19,AGUA
-49,451,-17,AGUA
-62,201,-17,AGUA
-55,435,-32,AGUA
-63,402,-17,AGUA
-61,349,-17,AGUA
-62,57,-17,AGUA
-63,449,-17,AGUA
-56,197,-17,AGUA
-54,301,-17,AGUA
-53,85,-17,AGUA
-60,359,-17,AGUA
-62,10,-17,AGUA
-52,257,-17,AGUA
-58,192,-17,AGUA
-56,399,-32,AGUA
-52,577,-17,AGUA
-55,43,-17,AGUA
-49,647,-21,AGUA
-49,647,-20,AGUA
-63,217,-17,AGUA
-60,272,-17,AGUA
-49,647,-18,AGUA
-49,647,-17,AGUA
-61,534,-17,AGUA
-59,442,-32,AGUA
-55,637,-17,AGUA
-61,437,-17,AGUA
-49,647,-19,AGUA
-53,591,-17,AGUA
-63,673,-17,AGUA
-62,113,-17,AGUA
-62,199,-17,AGUA
-58,280,-17,AGUA
-50,17,-17,AGUA
-56,141,-17,AGUA
-59,345,-17,AGUA
-56,399,-17,AGUA
-62,296,-17,AGUA
-55,347,-17,AGUA
-64,527,-17,AGUA
-57,430,-32,AGUA
-60,456,-17,AGUA
-57,477,-17,AGUA
-62,586,-17,AGUA
-64,164,-17,AGUA
-59,489,-17,AGUA
-62,152,-17,AGUA
-50,163,-17,AGUA
-60,184,-17,AGUA
-56,69,-17,AGUA
-49,275,-30,AGUA
-49,275,-31,AGUA
-49,104,-31,AGUA
-49,104,-32,AGUA
-59,357,-17,AGUA
-49,104,-30,AGUA
-55,549,-17,AGUA
-62,284,-17,AGUA
-49,275,-20,AGUA
-49,275,-21,AGUA
-49,275,-22,AGUA
-49,104,-28,AGUA
-49,275,-23,AGUA
-49,104,-29,AGUA
-49,275,-24,AGUA
-49,275,-25,AGUA
-49,104,-26,AGUA
-49,104,-27,AGUA
-49,275,-26,AGUA
-49,275,-27,AGUA
-49,275,-28,AGUA
-49,275,-29,AGUA
-60,52,-17,AGUA
-49,104,-20,AGUA
-49,104,-21,AGUA
-49,104,-24,AGUA
-49,104,-25,AGUA
-49,104,-22,AGUA
-49,104,-23,AGUA
-61,522,-17,AGUA
-61,437,-32,AGUA
-49,104,-17,AGUA
-49,104,-18,AGUA
-49,275,-17,AGUA
-49,275,-18,AGUA
-49,104,-19,AGUA
-49,275,-19,AGUA
-63,130,-17,AGUA
-54,37,-17,AGUA
-61,622,-17,AGUA
-62,384,-17,AGUA
-52,430,-32,AGUA
-59,257,-17,AGUA
-50,649,-17,AGUA
-50,377,-32,AGUA
-61,135,-17,AGUA
-49,635,-29,AGUA
-49,635,-27,AGUA
-49,635,-28,AGUA
-49,635,-25,AGUA
-49,635,-26,AGUA
-60,544,-17,AGUA
-49,635,-23,AGUA
-49,635,-24,AGUA
-51,153,-17,AGUA
-55,435,-17,AGUA
-50,377,-17,AGUA
-49,161,-17,AGUA
-49,161,-19,AGUA
-49,161,-18,AGUA
-49,635,-30,AGUA
-49,635,-31,AGUA
-49,635,-18,AGUA
-49,635,-19,AGUA
-49,635,-17,AGUA
-49,161,-28,AGUA
-49,161,-27,AGUA
-49,161,-29,AGUA
-49,161,-24,AGUA
-49,635,-21,AGUA
-49,161,-23,AGUA
-49,635,-22,AGUA
-49,161,-26,AGUA
-49,161,-25,AGUA
-49,635,-20,AGUA
-49,161,-20,AGUA
-52,489,-17,AGUA
-49,161,-22,AGUA
-49,161,-21,AGUA
-62,22,-17,AGUA
-63,39,-17,AGUA
-60,468,-17,AGUA
-49,161,-31,AGUA
-49,161,-30,AGUA
-49,296,-17,AGUA
-49,296,-18,AGUA
-49,296,-19,AGUA
-53,97,-17,AGUA
-63,63,-17,AGUA
-60,492,-17,AGUA
-54,313,-17,AGUA
-64,42,-17,AGUA
-49,412,-19,AGUA
-60,421,-17,AGUA
-49,412,-18,AGUA
-49,412,-17,AGUA
-61,183,-17,AGUA
-62,69,-17,AGUA
-56,499,-17,AGUA
-49,412,-23,AGUA
-49,412,-22,AGUA
-49,412,-25,AGUA
-49,412,-24,AGUA
-49,412,-21,AGUA
-49,412,-20,AGUA
-49,412,-27,AGUA
-49,412,-26,AGUA
-49,49,-30,AGUA
-49,412,-29,AGUA
-49,49,-31,AGUA
-49,412,-28,AGUA
-49,49,-32,AGUA
-52,477,-17,AGUA
-49,49,-22,AGUA
-49,49,-23,AGUA
-49,49,-24,AGUA
-49,49,-25,AGUA
-49,49,-26,AGUA
-49,412,-30,AGUA
-49,49,-27,AGUA
-49,49,-28,AGUA
-49,412,-32,AGUA
-49,49,-29,AGUA
-49,412,-31,AGUA
-57,529,-17,AGUA
-54,401,-17,AGUA
-59,589,-17,AGUA
-52,406,-32,AGUA
-55,163,-17,AGUA
-60,421,-32,AGUA
-56,615,-17,AGUA
-58,27,-17,AGUA
-55,55,-17,AGUA
-63,502,-17,AGUA
-57,377,-17,AGUA
-49,296,-24,AGUA
-49,296,-25,AGUA
-49,296,-26,AGUA
-49,296,-27,AGUA
-58,253,-17,AGUA
-49,296,-28,AGUA
-49,296,-29,AGUA
-63,388,-17,AGUA
-55,649,-17,AGUA
-49,296,-20,AGUA
-49,296,-21,AGUA
-57,127,-17,AGUA
-49,296,-22,AGUA
-49,296,-23,AGUA
-63,573,-17,AGUA
-50,426,-32,AGUA
-49,296,-30,AGUA
-49,296,-31,AGUA
-62,626,-17,AGUA
-60,64,-17,AGUA
-57,377,-32,AGUA
-62,403,-32,AGUA
-61,425,-32,AGUA
-61,596,-17,AGUA
-58,476,-17,AGUA
-54,633,-17,AGUA
-63,165,-17,AGUA
-62,187,-17,AGUA
-53,507,-17,AGUA
-61,34,-17,AGUA
-55,395,-17,AGUA
-54,369,-17,AGUA
-52,521,-17,AGUA
-62,403,-17,AGUA
-55,673,-17,AGUA
-52,157,-17,AGUA
-61,123,-17,AGUA
-53,283,-17,AGUA
-51,92,-17,AGUA
-51,241,-17,AGUA
-51,17,-17,AGUA
-54,269,-17,AGUA
-51,141,-17,AGUA
-63,350,-17,AGUA
-58,507,-17,AGUA
-49,49,-20,AGUA
-50,365,-17,AGUA
-49,49,-21,AGUA
-62,301,-17,AGUA
-49,49,-19,AGUA
-49,49,-17,AGUA
-49,49,-18,AGUA
-62,472,-17,AGUA
-51,543,-17,AGUA
-59,169,-17,AGUA
-61,425,-17,AGUA
-53,607,-17,AGUA
-61,70,-17,AGUA
-58,407,-17,AGUA
-54,49,-17,AGUA
-51,364,-17,AGUA
-61,610,-17,AGUA
-60,260,-17,AGUA
-62,372,-17,AGUA
-58,578,-17,AGUA
-58,407,-32,AGUA
-53,455,-17,AGUA
-62,93,-17,AGUA
-59,269,-17,AGUA
-55,395,-32,AGUA
-60,360,-17,AGUA
-52,442,-32,AGUA
-49,559,-23,AGUA
-49,196,-30,AGUA
-49,559,-22,AGUA
-49,196,-31,AGUA
-49,559,-25,AGUA
-57,69,-17,AGUA
-49,559,-24,AGUA
-49,559,-27,AGUA
-49,559,-26,AGUA
-55,571,-17,AGUA
-49,559,-29,AGUA
-49,196,-32,AGUA
-49,559,-28,AGUA
-49,125,-21,AGUA
-49,125,-22,AGUA
-49,125,-20,AGUA
-49,125,-25,AGUA
-49,125,-26,AGUA
-49,125,-23,AGUA
-49,125,-24,AGUA
-49,583,-26,AGUA
-49,125,-18,AGUA
-49,583,-25,AGUA
-49,125,-19,AGUA
-49,583,-24,AGUA
-49,583,-23,AGUA
-49,125,-17,AGUA
-49,583,-29,AGUA
-49,583,-28,AGUA
-49,583,-27,AGUA
-49,583,-22,AGUA
-49,559,-30,AGUA
-49,583,-21,AGUA
-49,583,-20,AGUA
-49,559,-32,AGUA
-49,559,-31,AGUA
-49,196,-20,AGUA
-49,196,-23,AGUA
-60,321,-17,AGUA
-49,196,-24,AGUA
-49,196,-21,AGUA
-49,559,-18,AGUA
-49,196,-22,AGUA
-49,559,-17,AGUA
-49,196,-27,AGUA
-49,196,-28,AGUA
-49,559,-19,AGUA
-49,196,-25,AGUA
-49,196,-26,AGUA
-49,196,-29,AGUA
-49,583,-19,AGUA
-49,583,-18,AGUA
-49,583,-17,AGUA
-49,559,-21,AGUA
-49,559,-20,AGUA
-63,450,-17,AGUA
-49,327,-32,AGUA
-49,598,-29,AGUA
-49,598,-28,AGUA
-49,327,-30,AGUA
-49,598,-27,AGUA
-49,327,-31,AGUA
-49,512,-28,AGUA
-49,512,-27,AGUA
-49,196,-17,AGUA
-49,512,-26,AGUA
-49,512,-25,AGUA
-58,105,-17,AGUA
-49,196,-18,AGUA
-59,665,-17,AGUA
-49,512,-29,AGUA
-49,196,-19,AGUA
-49,512,-31,AGUA
-49,512,-30,AGUA
-49,512,-32,AGUA
-57,429,-17,AGUA
-49,327,-25,AGUA
-49,327,-26,AGUA
-49,327,-23,AGUA
-49,327,-24,AGUA
-49,327,-29,AGUA
-49,598,-32,AGUA
-49,327,-27,AGUA
-49,598,-31,AGUA
-49,327,-28,AGUA
-49,598,-30,AGUA
-57,429,-32,AGUA
-49,598,-19,AGUA
-49,598,-18,AGUA
-49,598,-17,AGUA
-49,512,-17,AGUA
-49,512,-19,AGUA
-49,512,-18,AGUA
-49,512,-20,AGUA
-49,512,-24,AGUA
-49,512,-23,AGUA
-49,512,-22,AGUA
-49,512,-21,AGUA
-49,598,-26,AGUA
-49,598,-25,AGUA
-49,598,-24,AGUA
-49,598,-23,AGUA
-49,598,-22,AGUA
-49,598,-21,AGUA
-49,583,-32,AGUA
-49,598,-20,AGUA
-49,583,-31,AGUA
-49,583,-30,AGUA
-60,408,-17,AGUA
-64,343,-17,AGUA
-51,88,-17,AGUA
-52,281,-17,AGUA
-60,408,-32,AGUA
-55,371,-17,AGUA
-63,652,-17,AGUA
-49,125,-32,AGUA
-49,125,-30,AGUA
-49,125,-31,AGUA
-49,125,-29,AGUA
-49,125,-27,AGUA
-49,125,-28,AGUA
-57,227,-17,AGUA
-49,240,-28,AGUA
-49,240,-27,AGUA
-49,240,-26,AGUA
-49,240,-25,AGUA
-59,393,-17,AGUA
-49,240,-29,AGUA
-49,240,-20,AGUA
-49,240,-24,AGUA
-49,240,-23,AGUA
-49,240,-22,AGUA
-57,398,-32,AGUA
-49,240,-21,AGUA
-51,288,-17,AGUA
-51,419,-32,AGUA
-61,657,-17,AGUA
-49,240,-17,AGUA
-51,117,-17,AGUA
-49,240,-19,AGUA
-49,240,-18,AGUA
-60,508,-17,AGUA
-50,597,-17,AGUA
-58,631,-17,AGUA
-62,248,-17,AGUA
-54,73,-17,AGUA
-53,631,-17,AGUA
-51,188,-17,AGUA
-60,579,-17,AGUA
-56,31,-17,AGUA
-54,393,-17,AGUA
-62,348,-17,AGUA
-51,604,-17,AGUA
-57,251,-17,AGUA
-51,419,-17,AGUA
-59,293,-17,AGUA
-63,628,-17,AGUA
-49,398,-23,AGUA
-49,398,-24,AGUA
-49,398,-21,AGUA
-49,398,-22,AGUA
-49,398,-27,AGUA
-49,398,-28,AGUA
-49,398,-25,AGUA
-49,398,-26,AGUA
-54,393,-32,AGUA
-60,592,-17,AGUA
-49,398,-20,AGUA
-57,553,-17,AGUA
-58,531,-17,AGUA
-49,398,-18,AGUA
-49,398,-19,AGUA
-63,497,-17,AGUA
-59,191,-17,AGUA
-49,398,-32,AGUA
-49,327,-21,AGUA
-49,327,-22,AGUA
-49,327,-20,AGUA
-53,37,-17,AGUA
-49,227,-31,AGUA
-49,227,-32,AGUA
-49,398,-30,AGUA
-49,398,-31,AGUA
-49,227,-30,AGUA
-49,227,-28,AGUA
-60,236,-17,AGUA
-49,227,-29,AGUA
-49,227,-24,AGUA
-49,227,-25,AGUA
-49,227,-26,AGUA
-49,227,-27,AGUA
-51,319,-17,AGUA
-49,398,-29,AGUA
-61,214,-17,AGUA
-49,327,-18,AGUA
-49,327,-19,AGUA
-49,327,-17,AGUA
-61,485,-17,AGUA
-49,227,-20,AGUA
-49,227,-21,AGUA
-49,227,-22,AGUA
-49,227,-23,AGUA
-59,393,-32,AGUA
-61,670,-17,AGUA
-61,10,-17,AGUA
-49,227,-17,AGUA
-49,227,-18,AGUA
-49,227,-19,AGUA
-63,326,-17,AGUA
-59,493,-17,AGUA
-62,148,-17,AGUA
-63,84,-17,AGUA
-49,398,-17,AGUA
-61,385,-32,AGUA
-49,240,-31,AGUA
-60,136,-17,AGUA
-63,597,-17,AGUA
-49,240,-30,AGUA
-58,144,-17,AGUA
-59,209,-17,AGUA
-49,524,-20,AGUA
-49,427,-22,AGUA
-49,427,-23,AGUA
-49,524,-21,AGUA
-49,427,-24,AGUA
-49,524,-22,AGUA
-49,524,-23,AGUA
-49,427,-25,AGUA
-49,427,-26,AGUA
-49,427,-27,AGUA
-49,427,-28,AGUA
-49,427,-29,AGUA
-49,184,-21,AGUA
-49,184,-20,AGUA
-49,184,-23,AGUA
-49,184,-22,AGUA
-49,184,-25,AGUA
-49,184,-24,AGUA
-49,184,-27,AGUA
-49,524,-17,AGUA
-49,184,-26,AGUA
-49,524,-18,AGUA
-49,184,-29,AGUA
-49,524,-19,AGUA
-49,184,-28,AGUA
-49,427,-30,AGUA
-49,427,-31,AGUA
-51,399,-32,AGUA
-49,427,-32,AGUA
-49,184,-18,AGUA
-49,184,-17,AGUA
-49,184,-19,AGUA
-64,490,-17,AGUA
-64,152,-17,AGUA
-55,447,-32,AGUA
-60,259,-17,AGUA
-57,239,-17,AGUA
-49,427,-17,AGUA
-49,427,-18,AGUA
-49,427,-19,AGUA
-62,360,-17,AGUA
-49,184,-30,AGUA
-49,184,-31,AGUA
-60,372,-17,AGUA
-58,519,-17,AGUA
-49,427,-20,AGUA
-49,427,-21,AGUA
-63,349,-17,AGUA
-49,16,-29,AGUA
-49,16,-28,AGUA
-49,16,-27,AGUA
-49,16,-26,AGUA
-49,16,-25,AGUA
-61,82,-17,AGUA
-49,16,-24,AGUA
-49,16,-23,AGUA
-49,16,-22,AGUA
-57,417,-32,AGUA
-49,16,-31,AGUA
-64,66,-17,AGUA
-49,16,-30,AGUA
-63,462,-17,AGUA
-61,402,-17,AGUA
-49,50,-31,AGUA
-55,447,-17,AGUA
-49,50,-30,AGUA
-60,284,-17,AGUA
-51,507,-17,AGUA
-49,16,-19,AGUA
-49,16,-18,AGUA
-58,179,-17,AGUA
-49,16,-17,AGUA
-49,16,-21,AGUA
-49,16,-20,AGUA
-58,292,-17,AGUA
-49,50,-28,AGUA
-49,50,-29,AGUA
-49,50,-26,AGUA
-49,50,-27,AGUA
-49,50,-24,AGUA
-49,50,-25,AGUA
-49,50,-22,AGUA
-49,50,-23,AGUA
-49,50,-20,AGUA
-53,73,-17,AGUA
-49,50,-21,AGUA
-51,399,-17,AGUA
-49,204,-25,AGUA
-49,204,-26,AGUA
-49,204,-27,AGUA
-49,204,-28,AGUA
-49,204,-29,AGUA
-56,299,-17,AGUA
-57,417,-17,AGUA
-52,269,-17,AGUA
-51,29,-17,AGUA
-49,204,-30,AGUA
-49,204,-31,AGUA
-61,634,-17,AGUA
-56,241,-17,AGUA
-50,637,-17,AGUA
-54,424,-32,AGUA
-61,510,-17,AGUA
-49,623,-32,AGUA
-49,623,-31,AGUA
-62,574,-17,AGUA
-49,623,-30,AGUA
-49,623,-29,AGUA
-59,369,-17,AGUA
-49,623,-28,AGUA
-55,359,-17,AGUA
-49,623,-25,AGUA
-49,623,-24,AGUA
-49,623,-27,AGUA
-49,623,-26,AGUA
-58,305,-17,AGUA
-61,294,-17,AGUA
-62,272,-17,AGUA
-61,57,-17,AGUA
-58,607,-17,AGUA
-51,478,-17,AGUA
-54,595,-17,AGUA
-51,591,-17,AGUA
-50,77,-17,AGUA
-61,573,-17,AGUA
-50,139,-17,AGUA
-63,96,-17,AGUA
-49,623,-21,AGUA
-49,623,-20,AGUA
-49,623,-23,AGUA
-49,623,-22,AGUA
-51,566,-17,AGUA
-49,623,-18,AGUA
-49,623,-17,AGUA
-59,477,-17,AGUA
-49,623,-19,AGUA
-60,532,-17,AGUA
-62,164,-17,AGUA
-55,402,-32,AGUA
-62,603,-17,AGUA
-52,621,-17,AGUA
-63,365,-17,AGUA
-56,387,-17,AGUA
-58,276,-17,AGUA
-53,383,-17,AGUA
-63,51,-17,AGUA
-58,499,-17,AGUA
-60,28,-17,AGUA
-62,101,-17,AGUA
-49,524,-31,AGUA
-49,524,-32,AGUA
-53,383,-32,AGUA
-56,387,-32,AGUA
-49,524,-30,AGUA
-55,625,-17,AGUA
-51,264,-17,AGUA
-49,524,-28,AGUA
-49,524,-29,AGUA
-49,524,-24,AGUA
-63,142,-17,AGUA
-49,524,-25,AGUA
-49,524,-26,AGUA
-49,524,-27,AGUA
-59,529,-17,AGUA
-51,4,-17,AGUA
-50,277,-17,AGUA
-49,463,-32,AGUA
-49,463,-31,AGUA
-49,463,-30,AGUA
-58,87,-17,AGUA
-52,377,-32,AGUA
-50,389,-17,AGUA
-53,335,-17,AGUA
-49,463,-18,AGUA
-58,121,-17,AGUA
-49,463,-17,AGUA
-52,377,-17,AGUA
-53,567,-17,AGUA
-64,551,-17,AGUA
-52,418,-32,AGUA
-49,463,-25,AGUA
-49,463,-24,AGUA
-49,463,-23,AGUA
-49,463,-22,AGUA
-49,463,-29,AGUA
-49,463,-28,AGUA
-50,389,-32,AGUA
-49,463,-27,AGUA
-49,463,-26,AGUA
-49,463,-21,AGUA
-49,463,-20,AGUA
-60,201,-17,AGUA
-62,81,-17,AGUA
-49,463,-19,AGUA
-51,615,-17,AGUA
-59,418,-32,AGUA
-51,228,-17,AGUA
-58,353,-17,AGUA
-63,288,-17,AGUA
-51,341,-17,AGUA
-57,115,-17,AGUA
-51,41,-17,AGUA
-57,187,-17,AGUA
-49,375,-19,AGUA
-64,454,-17,AGUA
-53,135,-17,AGUA
-49,375,-20,AGUA
-49,375,-21,AGUA
-62,526,-17,AGUA
-62,225,-17,AGUA
-49,375,-28,AGUA
-49,375,-29,AGUA
-56,425,-32,AGUA
-49,375,-26,AGUA
-49,375,-27,AGUA
-49,375,-24,AGUA
-49,375,-25,AGUA
-49,375,-22,AGUA
-49,375,-23,AGUA
-56,425,-17,AGUA
-61,237,-17,AGUA
-55,247,-17,AGUA
-49,375,-31,AGUA
-49,375,-32,AGUA
-49,375,-30,AGUA
-59,245,-17,AGUA
-61,350,-17,AGUA
-61,461,-17,AGUA
-54,25,-17,AGUA
-49,204,-17,AGUA
-49,204,-18,AGUA
-49,204,-19,AGUA
-62,396,-17,AGUA
-49,263,-19,AGUA
-49,263,-18,AGUA
-49,263,-17,AGUA
-55,235,-17,AGUA
-49,204,-20,AGUA
-49,204,-21,AGUA
-54,257,-17,AGUA
-49,204,-22,AGUA
-49,204,-23,AGUA
-49,204,-24,AGUA
-58,654,-17,AGUA
-63,117,-17,AGUA
-49,263,-29,AGUA
-55,537,-17,AGUA
-49,263,-28,AGUA
-49,263,-27,AGUA
-54,559,-17,AGUA
-49,263,-26,AGUA
-49,263,-25,AGUA
-49,263,-24,AGUA
-49,263,-23,AGUA
-49,375,-17,AGUA
-49,263,-22,AGUA
-49,375,-18,AGUA
-49,263,-21,AGUA
-49,263,-20,AGUA
-60,113,-17,AGUA
-59,39,-17,AGUA
-50,175,-17,AGUA
-63,230,-17,AGUA
-57,649,-17,AGUA
-62,313,-17,AGUA
-49,263,-31,AGUA
-49,263,-30,AGUA
-54,501,-17,AGUA
-55,263,-17,AGUA
-58,566,-17,AGUA
-51,455,-17,AGUA
-59,51,-17,AGUA
-63,561,-17,AGUA
-51,627,-17,AGUA
-61,609,-17,AGUA
-62,484,-17,AGUA
-49,73,-21,AGUA
-49,73,-22,AGUA
-55,19,-17,AGUA
-49,73,-20,AGUA
-49,73,-25,AGUA
-49,73,-26,AGUA
-49,73,-23,AGUA
-49,73,-24,AGUA
-49,73,-29,AGUA
-49,73,-27,AGUA
-49,73,-28,AGUA
-58,15,-17,AGUA
-57,489,-17,AGUA
-52,389,-17,AGUA
-59,157,-17,AGUA
-49,73,-32,AGUA
-49,73,-30,AGUA
-49,73,-31,AGUA
-50,390,-32,AGUA
-52,589,-17,AGUA
-52,389,-32,AGUA
-52,145,-17,AGUA
-50,7,-17,AGUA
-49,73,-18,AGUA
-49,73,-19,AGUA
-50,477,-17,AGUA
-49,73,-17,AGUA
-53,211,-17,AGUA
-60,646,-17,AGUA
-58,52,-17,AGUA
-61,497,-17,AGUA
-64,105,-17,AGUA
-61,202,-17,AGUA
-49,571,-19,AGUA
-49,571,-17,AGUA
-49,571,-18,AGUA
-60,395,-17,AGUA
-49,547,-20,AGUA
-49,547,-21,AGUA
-49,547,-22,AGUA
-49,547,-17,AGUA
-51,376,-32,AGUA
-49,547,-18,AGUA
-49,547,-19,AGUA
-49,137,-18,AGUA
-49,137,-17,AGUA
-49,137,-19,AGUA
-63,485,-17,AGUA
-49,547,-30,AGUA
-49,547,-31,AGUA
-49,547,-23,AGUA
-49,547,-24,AGUA
-49,547,-25,AGUA
-49,547,-26,AGUA
-49,547,-27,AGUA
-57,57,-17,AGUA
-49,547,-28,AGUA
-49,547,-29,AGUA
-53,443,-17,AGUA
-49,137,-21,AGUA
-49,137,-20,AGUA
-55,583,-17,AGUA
-49,137,-25,AGUA
-49,137,-24,AGUA
-49,137,-23,AGUA
-49,137,-22,AGUA
-49,137,-29,AGUA
-49,137,-28,AGUA
-49,137,-27,AGUA
-49,137,-26,AGUA
-51,376,-17,AGUA
-49,137,-32,AGUA
-49,137,-31,AGUA
-63,549,-17,AGUA
-49,137,-30,AGUA
-58,156,-17,AGUA
-53,419,-32,AGUA
-53,443,-32,AGUA
-50,329,-17,AGUA
-49,660,-32,AGUA
-49,660,-30,AGUA
-49,660,-31,AGUA
-57,81,-17,AGUA
-49,660,-29,AGUA
-49,571,-26,AGUA
-49,571,-27,AGUA
-49,660,-27,AGUA
-49,571,-24,AGUA
-49,660,-28,AGUA
-49,571,-25,AGUA
-49,660,-25,AGUA
-49,660,-26,AGUA
-49,571,-28,AGUA
-49,660,-23,AGUA
-49,571,-29,AGUA
-49,660,-24,AGUA
-49,660,-21,AGUA
-49,660,-22,AGUA
-49,660,-20,AGUA
-49,571,-22,AGUA
-49,315,-18,AGUA
-49,571,-23,AGUA
-49,315,-17,AGUA
-49,571,-20,AGUA
-49,571,-21,AGUA
-49,315,-19,AGUA
-60,172,-17,AGUA
-49,315,-21,AGUA
-49,315,-20,AGUA
-49,315,-23,AGUA
-49,315,-22,AGUA
-58,180,-17,AGUA
-61,158,-17,AGUA
-49,660,-18,AGUA
-49,660,-19,AGUA
-49,660,-17,AGUA
-49,315,-25,AGUA
-49,315,-24,AGUA
-49,571,-30,AGUA
-49,315,-27,AGUA
-49,315,-26,AGUA
-49,315,-29,AGUA
-49,315,-28,AGUA
-49,571,-31,AGUA
-60,395,-32,AGUA
-49,315,-30,AGUA
-49,315,-32,AGUA
-53,419,-17,AGUA
-49,315,-31,AGUA
-54,85,-17,AGUA
-50,353,-17,AGUA
-61,271,-17,AGUA
-58,3,-17,AGUA
-58,441,-17,AGUA
-61,669,-17,AGUA
-59,381,-17,AGUA
-62,136,-17,AGUA
-61,247,-17,AGUA
-63,229,-17,AGUA
-60,148,-17,AGUA
-54,412,-32,AGUA
-60,656,-17,AGUA
-53,247,-17,AGUA
-59,381,-32,AGUA
-63,314,-17,AGUA
-64,31,-17,AGUA
-56,301,-17,AGUA
-55,323,-17,AGUA
-51,129,-17,AGUA
-64,578,-17,AGUA
-60,433,-32,AGUA
-62,438,-17,AGUA
-49,439,-20,AGUA
-62,551,-17,AGUA
-49,439,-17,AGUA
-49,439,-19,AGUA
-49,439,-18,AGUA
-58,328,-17,AGUA
-58,441,-32,AGUA
-49,439,-31,AGUA
-49,439,-30,AGUA
-49,439,-22,AGUA
-49,439,-21,AGUA
-49,439,-24,AGUA
-49,439,-23,AGUA
-49,439,-26,AGUA
-49,439,-25,AGUA
-49,439,-28,AGUA
-49,439,-27,AGUA
-49,439,-29,AGUA
-49,400,-23,AGUA
-59,553,-17,AGUA
-49,400,-24,AGUA
-49,400,-25,AGUA
-49,400,-26,AGUA
-49,400,-20,AGUA
-49,400,-21,AGUA
-49,486,-19,AGUA
-49,400,-22,AGUA
-49,486,-18,AGUA
-49,486,-28,AGUA
-49,486,-27,AGUA
-49,486,-26,AGUA
-49,486,-25,AGUA
-49,486,-24,AGUA
-49,486,-23,AGUA
-49,400,-17,AGUA
-60,611,-17,AGUA
-49,486,-22,AGUA
-49,400,-18,AGUA
-49,486,-21,AGUA
-49,400,-19,AGUA
-49,486,-20,AGUA
-60,433,-17,AGUA
-61,326,-17,AGUA
-61,195,-17,AGUA
-60,224,-17,AGUA
-61,373,-17,AGUA
-55,412,-32,AGUA
-54,123,-17,AGUA
-49,486,-17,AGUA
-64,407,-17,AGUA
-63,514,-17,AGUA
-63,425,-17,AGUA
-63,27,-17,AGUA
-64,276,-17,AGUA
-64,187,-17,AGUA
-57,565,-17,AGUA
-56,603,-17,AGUA
-58,241,-17,AGUA
-62,34,-17,AGUA
-53,471,-17,AGUA
-49,600,-17,AGUA
-49,600,-19,AGUA
-49,600,-18,AGUA
-51,307,-17,AGUA
-57,365,-17,AGUA
-51,420,-17,AGUA
-49,600,-20,AGUA
-49,600,-22,AGUA
-49,600,-21,AGUA
-49,600,-24,AGUA
-49,600,-23,AGUA
-60,480,-17,AGUA
-61,7,-17,AGUA
-52,465,-17,AGUA
-61,100,-17,AGUA
-51,420,-32,AGUA
-52,11,-17,AGUA
-49,400,-30,AGUA
-49,400,-31,AGUA
-49,400,-32,AGUA
-49,486,-29,AGUA
-49,400,-27,AGUA
-49,400,-28,AGUA
-49,400,-29,AGUA
-49,486,-31,AGUA
-49,486,-30,AGUA
-49,658,-31,AGUA
-53,619,-17,AGUA
-49,658,-30,AGUA
-54,621,-17,AGUA
-50,414,-32,AGUA
-53,643,-17,AGUA
-49,658,-24,AGUA
-49,658,-25,AGUA
-49,658,-22,AGUA
-49,658,-23,AGUA
-49,658,-28,AGUA
-50,585,-17,AGUA
-49,658,-29,AGUA
-49,658,-26,AGUA
-49,658,-27,AGUA
-55,383,-17,AGUA
-49,658,-20,AGUA
-49,658,-21,AGUA
-49,658,-19,AGUA
-51,176,-17,AGUA
-49,658,-17,AGUA
-60,567,-17,AGUA
-49,658,-18,AGUA
-49,600,-26,AGUA
-49,600,-25,AGUA
-49,600,-28,AGUA
-49,600,-27,AGUA
-60,87,-17,AGUA
-49,600,-29,AGUA
-64,9,-17,AGUA
-49,50,-19,AGUA
-49,50,-17,AGUA
-49,50,-18,AGUA
-49,600,-31,AGUA
-49,600,-30,AGUA
-49,600,-32,AGUA
-64,231,-17,AGUA
-50,442,-32,AGUA
-51,205,-17,AGUA
-51,331,-17,AGUA
-55,383,-32,AGUA
-53,271,-17,AGUA
-64,403,-32,AGUA
-58,388,-17,AGUA
-62,9,-17,AGUA
-62,662,-17,AGUA
-63,640,-17,AGUA
-61,313,-17,AGUA
-55,127,-17,AGUA
-56,105,-17,AGUA
-64,403,-17,AGUA
-56,561,-17,AGUA
-58,217,-17,AGUA
-63,253,-17,AGUA
-64,431,-32,AGUA
-51,76,-17,AGUA
-53,483,-17,AGUA
-57,418,-32,AGUA
-52,365,-17,AGUA
-63,526,-17,AGUA
-58,133,-17,AGUA
-61,225,-17,AGUA
-60,348,-17,AGUA
-54,425,-17,AGUA
-60,283,-17,AGUA
-56,661,-17,AGUA
-55,187,-17,AGUA
-49,203,-31,AGUA
-49,203,-30,AGUA
-49,203,-28,AGUA
-49,203,-29,AGUA
-49,203,-26,AGUA
-49,203,-27,AGUA
-60,18,-17,AGUA
-54,425,-32,AGUA
-63,461,-17,AGUA
-63,596,-17,AGUA
-60,213,-17,AGUA
-49,185,-29,AGUA
-49,185,-28,AGUA
-49,185,-27,AGUA
-49,185,-26,AGUA
-49,185,-25,AGUA
-49,185,-24,AGUA
-51,418,-32,AGUA
-49,185,-23,AGUA
-49,185,-22,AGUA
-59,145,-17,AGUA
-49,185,-21,AGUA
-49,185,-20,AGUA
-54,495,-17,AGUA
-49,203,-20,AGUA
-49,203,-21,AGUA
-50,199,-17,AGUA
-49,203,-24,AGUA
-49,203,-25,AGUA
-49,203,-22,AGUA
-49,203,-23,AGUA
-49,203,-17,AGUA
-49,203,-18,AGUA
-49,185,-19,AGUA
-49,185,-18,AGUA
-49,185,-17,AGUA
-49,203,-19,AGUA
-55,275,-17,AGUA
-57,673,-17,AGUA
-60,668,-17,AGUA
-56,341,-17,AGUA
-51,567,-17,AGUA
-51,418,-17,AGUA
-61,160,-17,AGUA
-64,538,-17,AGUA
-63,206,-17,AGUA
-51,603,-17,AGUA
-62,496,-17,AGUA
-50,129,-17,AGUA
-54,513,-17,AGUA
-49,185,-32,AGUA
-49,185,-31,AGUA
-49,185,-30,AGUA
-51,229,-17,AGUA
-64,662,-17,AGUA
-56,217,-17,AGUA
-51,520,-17,AGUA
-51,164,-17,AGUA
-61,545,-17,AGUA
-49,115,-30,AGUA
-49,115,-32,AGUA
-54,211,-17,AGUA
-49,115,-31,AGUA
-63,141,-17,AGUA
-56,388,-32,AGUA
-56,287,-17,AGUA
-49,115,-27,AGUA
-49,115,-26,AGUA
-50,503,-17,AGUA
-49,115,-29,AGUA
-49,115,-28,AGUA
-49,115,-23,AGUA
-60,195,-17,AGUA
-49,115,-22,AGUA
-49,115,-25,AGUA
-49,115,-24,AGUA
-51,265,-17,AGUA
-49,115,-21,AGUA
-49,115,-20,AGUA
-49,523,-29,AGUA
-49,523,-27,AGUA
-49,523,-28,AGUA
-49,523,-25,AGUA
-49,523,-26,AGUA
-49,523,-30,AGUA
-49,523,-31,AGUA
-49,115,-19,AGUA
-49,115,-18,AGUA
-51,64,-17,AGUA
-49,115,-17,AGUA
-49,487,-25,AGUA
-49,487,-24,AGUA
-49,487,-27,AGUA
-49,487,-26,AGUA
-49,487,-21,AGUA
-49,487,-20,AGUA
-49,487,-23,AGUA
-49,487,-22,AGUA
-61,295,-17,AGUA
-49,523,-18,AGUA
-49,523,-19,AGUA
-49,523,-17,AGUA
-61,58,-17,AGUA
-49,523,-23,AGUA
-49,523,-24,AGUA
-49,523,-21,AGUA
-49,523,-22,AGUA
-49,523,-20,AGUA
-49,487,-18,AGUA
-49,487,-17,AGUA
-49,487,-19,AGUA
-49,624,-26,AGUA
-49,624,-25,AGUA
-49,624,-24,AGUA
-49,624,-23,AGUA
-49,624,-29,AGUA
-49,624,-28,AGUA
-49,624,-27,AGUA
-60,41,-17,AGUA
-50,217,-17,AGUA
-63,337,-17,AGUA
-56,559,-17,AGUA
-49,624,-32,AGUA
-49,624,-31,AGUA
-49,624,-30,AGUA
-50,402,-32,AGUA
-55,525,-17,AGUA
-49,624,-19,AGUA
-49,624,-18,AGUA
-49,624,-17,AGUA
-55,223,-17,AGUA
-50,573,-17,AGUA
-49,624,-22,AGUA
-49,624,-21,AGUA
-49,624,-20,AGUA
-50,388,-32,AGUA
-55,595,-17,AGUA
-59,181,-17,AGUA
-60,533,-17,AGUA
-57,589,-17,AGUA
-57,317,-17,AGUA
-59,417,-32,AGUA
-49,374,-30,AGUA
-49,374,-31,AGUA
-49,374,-32,AGUA
-49,439,-32,AGUA
-60,384,-32,AGUA
-53,181,-17,AGUA
-52,329,-17,AGUA
-49,374,-23,AGUA
-49,374,-24,AGUA
-49,374,-25,AGUA
-49,374,-26,AGUA
-49,374,-27,AGUA
-49,374,-28,AGUA
-49,374,-29,AGUA
-49,374,-20,AGUA
-49,374,-21,AGUA
-49,374,-22,AGUA
-58,16,-17,AGUA
-63,562,-17,AGUA
-62,395,-32,AGUA
-55,394,-32,AGUA
-56,424,-32,AGUA
-61,462,-17,AGUA
-59,417,-17,AGUA
-61,633,-17,AGUA
-49,304,-28,AGUA
-49,304,-29,AGUA
-60,159,-17,AGUA
-49,304,-26,AGUA
-49,304,-27,AGUA
-49,304,-24,AGUA
-49,304,-25,AGUA
-64,254,-17,AGUA
-62,395,-17,AGUA
-58,264,-17,AGUA
-64,639,-17,AGUA
-49,304,-31,AGUA
-49,304,-30,AGUA
-61,550,-17,AGUA
-50,537,-17,AGUA
-57,387,-32,AGUA
-56,625,-17,AGUA
-51,299,-17,AGUA
-49,374,-17,AGUA
-59,329,-17,AGUA
-49,374,-18,AGUA
-49,374,-19,AGUA
-60,384,-17,AGUA
-60,112,-17,AGUA
-62,615,-17,AGUA
-49,304,-19,AGUA
-49,304,-17,AGUA
-63,377,-17,AGUA
-49,304,-18,AGUA
-57,387,-17,AGUA
-62,325,-17,AGUA
-49,304,-22,AGUA
-49,304,-23,AGUA
-49,304,-20,AGUA
-49,304,-21,AGUA
-58,554,-17,AGUA
-49,74,-20,AGUA
-63,188,-17,AGUA
-49,74,-21,AGUA
-49,74,-22,AGUA
-49,74,-23,AGUA
-49,74,-24,AGUA
-49,74,-25,AGUA
-51,28,-17,AGUA
-49,74,-26,AGUA
-49,74,-27,AGUA
-49,74,-28,AGUA
-49,74,-29,AGUA
-49,74,-19,AGUA
-62,627,-17,AGUA
-55,561,-17,AGUA
-49,74,-30,AGUA
-49,74,-31,AGUA
-61,509,-17,AGUA
-58,453,-17,AGUA
-62,426,-17,AGUA
-62,597,-17,AGUA
-62,527,-17,AGUA
-58,252,-17,AGUA
-63,289,-17,AGUA
-58,352,-17,AGUA
-49,74,-17,AGUA
-49,74,-18,AGUA
-54,459,-17,AGUA
-63,389,-17,AGUA
-53,123,-17,AGUA
-58,86,-17,AGUA
-63,118,-17,AGUA
-49,149,-21,AGUA
-49,149,-22,AGUA
-49,149,-23,AGUA
-49,149,-24,AGUA
-49,149,-20,AGUA
-51,655,-17,AGUA
-49,149,-18,AGUA
-49,149,-19,AGUA
-53,667,-17,AGUA
-51,353,-17,AGUA
-49,149,-17,AGUA
-49,149,-32,AGUA
-51,454,-17,AGUA
-49,149,-30,AGUA
-49,149,-31,AGUA
-49,149,-29,AGUA
-49,149,-25,AGUA
-49,149,-26,AGUA
-49,149,-27,AGUA
-49,149,-28,AGUA
-52,431,-17,AGUA
-54,157,-17,AGUA
-56,525,-17,AGUA
-57,287,-17,AGUA
-52,431,-32,AGUA
-57,11,-17,AGUA
-64,443,-17,AGUA
-50,265,-17,AGUA
-61,159,-17,AGUA
-60,396,-32,AGUA
-52,229,-17,AGUA
-49,636,-30,AGUA
-49,636,-31,AGUA
-49,636,-32,AGUA
-58,181,-17,AGUA
-57,151,-17,AGUA
-49,636,-26,AGUA
-49,636,-27,AGUA
-49,636,-28,AGUA
-49,636,-29,AGUA
-49,636,-22,AGUA
-49,636,-23,AGUA
-54,359,-17,AGUA
-49,636,-24,AGUA
-63,639,-17,AGUA
-49,636,-25,AGUA
-49,636,-20,AGUA
-49,636,-21,AGUA
-54,561,-17,AGUA
-49,636,-17,AGUA
-49,636,-18,AGUA
-61,112,-17,AGUA
-60,308,-17,AGUA
-49,636,-19,AGUA
-58,51,-17,AGUA
-58,2,-17,AGUA
-62,224,-17,AGUA
-58,655,-17,AGUA
-50,437,-32,AGUA
-62,295,-17,AGUA
-52,181,-17,AGUA
-61,361,-17,AGUA
-52,655,-17,AGUA
-64,354,-17,AGUA
-58,98,-17,AGUA
-63,663,-17,AGUA
-51,490,-17,AGUA
-51,217,-17,AGUA
-56,436,-32,AGUA
-62,124,-17,AGUA
-63,73,-17,AGUA
-50,437,-17,AGUA
-51,466,-17,AGUA
-51,199,-17,AGUA
-54,382,-32,AGUA
-61,533,-17,AGUA
-51,128,-17,AGUA
-49,251,-18,AGUA
-49,251,-19,AGUA
-49,251,-17,AGUA
-49,316,-22,AGUA
-59,133,-17,AGUA
-49,316,-21,AGUA
-49,316,-20,AGUA
-49,316,-19,AGUA
-49,316,-18,AGUA
-49,316,-17,AGUA
-60,225,-17,AGUA
-62,550,-17,AGUA
-49,316,-31,AGUA
-49,316,-30,AGUA
-49,316,-29,AGUA
-49,316,-28,AGUA
-49,316,-27,AGUA
-60,432,-32,AGUA
-49,316,-26,AGUA
-49,316,-25,AGUA
-49,316,-24,AGUA
-49,316,-23,AGUA
-58,329,-17,AGUA
-61,668,-17,AGUA
-55,139,-17,AGUA
-49,251,-30,AGUA
-49,251,-31,AGUA
-58,620,-17,AGUA
-60,396,-17,AGUA
-61,496,-17,AGUA
-49,251,-29,AGUA
-60,160,-17,AGUA
-49,251,-27,AGUA
-49,251,-28,AGUA
-49,251,-25,AGUA
-49,251,-26,AGUA
-49,251,-23,AGUA
-49,251,-24,AGUA
-59,211,-17,AGUA
-61,194,-17,AGUA
-49,251,-21,AGUA
-49,62,-31,AGUA
-49,251,-22,AGUA
-49,62,-30,AGUA
-49,251,-20,AGUA
-60,432,-17,AGUA
-55,424,-32,AGUA
-60,332,-17,AGUA
-49,62,-29,AGUA
-49,62,-28,AGUA
-49,62,-27,AGUA
-49,62,-26,AGUA
-49,62,-25,AGUA
-49,62,-24,AGUA
-49,62,-23,AGUA
-49,62,-22,AGUA
-49,62,-21,AGUA
-49,62,-20,AGUA
-55,495,-17,AGUA
-62,259,-17,AGUA
-49,62,-19,AGUA
-49,62,-18,AGUA
-49,62,-17,AGUA
-59,382,-32,AGUA
-50,673,-17,AGUA
-60,147,-17,AGUA
-49,285,-31,AGUA
-53,157,-17,AGUA
-56,673,-17,AGUA
-49,285,-30,AGUA
-64,141,-17,AGUA
-60,634,-17,AGUA
-49,440,-32,AGUA
-49,440,-31,AGUA
-49,440,-30,AGUA
-61,396,-17,AGUA
-49,487,-32,AGUA
-49,487,-31,AGUA
-60,479,-17,AGUA
-50,41,-17,AGUA
-49,487,-30,AGUA
-49,487,-29,AGUA
-52,353,-17,AGUA
-49,487,-28,AGUA
-64,319,-17,AGUA
-53,431,-17,AGUA
-51,590,-17,AGUA
-61,23,-17,AGUA
-61,259,-17,AGUA
-60,568,-17,AGUA
-55,211,-17,AGUA
-51,388,-32,AGUA
-49,285,-18,AGUA
-49,285,-17,AGUA
-49,285,-19,AGUA
-49,285,-21,AGUA
-49,285,-20,AGUA
-49,285,-23,AGUA
-49,285,-22,AGUA
-49,285,-29,AGUA
-54,193,-17,AGUA
-49,285,-28,AGUA
-49,285,-25,AGUA
-49,285,-24,AGUA
-49,285,-27,AGUA
-49,285,-26,AGUA
-51,388,-17,AGUA
-62,663,-17,AGUA
-58,216,-17,AGUA
-62,361,-17,AGUA
-58,387,-17,AGUA
-51,532,-17,AGUA
-53,531,-17,AGUA
-54,293,-17,AGUA
-61,81,-17,AGUA
-51,230,-17,AGUA
-53,431,-32,AGUA
-49,38,-30,AGUA
-49,38,-31,AGUA
-49,38,-27,AGUA
-49,38,-26,AGUA
-49,38,-29,AGUA
-49,38,-28,AGUA
-49,38,-23,AGUA
-49,38,-22,AGUA
-51,519,-17,AGUA
-63,254,-17,AGUA
-49,38,-25,AGUA
-49,38,-24,AGUA
-58,387,-32,AGUA
-49,38,-21,AGUA
-60,521,-17,AGUA
-49,38,-20,AGUA
-50,299,-17,AGUA
-57,625,-17,AGUA
-49,38,-18,AGUA
-49,38,-17,AGUA
-61,283,-17,AGUA
-49,38,-19,AGUA
-56,275,-17,AGUA
-62,176,-17,AGUA
-64,604,-17,AGUA
-49,440,-19,AGUA
-53,359,-17,AGUA
-49,440,-18,AGUA
-49,440,-17,AGUA
-62,461,-17,AGUA
-55,513,-17,AGUA
-49,440,-22,AGUA
-58,116,-17,AGUA
-49,440,-21,AGUA
-49,440,-20,AGUA
-49,340,-30,AGUA
-49,340,-31,AGUA
-58,418,-17,AGUA
-49,440,-29,AGUA
-49,440,-28,AGUA
-49,440,-27,AGUA
-49,440,-26,AGUA
-49,440,-25,AGUA
-49,440,-24,AGUA
-49,440,-23,AGUA
-64,188,-17,AGUA
-58,589,-17,AGUA
-59,109,-17,AGUA
-60,88,-17,AGUA
-49,340,-21,AGUA
-49,340,-20,AGUA
-49,340,-23,AGUA
-49,340,-22,AGUA
-49,340,-25,AGUA
-49,340,-24,AGUA
-57,353,-17,AGUA
-49,340,-27,AGUA
-49,340,-26,AGUA
-49,340,-29,AGUA
-49,340,-28,AGUA
-61,585,-17,AGUA
-58,518,-17,AGUA
-64,288,-17,AGUA
-62,33,-17,AGUA
-61,414,-17,AGUA
-64,117,-17,AGUA
-63,426,-17,AGUA
-57,453,-17,AGUA
-49,340,-18,AGUA
-49,340,-17,AGUA
-59,465,-17,AGUA
-49,340,-19,AGUA
-64,420,-32,AGUA
-57,442,-32,AGUA
-61,314,-17,AGUA
-63,437,-17,AGUA
-52,519,-17,AGUA
-59,565,-17,AGUA
-63,550,-17,AGUA
-64,199,-17,AGUA
-57,329,-17,AGUA
-53,459,-17,AGUA
-64,242,-17,AGUA
-59,430,-32,AGUA
-56,637,-17,AGUA
-60,509,-17,AGUA
-62,45,-17,AGUA
-57,399,-17,AGUA
-49,274,-22,AGUA
-49,274,-23,AGUA
-49,274,-20,AGUA
-49,274,-21,AGUA
-49,274,-26,AGUA
-49,274,-27,AGUA
-59,317,-17,AGUA
-49,274,-24,AGUA
-49,274,-25,AGUA
-49,612,-22,AGUA
-49,612,-23,AGUA
-49,274,-28,AGUA
-49,612,-20,AGUA
-49,274,-29,AGUA
-49,612,-21,AGUA
-49,612,-19,AGUA
-49,612,-17,AGUA
-49,612,-18,AGUA
-60,124,-17,AGUA
-54,111,-17,AGUA
-49,274,-30,AGUA
-49,274,-31,AGUA
-49,612,-30,AGUA
-61,449,-17,AGUA
-62,585,-17,AGUA
-63,15,-17,AGUA
-49,612,-31,AGUA
-49,612,-32,AGUA
-49,612,-26,AGUA
-49,612,-27,AGUA
-49,612,-24,AGUA
-49,612,-25,AGUA
-49,612,-28,AGUA
-61,562,-17,AGUA
-49,612,-29,AGUA
-57,399,-32,AGUA
-49,659,-18,AGUA
-49,659,-19,AGUA
-49,97,-29,AGUA
-49,659,-17,AGUA
-61,645,-17,AGUA
-63,106,-17,AGUA
-49,97,-30,AGUA
-49,97,-31,AGUA
-49,659,-20,AGUA
-49,97,-32,AGUA
-49,659,-29,AGUA
-49,97,-18,AGUA
-49,97,-19,AGUA
-55,382,-32,AGUA
-49,659,-21,AGUA
-49,659,-22,AGUA
-54,667,-17,AGUA
-49,659,-23,AGUA
-49,659,-24,AGUA
-49,659,-25,AGUA
-49,274,-19,AGUA
-49,659,-26,AGUA
-49,659,-27,AGUA
-49,274,-17,AGUA
-49,659,-28,AGUA
-49,274,-18,AGUA
-57,577,-17,AGUA
-49,97,-20,AGUA
-58,364,-17,AGUA
-49,659,-30,AGUA
-49,659,-31,AGUA
-63,302,-17,AGUA
-49,97,-25,AGUA
-49,97,-26,AGUA
-49,97,-27,AGUA
-49,97,-28,AGUA
-56,139,-17,AGUA
-49,97,-21,AGUA
-49,97,-22,AGUA
-49,97,-23,AGUA
-49,97,-24,AGUA
-51,52,-17,AGUA
-63,277,-17,AGUA
-62,450,-17,AGUA
-63,390,-17,AGUA
-62,639,-17,AGUA
-49,97,-17,AGUA
-58,429,-32,AGUA
-53,655,-17,AGUA
-58,429,-17,AGUA
-49,27,-31,AGUA
-61,93,-17,AGUA
-49,27,-30,AGUA
-49,27,-24,AGUA
-49,27,-25,AGUA
-49,27,-22,AGUA
-49,27,-23,AGUA
-49,27,-28,AGUA
-49,27,-29,AGUA
-49,27,-26,AGUA
-62,236,-17,AGUA
-49,27,-27,AGUA
-51,667,-17,AGUA
-64,55,-17,AGUA
-58,643,-17,AGUA
-56,317,-17,AGUA
-49,27,-20,AGUA
-49,27,-21,AGUA
-49,27,-17,AGUA
-49,27,-18,AGUA
-49,27,-19,AGUA
-54,181,-17,AGUA
-49,452,-17,AGUA
-49,452,-18,AGUA
-64,562,-17,AGUA
-58,542,-17,AGUA
-62,337,-17,AGUA
-49,452,-22,AGUA
-54,525,-17,AGUA
-49,452,-23,AGUA
-49,452,-24,AGUA
-49,452,-25,AGUA
-49,452,-26,AGUA
-49,452,-27,AGUA
-49,452,-28,AGUA
-53,407,-17,AGUA
-49,452,-29,AGUA
-49,339,-25,AGUA
-49,339,-24,AGUA
-54,347,-17,AGUA
-49,339,-23,AGUA
-49,339,-22,AGUA
-49,339,-29,AGUA
-49,339,-28,AGUA
-49,339,-27,AGUA
-49,452,-20,AGUA
-60,248,-17,AGUA
-49,339,-26,AGUA
-49,452,-21,AGUA
-55,287,-17,AGUA
-54,61,-17,AGUA
-60,361,-17,AGUA
-49,339,-32,AGUA
-49,339,-31,AGUA
-49,339,-30,AGUA
-49,351,-17,AGUA
-49,452,-19,AGUA
-49,351,-18,AGUA
-49,351,-19,AGUA
-49,339,-19,AGUA
-49,339,-18,AGUA
-49,339,-17,AGUA
-49,452,-30,AGUA
-49,452,-31,AGUA
-49,452,-32,AGUA
-61,325,-17,AGUA
-49,339,-21,AGUA
-49,339,-20,AGUA
-53,407,-32,AGUA
-64,420,-17,AGUA
-49,238,-32,AGUA
-49,238,-31,AGUA
-49,238,-30,AGUA
-64,307,-17,AGUA
-49,351,-31,AGUA
-49,238,-29,AGUA
-49,238,-28,AGUA
-49,238,-27,AGUA
-49,238,-26,AGUA
-49,238,-25,AGUA
-56,459,-17,AGUA
-49,238,-24,AGUA
-49,351,-30,AGUA
-56,71,-17,AGUA
-57,23,-17,AGUA
-49,238,-23,AGUA
-49,238,-22,AGUA
-49,238,-21,AGUA
-49,238,-20,AGUA
-49,351,-20,AGUA
-49,351,-21,AGUA
-49,238,-19,AGUA
-49,351,-22,AGUA
-49,238,-18,AGUA
-49,351,-23,AGUA
-49,238,-17,AGUA
-49,351,-28,AGUA
-58,240,-17,AGUA
-49,351,-29,AGUA
-49,351,-24,AGUA
-49,351,-25,AGUA
-49,351,-26,AGUA
-49,351,-27,AGUA
-58,168,-17,AGUA
-57,93,-17,AGUA
-58,281,-17,AGUA
-63,674,-17,AGUA
-64,14,-17,AGUA
-58,40,-17,AGUA
-51,638,-17,AGUA
-57,205,-17,AGUA
-57,406,-32,AGUA
-52,217,-17,AGUA
-49,173,-28,AGUA
-49,173,-29,AGUA
-64,366,-17,AGUA
-49,173,-26,AGUA
-49,173,-27,AGUA
-49,173,-24,AGUA
-49,173,-25,AGUA
-49,173,-22,AGUA
-49,173,-23,AGUA
-49,173,-20,AGUA
-49,173,-21,AGUA
-53,495,-17,AGUA
-53,223,-17,AGUA
-56,513,-17,AGUA
-62,153,-17,AGUA
-50,117,-17,AGUA
-49,173,-31,AGUA
-63,604,-17,AGUA
-49,173,-30,AGUA
-57,275,-17,AGUA
-54,169,-17,AGUA
-54,413,-32,AGUA
-59,619,-17,AGUA
-61,260,-17,AGUA
-49,173,-19,AGUA
-49,173,-17,AGUA
-49,173,-18,AGUA
-55,175,-17,AGUA
-49,103,-27,AGUA
-49,103,-28,AGUA
-49,103,-29,AGUA
-61,147,-17,AGUA
-49,103,-30,AGUA
-49,103,-31,AGUA
-49,103,-32,AGUA
-49,103,-17,AGUA
-54,483,-17,AGUA
-49,103,-18,AGUA
-49,103,-19,AGUA
-49,103,-23,AGUA
-49,103,-24,AGUA
-49,103,-25,AGUA
-49,103,-26,AGUA
-49,103,-20,AGUA
-49,103,-21,AGUA
-49,103,-22,AGUA
-54,413,-17,AGUA
-60,53,-17,AGUA
-60,183,-17,AGUA
-62,515,-17,AGUA
-55,661,-17,AGUA
-63,473,-17,AGUA
-62,213,-17,AGUA
-51,253,-17,AGUA
-58,666,-17,AGUA
-51,555,-17,AGUA
-62,414,-17,AGUA
-62,112,-17,AGUA
-50,549,-17,AGUA
-63,176,-17,AGUA
-54,401,-32,AGUA
-58,465,-17,AGUA
-64,526,-17,AGUA
-51,152,-17,AGUA
-56,353,-17,AGUA
-50,561,-17,AGUA
-57,661,-17,AGUA
-63,218,-17,AGUA
-49,535,-32,AGUA
-49,535,-31,AGUA
-49,535,-30,AGUA
-55,436,-32,AGUA
-49,535,-29,AGUA
-49,535,-28,AGUA
-49,535,-27,AGUA
-49,535,-26,AGUA
-49,535,-25,AGUA
-49,535,-24,AGUA
-61,46,-17,AGUA
-49,535,-23,AGUA
-49,535,-22,AGUA
-49,535,-21,AGUA
-49,535,-20,AGUA
-63,62,-17,AGUA
-55,335,-17,AGUA
-49,535,-19,AGUA
-49,535,-18,AGUA
-49,535,-17,AGUA
-62,283,-17,AGUA
-60,444,-17,AGUA
-50,105,-17,AGUA
-61,521,-17,AGUA
-55,31,-17,AGUA
-60,444,-32,AGUA
-55,89,-17,AGUA
-57,465,-17,AGUA
-51,626,-17,AGUA
-63,503,-17,AGUA
-59,429,-32,AGUA
-53,193,-17,AGUA
-63,325,-17,AGUA
-53,371,-17,AGUA
-64,265,-17,AGUA
-57,376,-32,AGUA
-52,407,-17,AGUA
-53,347,-17,AGUA
-49,297,-32,AGUA
-49,297,-30,AGUA
-49,297,-31,AGUA
-62,188,-17,AGUA
-59,15,-17,AGUA
-52,388,-32,AGUA
-63,414,-17,AGUA
-59,453,-17,AGUA
-49,297,-21,AGUA
-49,297,-22,AGUA
-49,297,-20,AGUA
-49,297,-29,AGUA
-52,407,-32,AGUA
-61,426,-17,AGUA
-49,297,-27,AGUA
-49,297,-28,AGUA
-49,297,-25,AGUA
-49,297,-26,AGUA
-49,297,-23,AGUA
-49,297,-24,AGUA
-49,500,-31,AGUA
-49,500,-32,AGUA
-49,500,-30,AGUA
-50,489,-17,AGUA
-49,411,-32,AGUA
-49,411,-31,AGUA
-49,411,-30,AGUA
-49,475,-17,AGUA
-54,223,-17,AGUA
-49,411,-29,AGUA
-49,411,-28,AGUA
-49,386,-18,AGUA
-49,411,-27,AGUA
-49,386,-17,AGUA
-49,500,-28,AGUA
-49,500,-29,AGUA
-60,556,-17,AGUA
-49,500,-26,AGUA
-49,500,-27,AGUA
-56,595,-17,AGUA
-60,491,-17,AGUA
-49,411,-26,AGUA
-49,411,-25,AGUA
-49,386,-19,AGUA
-49,411,-24,AGUA
-49,411,-23,AGUA
-49,411,-22,AGUA
-49,411,-21,AGUA
-60,101,-17,AGUA
-49,411,-20,AGUA
-49,386,-23,AGUA
-49,386,-22,AGUA
-49,386,-25,AGUA
-49,386,-24,AGUA
-49,386,-27,AGUA
-49,411,-19,AGUA
-49,386,-26,AGUA
-49,411,-18,AGUA
-49,386,-29,AGUA
-49,411,-17,AGUA
-49,386,-28,AGUA
-62,68,-17,AGUA
-49,386,-21,AGUA
-49,386,-20,AGUA
-61,337,-17,AGUA
-49,475,-29,AGUA
-49,475,-32,AGUA
-49,475,-30,AGUA
-49,475,-31,AGUA
-49,386,-30,AGUA
-61,450,-17,AGUA
-49,386,-32,AGUA
-49,386,-31,AGUA
-49,500,-20,AGUA
-59,429,-17,AGUA
-49,500,-21,AGUA
-60,580,-17,AGUA
-49,500,-24,AGUA
-49,500,-25,AGUA
-49,500,-22,AGUA
-49,500,-23,AGUA
-60,467,-17,AGUA
-49,475,-18,AGUA
-49,475,-19,AGUA
-49,475,-25,AGUA
-49,475,-26,AGUA
-49,475,-27,AGUA
-49,475,-28,AGUA
-49,475,-21,AGUA
-49,475,-22,AGUA
-49,475,-23,AGUA
-49,475,-24,AGUA
-49,500,-17,AGUA
-49,500,-18,AGUA
-49,475,-20,AGUA
-49,500,-19,AGUA
-51,87,-17,AGUA
-62,302,-17,AGUA
-58,577,-17,AGUA
-63,242,-17,AGUA
-62,538,-17,AGUA
-62,473,-17,AGUA
-50,603,-17,AGUA
-58,399,-17,AGUA
-52,111,-17,AGUA
-50,425,-17,AGUA
-62,651,-17,AGUA
-58,104,-17,AGUA
-63,129,-17,AGUA
-51,365,-17,AGUA
-58,406,-17,AGUA
-58,341,-17,AGUA
-49,647,-32,AGUA
-49,647,-31,AGUA
-49,647,-30,AGUA
-49,647,-29,AGUA
-49,647,-28,AGUA
-49,647,-27,AGUA
-49,647,-26,AGUA
-49,647,-25,AGUA
-49,647,-24,AGUA
-50,425,-32,AGUA
-49,647,-23,AGUA
-49,647,-22,AGUA
-63,38,-17,AGUA
-49,150,-29,AGUA
-49,150,-27,AGUA
-49,150,-28,AGUA
-52,45,-17,AGUA
-49,150,-21,AGUA
-49,150,-22,AGUA
-49,150,-20,AGUA
-49,150,-25,AGUA
-49,150,-26,AGUA
-62,92,-17,AGUA
-49,150,-23,AGUA
-49,150,-24,AGUA
-50,187,-17,AGUA
-49,150,-32,AGUA
-49,150,-30,AGUA
-50,29,-17,AGUA
-49,150,-31,AGUA
-58,228,-17,AGUA
-61,124,-17,AGUA
-56,401,-32,AGUA
-59,281,-17,AGUA
-53,169,-17,AGUA
-51,93,-17,AGUA
-53,111,-17,AGUA
-57,637,-17,AGUA
-64,478,-17,AGUA
-49,150,-18,AGUA
-49,150,-19,AGUA
-49,150,-17,AGUA
-58,399,-32,AGUA
-56,401,-17,AGUA
-57,341,-17,AGUA
-57,163,-17,AGUA
-63,585,-17,AGUA
-64,389,-17,AGUA
-63,496,-17,AGUA
-57,139,-17,AGUA
-61,302,-17,AGUA
-60,295,-17,AGUA
-58,39,-17,AGUA
-59,577,-17,AGUA
-58,145,-17,AGUA
-63,538,-17,AGUA
-60,76,-17,AGUA
-52,667,-17,AGUA
-63,651,-17,AGUA
-61,597,-17,AGUA
-60,29,-17,AGUA
-49,215,-28,AGUA
-49,126,-26,AGUA
-49,582,-18,AGUA
-49,215,-27,AGUA
-49,126,-27,AGUA
-49,582,-17,AGUA
-49,126,-28,AGUA
-49,215,-26,AGUA
-49,126,-29,AGUA
-49,215,-25,AGUA
-49,582,-19,AGUA
-49,215,-29,AGUA
-49,558,-22,AGUA
-49,558,-21,AGUA
-49,558,-20,AGUA
-55,459,-17,AGUA
-49,671,-20,AGUA
-49,558,-19,AGUA
-49,558,-18,AGUA
-49,671,-22,AGUA
-49,558,-17,AGUA
-49,671,-21,AGUA
-49,671,-24,AGUA
-49,215,-31,AGUA
-49,671,-23,AGUA
-49,215,-30,AGUA
-49,126,-30,AGUA
-49,671,-26,AGUA
-49,126,-31,AGUA
-49,671,-25,AGUA
-49,126,-32,AGUA
-49,671,-28,AGUA
-49,671,-27,AGUA
-61,171,-17,AGUA
-49,671,-29,AGUA
-49,582,-29,AGUA
-49,215,-17,AGUA
-49,582,-28,AGUA
-49,582,-25,AGUA
-49,582,-24,AGUA
-49,582,-27,AGUA
-49,215,-19,AGUA
-49,582,-26,AGUA
-49,215,-18,AGUA
-49,582,-21,AGUA
-49,582,-20,AGUA
-49,582,-23,AGUA
-49,582,-22,AGUA
-49,558,-32,AGUA
-49,558,-31,AGUA
-49,558,-30,AGUA
-50,253,-17,AGUA
-60,320,-17,AGUA
-49,558,-26,AGUA
-49,558,-25,AGUA
-49,558,-24,AGUA
-49,558,-23,AGUA
-49,671,-31,AGUA
-49,558,-29,AGUA
-49,671,-30,AGUA
-49,558,-28,AGUA
-49,558,-27,AGUA
-49,671,-32,AGUA
-49,215,-20,AGUA
-49,215,-24,AGUA
-53,543,-17,AGUA
-49,215,-23,AGUA
-49,215,-22,AGUA
-49,215,-21,AGUA
-51,407,-32,AGUA
-51,187,-17,AGUA
-51,431,-32,AGUA
-49,582,-31,AGUA
-49,582,-30,AGUA
-50,229,-17,AGUA
-59,3,-17,AGUA
-53,519,-17,AGUA
-49,671,-17,AGUA
-49,671,-19,AGUA
-49,671,-18,AGUA
-51,318,-17,AGUA
-51,431,-17,AGUA
-51,105,-17,AGUA
-63,153,-17,AGUA
-54,394,-32,AGUA
-63,9,-17,AGUA
-51,489,-17,AGUA
-60,7,-17,AGUA
-51,276,-17,AGUA
-64,78,-17,AGUA
-62,260,-17,AGUA
-54,436,-32,AGUA
-61,69,-17,AGUA
-58,619,-17,AGUA
-52,193,-17,AGUA
-49,126,-17,AGUA
-61,11,-17,AGUA
-49,126,-18,AGUA
-49,126,-19,AGUA
-63,85,-17,AGUA
-62,147,-17,AGUA
-49,126,-20,AGUA
-49,126,-21,AGUA
-49,126,-22,AGUA
-49,126,-23,AGUA
-49,126,-24,AGUA
-49,126,-25,AGUA
-56,376,-32,AGUA
-49,428,-29,AGUA
-49,428,-27,AGUA
-49,428,-28,AGUA
-49,428,-25,AGUA
-55,483,-17,AGUA
-49,428,-26,AGUA
-49,428,-23,AGUA
-49,428,-24,AGUA
-61,384,-17,AGUA
-49,428,-21,AGUA
-49,428,-22,AGUA
-49,428,-30,AGUA
-49,428,-31,AGUA
-49,297,-18,AGUA
-49,297,-19,AGUA
-49,297,-17,AGUA
-50,53,-17,AGUA
-64,503,-17,AGUA
-60,622,-17,AGUA
-49,428,-32,AGUA
-58,63,-17,AGUA
-64,218,-17,AGUA
-61,213,-17,AGUA
-58,430,-17,AGUA
-49,599,-30,AGUA
-58,317,-17,AGUA
-49,599,-32,AGUA
-49,599,-31,AGUA
-64,674,-17,AGUA
-49,599,-27,AGUA
-49,599,-26,AGUA
-49,599,-29,AGUA
-49,599,-28,AGUA
-64,389,-32,AGUA
-63,627,-17,AGUA
-49,428,-18,AGUA
-49,428,-19,AGUA
-62,449,-17,AGUA
-49,599,-23,AGUA
-49,599,-22,AGUA
-49,428,-17,AGUA
-49,599,-25,AGUA
-56,205,-17,AGUA
-49,599,-24,AGUA
-58,488,-17,AGUA
-49,599,-21,AGUA
-49,599,-20,AGUA
-49,428,-20,AGUA
-49,599,-19,AGUA
-62,562,-17,AGUA
-49,599,-18,AGUA
-49,599,-17,AGUA
-54,585,-17,AGUA
-61,83,-17,AGUA
-61,403,-17,AGUA
-63,348,-17,AGUA
-64,49,-17,AGUA
-61,644,-17,AGUA
-52,446,-32,AGUA
-56,289,-17,AGUA
-56,395,-32,AGUA
-60,596,-17,AGUA
-63,107,-17,AGUA
-63,213,-17,AGUA
-53,161,-17,AGUA
-63,301,-17,AGUA
-51,398,-17,AGUA
-61,403,-32,AGUA
-57,337,-17,AGUA
-60,355,-17,AGUA
-49,604,-20,AGUA
-49,604,-19,AGUA
-49,604,-18,AGUA
-51,351,-17,AGUA
-49,604,-17,AGUA
-55,633,-17,AGUA
-50,219,-17,AGUA
-51,39,-17,AGUA
-63,630,-17,AGUA
-62,253,-17,AGUA
-55,527,-17,AGUA
-61,538,-17,AGUA
-56,395,-17,AGUA
-63,366,-17,AGUA
-64,549,-17,AGUA
-49,271,-17,AGUA
-49,271,-18,AGUA
-49,271,-19,AGUA
-59,411,-17,AGUA
-54,432,-32,AGUA
-62,604,-17,AGUA
-55,410,-32,AGUA
-59,253,-17,AGUA
-60,249,-17,AGUA
-52,599,-17,AGUA
-49,42,-17,AGUA
-57,443,-17,AGUA
-49,271,-30,AGUA
-59,411,-32,AGUA
-49,271,-31,AGUA
-49,604,-32,AGUA
-64,308,-17,AGUA
-49,42,-20,AGUA
-49,604,-31,AGUA
-49,604,-30,AGUA
-49,42,-26,AGUA
-49,42,-25,AGUA
-49,42,-28,AGUA
-49,42,-27,AGUA
-49,42,-22,AGUA
-49,42,-21,AGUA
-49,42,-24,AGUA
-49,42,-23,AGUA
-49,271,-27,AGUA
-49,271,-28,AGUA
-49,604,-29,AGUA
-49,271,-29,AGUA
-49,42,-19,AGUA
-49,42,-18,AGUA
-55,21,-17,AGUA
-49,604,-22,AGUA
-49,271,-20,AGUA
-49,604,-21,AGUA
-49,604,-24,AGUA
-49,271,-21,AGUA
-49,604,-23,AGUA
-49,271,-22,AGUA
-49,271,-23,AGUA
-49,604,-26,AGUA
-58,169,-17,AGUA
-49,271,-24,AGUA
-49,604,-25,AGUA
-49,604,-28,AGUA
-49,271,-25,AGUA
-49,604,-27,AGUA
-49,271,-26,AGUA
-49,446,-32,AGUA
-59,147,-17,AGUA
-49,42,-31,AGUA
-49,42,-30,AGUA
-57,443,-32,AGUA
-49,446,-30,AGUA
-49,446,-31,AGUA
-52,135,-17,AGUA
-57,601,-17,AGUA
-60,132,-17,AGUA
-49,42,-29,AGUA
-63,23,-17,AGUA
-49,446,-29,AGUA
-49,165,-17,AGUA
-51,3,-17,AGUA
-49,165,-19,AGUA
-49,165,-18,AGUA
-49,446,-25,AGUA
-49,446,-26,AGUA
-49,446,-27,AGUA
-49,446,-28,AGUA
-62,100,-17,AGUA
-64,414,-17,AGUA
-49,165,-20,AGUA
-49,165,-22,AGUA
-49,165,-21,AGUA
-49,165,-28,AGUA
-49,165,-27,AGUA
-49,165,-29,AGUA
-49,165,-24,AGUA
-49,165,-23,AGUA
-49,165,-26,AGUA
-58,608,-17,AGUA
-49,165,-25,AGUA
-63,191,-17,AGUA
-62,44,-17,AGUA
-59,305,-17,AGUA
-63,5,-17,AGUA
-54,103,-17,AGUA
-64,414,-32,AGUA
-62,165,-17,AGUA
-56,359,-17,AGUA
-49,494,-17,AGUA
-49,494,-18,AGUA
-49,494,-19,AGUA
-53,81,-17,AGUA
-61,608,-17,AGUA
-55,563,-17,AGUA
-49,117,-21,AGUA
-49,117,-20,AGUA
-49,117,-23,AGUA
-49,117,-22,AGUA
-49,494,-24,AGUA
-49,494,-25,AGUA
-49,494,-26,AGUA
-49,494,-27,AGUA
-49,494,-28,AGUA
-49,494,-29,AGUA
-49,494,-20,AGUA
-49,117,-18,AGUA
-49,494,-21,AGUA
-49,117,-17,AGUA
-49,494,-22,AGUA
-49,494,-23,AGUA
-49,117,-19,AGUA
-49,117,-30,AGUA
-49,117,-31,AGUA
-59,97,-17,AGUA
-60,618,-17,AGUA
-61,47,-17,AGUA
-49,117,-25,AGUA
-49,117,-24,AGUA
-49,117,-27,AGUA
-49,117,-26,AGUA
-49,494,-30,AGUA
-49,117,-29,AGUA
-49,494,-31,AGUA
-49,117,-28,AGUA
-49,494,-32,AGUA
-50,149,-17,AGUA
-49,165,-31,AGUA
-49,165,-30,AGUA
-49,165,-32,AGUA
-58,71,-17,AGUA
-56,83,-17,AGUA
-53,125,-17,AGUA
-49,446,-21,AGUA
-49,446,-22,AGUA
-63,143,-17,AGUA
-49,446,-23,AGUA
-49,446,-24,AGUA
-49,446,-20,AGUA
-57,373,-17,AGUA
-51,468,-17,AGUA
-49,446,-18,AGUA
-49,446,-19,AGUA
-49,446,-17,AGUA
-58,363,-17,AGUA
-58,421,-32,AGUA
-57,7,-17,AGUA
-57,407,-17,AGUA
-53,45,-17,AGUA
-60,513,-17,AGUA
-51,139,-17,AGUA
-56,611,-17,AGUA
-56,29,-17,AGUA
-57,407,-32,AGUA
-58,209,-17,AGUA
-61,275,-17,AGUA
-60,68,-17,AGUA
-51,614,-17,AGUA
-58,421,-17,AGUA
-63,418,-17,AGUA
-56,553,-17,AGUA
-59,183,-17,AGUA
-64,550,-17,AGUA
-62,80,-17,AGUA
-52,376,-32,AGUA
-61,333,-17,AGUA
-64,655,-17,AGUA
-60,21,-17,AGUA
-63,490,-17,AGUA
-60,202,-17,AGUA
-58,210,-17,AGUA
-62,582,-17,AGUA
-63,560,-17,AGUA
-60,443,-17,AGUA
-49,534,-31,AGUA
-49,534,-30,AGUA
-49,534,-32,AGUA
-49,534,-26,AGUA
-49,534,-25,AGUA
-49,534,-28,AGUA
-49,534,-27,AGUA
-49,534,-29,AGUA
-59,79,-17,AGUA
-49,89,-18,AGUA
-59,67,-17,AGUA
-49,89,-17,AGUA
-49,534,-20,AGUA
-61,263,-17,AGUA
-49,534,-22,AGUA
-59,217,-17,AGUA
-49,534,-21,AGUA
-49,534,-24,AGUA
-49,534,-23,AGUA
-49,89,-19,AGUA
-49,89,-21,AGUA
-49,89,-20,AGUA
-49,534,-17,AGUA
-61,592,-17,AGUA
-49,89,-25,AGUA
-49,534,-19,AGUA
-49,89,-24,AGUA
-49,534,-18,AGUA
-49,89,-23,AGUA
-49,89,-22,AGUA
-49,376,-20,AGUA
-49,376,-25,AGUA
-49,376,-26,AGUA
-58,538,-17,AGUA
-49,376,-27,AGUA
-49,376,-28,AGUA
-49,376,-21,AGUA
-49,235,-17,AGUA
-49,376,-22,AGUA
-49,376,-23,AGUA
-49,235,-19,AGUA
-49,376,-24,AGUA
-49,235,-18,AGUA
-49,235,-24,AGUA
-60,285,-17,AGUA
-49,235,-23,AGUA
-49,235,-26,AGUA
-51,40,-17,AGUA
-60,443,-32,AGUA
-49,235,-25,AGUA
-49,235,-20,AGUA
-49,376,-18,AGUA
-49,376,-19,AGUA
-49,235,-22,AGUA
-49,235,-21,AGUA
-62,640,-17,AGUA
-49,376,-30,AGUA
-49,376,-31,AGUA
-58,468,-17,AGUA
-49,235,-28,AGUA
-49,376,-32,AGUA
-49,235,-27,AGUA
-49,235,-29,AGUA
-49,376,-29,AGUA
-49,235,-31,AGUA
-49,235,-30,AGUA
-49,235,-32,AGUA
-64,238,-17,AGUA
-51,398,-32,AGUA
-62,0,-17,AGUA
-49,376,-17,AGUA
-58,122,-17,AGUA
-51,526,-17,AGUA
-50,31,-17,AGUA
-49,89,-29,AGUA
-49,89,-28,AGUA
-49,89,-27,AGUA
-50,361,-17,AGUA
-60,501,-17,AGUA
-49,89,-26,AGUA
-49,89,-31,AGUA
-49,89,-30,AGUA
-62,428,-17,AGUA
-51,281,-17,AGUA
-49,153,-31,AGUA
-49,153,-32,AGUA
-59,669,-17,AGUA
-56,541,-17,AGUA
-57,279,-17,AGUA
-49,153,-30,AGUA
-56,95,-17,AGUA
-56,517,-17,AGUA
-49,153,-20,AGUA
-49,153,-21,AGUA
-49,153,-22,AGUA
-49,153,-23,AGUA
-50,443,-17,AGUA
-49,153,-28,AGUA
-49,129,-25,AGUA
-49,153,-29,AGUA
-49,129,-26,AGUA
-49,129,-23,AGUA
-49,129,-24,AGUA
-49,129,-29,AGUA
-49,153,-24,AGUA
-49,153,-25,AGUA
-49,129,-27,AGUA
-49,153,-26,AGUA
-49,153,-27,AGUA
-49,129,-28,AGUA
-49,129,-32,AGUA
-49,129,-30,AGUA
-49,129,-31,AGUA
-49,153,-17,AGUA
-61,451,-17,AGUA
-49,153,-18,AGUA
-49,153,-19,AGUA
-52,253,-17,AGUA
-55,575,-17,AGUA
-58,327,-17,AGUA
-60,325,-17,AGUA
-62,311,-17,AGUA
-56,347,-17,AGUA
-61,498,-17,AGUA
-55,493,-17,AGUA
-51,562,-17,AGUA
-49,570,-18,AGUA
-49,570,-19,AGUA
-64,426,-17,AGUA
-53,489,-17,AGUA
-49,570,-17,AGUA
-63,261,-17,AGUA
-55,422,-32,AGUA
-49,129,-18,AGUA
-49,129,-19,AGUA
-49,129,-17,AGUA
-49,129,-21,AGUA
-49,129,-22,AGUA
-55,469,-17,AGUA
-49,129,-20,AGUA
-58,433,-32,AGUA
-52,147,-17,AGUA
-59,446,-32,AGUA
-63,71,-17,AGUA
-62,135,-17,AGUA
-51,456,-17,AGUA
-58,157,-17,AGUA
-50,443,-32,AGUA
-50,291,-17,AGUA
-52,657,-17,AGUA
-49,90,-21,AGUA
-49,90,-20,AGUA
-49,90,-23,AGUA
-49,90,-22,AGUA
-49,90,-25,AGUA
-49,90,-24,AGUA
-49,90,-27,AGUA
-49,90,-26,AGUA
-49,90,-29,AGUA
-49,90,-28,AGUA
-58,433,-17,AGUA
-50,267,-17,AGUA
-49,90,-30,AGUA
-49,90,-31,AGUA
-54,77,-17,AGUA
-62,616,-17,AGUA
-56,400,-32,AGUA
-54,661,-17,AGUA
-63,378,-17,AGUA
-53,33,-17,AGUA
-50,337,-17,AGUA
-55,645,-17,AGUA
-62,546,-17,AGUA
-59,195,-17,AGUA
-50,43,-17,AGUA
-54,374,-32,AGUA
-49,223,-24,AGUA
-49,223,-25,AGUA
-58,398,-17,AGUA
-49,223,-26,AGUA
-49,223,-27,AGUA
-49,223,-20,AGUA
-49,223,-21,AGUA
-57,385,-17,AGUA
-49,223,-22,AGUA
-49,223,-23,AGUA
-60,56,-17,AGUA
-51,538,-17,AGUA
-56,623,-17,AGUA
-51,386,-17,AGUA
-49,223,-17,AGUA
-49,223,-18,AGUA
-49,223,-19,AGUA
-50,373,-17,AGUA
-49,546,-19,AGUA
-49,546,-17,AGUA
-49,546,-18,AGUA
-56,471,-17,AGUA
-62,652,-17,AGUA
-64,579,-17,AGUA
-61,381,-32,AGUA
-59,205,-17,AGUA
-49,546,-22,AGUA
-49,546,-23,AGUA
-49,546,-20,AGUA
-49,546,-21,AGUA
-49,546,-26,AGUA
-49,546,-27,AGUA
-51,386,-32,AGUA
-49,546,-24,AGUA
-49,546,-25,AGUA
-49,546,-28,AGUA
-49,546,-29,AGUA
-52,183,-17,AGUA
-64,19,-17,AGUA
-57,385,-32,AGUA
-54,597,-17,AGUA
-49,546,-30,AGUA
-64,356,-17,AGUA
-49,546,-31,AGUA
-61,568,-17,AGUA
-49,223,-31,AGUA
-49,223,-32,AGUA
-63,665,-17,AGUA
-49,223,-30,AGUA
-51,315,-17,AGUA
-49,90,-18,AGUA
-49,90,-17,AGUA
-49,90,-19,AGUA
-49,223,-28,AGUA
-49,223,-29,AGUA
-51,492,-17,AGUA
-58,257,-17,AGUA
-63,313,-17,AGUA
-60,666,-17,AGUA
-51,421,-17,AGUA
-56,59,-17,AGUA
-49,416,-30,AGUA
-49,416,-32,AGUA
-49,416,-31,AGUA
-49,640,-17,AGUA
-49,416,-27,AGUA
-49,416,-26,AGUA
-49,416,-29,AGUA
-49,416,-28,AGUA
-49,416,-23,AGUA
-49,416,-22,AGUA
-49,416,-25,AGUA
-49,416,-24,AGUA
-49,416,-21,AGUA
-51,421,-32,AGUA
-49,640,-20,AGUA
-49,416,-20,AGUA
-49,640,-25,AGUA
-49,640,-26,AGUA
-49,640,-27,AGUA
-53,93,-17,AGUA
-49,640,-28,AGUA
-55,515,-17,AGUA
-49,640,-21,AGUA
-49,640,-22,AGUA
-49,640,-23,AGUA
-59,135,-17,AGUA
-49,640,-24,AGUA
-53,529,-17,AGUA
-49,640,-18,AGUA
-49,640,-19,AGUA
-49,416,-19,AGUA
-49,416,-18,AGUA
-49,416,-17,AGUA
-61,381,-17,AGUA
-49,640,-30,AGUA
-49,640,-31,AGUA
-49,616,-31,AGUA
-49,640,-32,AGUA
-49,640,-29,AGUA
-61,110,-17,AGUA
-59,335,-17,AGUA
-56,447,-32,AGUA
-56,277,-17,AGUA
-56,447,-17,AGUA
-58,170,-17,AGUA
-63,58,-17,AGUA
-54,467,-17,AGUA
-49,616,-19,AGUA
-49,616,-17,AGUA
-49,616,-18,AGUA
-58,644,-17,AGUA
-53,231,-17,AGUA
-58,23,-17,AGUA
-63,11,-17,AGUA
-49,616,-28,AGUA
-49,616,-29,AGUA
-49,616,-22,AGUA
-63,524,-17,AGUA
-49,616,-23,AGUA
-49,616,-20,AGUA
-49,616,-21,AGUA
-49,616,-26,AGUA
-49,616,-27,AGUA
-49,616,-24,AGUA
-49,616,-25,AGUA
-49,616,-30,AGUA
-64,286,-17,AGUA
-49,283,-27,AGUA
-49,283,-26,AGUA
-49,283,-29,AGUA
-63,595,-17,AGUA
-49,283,-28,AGUA
-49,283,-21,AGUA
-49,283,-20,AGUA
-49,283,-23,AGUA
-49,283,-22,AGUA
-61,170,-17,AGUA
-49,283,-25,AGUA
-49,283,-24,AGUA
-51,245,-17,AGUA
-53,589,-17,AGUA
-50,313,-17,AGUA
-56,477,-17,AGUA
-57,455,-17,AGUA
-52,223,-17,AGUA
-49,283,-18,AGUA
-54,420,-32,AGUA
-49,283,-17,AGUA
-49,283,-19,AGUA
-55,399,-32,AGUA
-61,227,-17,AGUA
-62,205,-17,AGUA
-59,265,-17,AGUA
-57,525,-17,AGUA
-49,570,-29,AGUA
-51,75,-17,AGUA
-49,570,-25,AGUA
-49,570,-26,AGUA
-53,659,-17,AGUA
-49,570,-27,AGUA
-49,570,-28,AGUA
-49,570,-21,AGUA
-49,570,-22,AGUA
-49,570,-23,AGUA
-49,570,-24,AGUA
-49,570,-20,AGUA
-55,111,-17,AGUA
-61,157,-17,AGUA
-49,570,-32,AGUA
-49,570,-30,AGUA
-49,570,-31,AGUA
-60,108,-17,AGUA
-63,454,-17,AGUA
-58,574,-17,AGUA
-62,476,-17,AGUA
-51,104,-17,AGUA
-55,299,-17,AGUA
-50,413,-17,AGUA
-50,197,-17,AGUA
-51,175,-17,AGUA
-52,123,-17,AGUA
-64,145,-17,AGUA
-58,503,-17,AGUA
-58,287,-17,AGUA
-54,637,-17,AGUA
-50,413,-32,AGUA
-60,179,-17,AGUA
-49,283,-30,AGUA
-49,283,-31,AGUA
-54,537,-17,AGUA
-53,301,-17,AGUA
-64,619,-17,AGUA
-55,399,-17,AGUA
-57,325,-17,AGUA
-64,73,-17,AGUA
-62,416,-17,AGUA
-58,222,-17,AGUA
-52,195,-17,AGUA
-62,335,-17,AGUA
-58,83,-17,AGUA
-63,178,-17,AGUA
-49,105,-17,AGUA
-49,105,-18,AGUA
-49,105,-19,AGUA
-49,105,-20,AGUA
-49,105,-21,AGUA
-49,105,-22,AGUA
-49,105,-23,AGUA
-49,105,-24,AGUA
-51,433,-17,AGUA
-50,3,-17,AGUA
-51,649,-17,AGUA
-49,105,-25,AGUA
-49,105,-26,AGUA
-49,105,-27,AGUA
-49,105,-28,AGUA
-49,105,-29,AGUA
-49,130,-30,AGUA
-49,105,-30,AGUA
-49,130,-31,AGUA
-49,105,-31,AGUA
-49,105,-32,AGUA
-58,632,-17,AGUA
-60,33,-17,AGUA
-63,284,-17,AGUA
-55,551,-17,AGUA
-58,598,-17,AGUA
-49,130,-20,AGUA
-49,130,-21,AGUA
-49,130,-22,AGUA
-49,130,-23,AGUA
-49,130,-24,AGUA
-49,130,-25,AGUA
-49,130,-26,AGUA
-49,130,-27,AGUA
-49,130,-28,AGUA
-49,130,-29,AGUA
-51,602,-17,AGUA
-49,258,-27,AGUA
-49,353,-19,AGUA
-49,258,-26,AGUA
-49,258,-29,AGUA
-49,258,-28,AGUA
-51,408,-17,AGUA
-62,522,-17,AGUA
-49,353,-20,AGUA
-49,353,-21,AGUA
-49,353,-22,AGUA
-49,258,-30,AGUA
-49,353,-23,AGUA
-62,229,-17,AGUA
-49,353,-24,AGUA
-49,258,-32,AGUA
-49,353,-25,AGUA
-49,130,-17,AGUA
-49,258,-31,AGUA
-49,353,-26,AGUA
-49,130,-18,AGUA
-49,353,-27,AGUA
-49,130,-19,AGUA
-58,375,-32,AGUA
-49,353,-28,AGUA
-49,353,-29,AGUA
-49,258,-18,AGUA
-54,29,-17,AGUA
-49,258,-17,AGUA
-49,258,-19,AGUA
-60,525,-17,AGUA
-50,385,-32,AGUA
-51,408,-32,AGUA
-61,287,-17,AGUA
-49,353,-30,AGUA
-49,353,-31,AGUA
-49,353,-32,AGUA
-49,258,-21,AGUA
-49,258,-20,AGUA
-49,258,-23,AGUA
-49,258,-22,AGUA
-49,258,-25,AGUA
-49,258,-24,AGUA
-57,613,-17,AGUA
-58,375,-17,AGUA
-57,361,-17,AGUA
-49,569,-21,AGUA
-49,569,-22,AGUA
-49,569,-20,AGUA
-50,385,-17,AGUA
-51,63,-17,AGUA
-49,569,-18,AGUA
-49,569,-19,AGUA
-49,569,-17,AGUA
-61,12,-17,AGUA
-62,558,-17,AGUA
-49,353,-17,AGUA
-49,353,-18,AGUA
-64,226,-17,AGUA
-64,298,-17,AGUA
-49,569,-32,AGUA
-49,569,-30,AGUA
-49,569,-31,AGUA
-49,569,-29,AGUA
-49,569,-27,AGUA
-49,569,-28,AGUA
-49,569,-25,AGUA
-49,569,-26,AGUA
-49,569,-23,AGUA
-49,569,-24,AGUA
-60,419,-32,AGUA
-64,537,-17,AGUA
-54,419,-17,AGUA
-53,313,-17,AGUA
-54,419,-32,AGUA
-49,200,-18,AGUA
-49,200,-19,AGUA
-49,200,-21,AGUA
-49,200,-22,AGUA
-49,200,-23,AGUA
-49,200,-24,AGUA
-49,200,-25,AGUA
-49,200,-26,AGUA
-49,200,-27,AGUA
-49,200,-28,AGUA
-60,455,-17,AGUA
-49,200,-20,AGUA
-51,338,-17,AGUA
-60,419,-17,AGUA
-58,11,-17,AGUA
-49,200,-17,AGUA
-56,101,-17,AGUA
-63,536,-17,AGUA
-58,134,-17,AGUA
-49,77,-30,AGUA
-49,77,-31,AGUA
-62,265,-17,AGUA
-49,77,-29,AGUA
-49,77,-27,AGUA
-49,77,-28,AGUA
-50,401,-17,AGUA
-61,145,-17,AGUA
-49,77,-21,AGUA
-49,77,-22,AGUA
-49,77,-20,AGUA
-49,77,-25,AGUA
-49,77,-26,AGUA
-49,77,-23,AGUA
-49,77,-24,AGUA
-62,488,-17,AGUA
-56,565,-17,AGUA
-52,609,-17,AGUA
-61,503,-17,AGUA
-61,368,-17,AGUA
-49,77,-18,AGUA
-49,77,-19,AGUA
-59,55,-17,AGUA
-49,77,-17,AGUA
-51,163,-17,AGUA
-58,562,-17,AGUA
-57,291,-17,AGUA
-51,586,-17,AGUA
-60,606,-17,AGUA
-55,123,-17,AGUA
-61,474,-17,AGUA
-49,664,-25,AGUA
-49,664,-26,AGUA
-49,664,-23,AGUA
-49,664,-24,AGUA
-49,664,-21,AGUA
-49,188,-30,AGUA
-49,664,-22,AGUA
-49,188,-32,AGUA
-61,438,-17,AGUA
-49,664,-20,AGUA
-49,188,-31,AGUA
-49,664,-18,AGUA
-49,664,-19,AGUA
-49,664,-17,AGUA
-49,423,-17,AGUA
-49,423,-18,AGUA
-56,383,-32,AGUA
-49,423,-19,AGUA
-58,668,-17,AGUA
-49,423,-20,AGUA
-49,423,-21,AGUA
-49,423,-22,AGUA
-49,423,-23,AGUA
-49,423,-24,AGUA
-63,120,-17,AGUA
-49,423,-25,AGUA
-64,438,-17,AGUA
-49,188,-18,AGUA
-49,188,-17,AGUA
-49,423,-26,AGUA
-49,423,-27,AGUA
-49,423,-28,AGUA
-49,423,-29,AGUA
-55,621,-17,AGUA
-49,423,-30,AGUA
-49,423,-31,AGUA
-49,423,-32,AGUA
-49,188,-23,AGUA
-49,188,-22,AGUA
-49,188,-25,AGUA
-49,188,-24,AGUA
-49,188,-27,AGUA
-49,188,-26,AGUA
-49,188,-29,AGUA
-49,188,-28,AGUA
-56,383,-17,AGUA
-49,188,-21,AGUA
-49,664,-30,AGUA
-49,188,-20,AGUA
-49,664,-31,AGUA
-49,664,-29,AGUA
-57,431,-32,AGUA
-49,664,-27,AGUA
-49,664,-28,AGUA
-49,188,-19,AGUA
-62,452,-17,AGUA
-63,248,-17,AGUA
-63,489,-17,AGUA
-62,56,-17,AGUA
-51,140,-17,AGUA
-55,434,-32,AGUA
-60,92,-17,AGUA
-52,434,-32,AGUA
-60,144,-17,AGUA
-57,21,-17,AGUA
-60,642,-17,AGUA
-56,229,-17,AGUA
-55,33,-17,AGUA
-58,492,-17,AGUA
-60,313,-17,AGUA
-54,573,-17,AGUA
-64,438,-32,AGUA
-49,305,-30,AGUA
-49,305,-31,AGUA
-54,386,-32,AGUA
-49,305,-27,AGUA
-49,305,-28,AGUA
-49,305,-29,AGUA
-49,305,-23,AGUA
-49,305,-24,AGUA
-49,305,-25,AGUA
-49,305,-26,AGUA
-51,210,-17,AGUA
-57,79,-17,AGUA
-64,380,-17,AGUA
-59,241,-17,AGUA
-59,91,-17,AGUA
-62,570,-17,AGUA
-51,9,-17,AGUA
-54,444,-32,AGUA
-51,656,-17,AGUA
-49,305,-20,AGUA
-49,305,-21,AGUA
-49,305,-22,AGUA
-63,431,-17,AGUA
-60,80,-17,AGUA
-49,305,-17,AGUA
-49,305,-18,AGUA
-49,305,-19,AGUA
-60,214,-17,AGUA
-64,426,-32,AGUA
-56,412,-32,AGUA
-58,193,-17,AGUA
-59,171,-17,AGUA
-60,572,-17,AGUA
-63,606,-17,AGUA
-62,628,-17,AGUA
-57,431,-17,AGUA
-62,383,-17,AGUA
-51,268,-17,AGUA
-59,371,-17,AGUA
-64,580,-17,AGUA
-61,621,-17,AGUA
-62,383,-32,AGUA
-54,151,-17,AGUA
-52,469,-17,AGUA
-49,404,-27,AGUA
-49,404,-28,AGUA
-49,404,-29,AGUA
-49,404,-23,AGUA
-49,404,-24,AGUA
-49,404,-25,AGUA
-49,404,-26,AGUA
-49,404,-30,AGUA
-49,404,-31,AGUA
-51,480,-17,AGUA
-49,404,-32,AGUA
-58,245,-17,AGUA
-61,345,-17,AGUA
-49,482,-24,AGUA
-64,667,-17,AGUA
-49,482,-23,AGUA
-62,358,-17,AGUA
-49,482,-22,AGUA
-49,482,-21,AGUA
-49,482,-20,AGUA
-61,35,-17,AGUA
-49,482,-29,AGUA
-49,482,-28,AGUA
-49,482,-27,AGUA
-52,317,-17,AGUA
-49,482,-26,AGUA
-59,347,-17,AGUA
-49,482,-25,AGUA
-50,436,-32,AGUA
-63,406,-17,AGUA
-49,482,-19,AGUA
-49,482,-18,AGUA
-49,482,-17,AGUA
-58,408,-17,AGUA
-64,50,-17,AGUA
-62,230,-17,AGUA
-56,435,-17,AGUA
-55,327,-17,AGUA
-53,113,-17,AGUA
-57,197,-17,AGUA
-57,561,-17,AGUA
-50,185,-17,AGUA
-61,122,-17,AGUA
-49,482,-32,AGUA
-49,482,-31,AGUA
-49,482,-30,AGUA
-49,295,-17,AGUA
-50,659,-17,AGUA
-56,17,-17,AGUA
-49,295,-18,AGUA
-49,295,-19,AGUA
-63,629,-17,AGUA
-49,458,-29,AGUA
-49,458,-28,AGUA
-49,404,-17,AGUA
-49,404,-18,AGUA
-49,404,-19,AGUA
-49,458,-25,AGUA
-49,458,-24,AGUA
-49,458,-27,AGUA
-49,458,-26,AGUA
-49,458,-32,AGUA
-49,404,-20,AGUA
-49,458,-31,AGUA
-49,404,-21,AGUA
-49,404,-22,AGUA
-49,458,-30,AGUA
-60,420,-17,AGUA
-51,198,-17,AGUA
-56,7,-17,AGUA
-49,458,-18,AGUA
-56,489,-17,AGUA
-49,458,-17,AGUA
-56,41,-17,AGUA
-49,458,-19,AGUA
-49,458,-21,AGUA
-49,458,-20,AGUA
-49,458,-23,AGUA
-49,458,-22,AGUA
-54,127,-17,AGUA
-63,155,-17,AGUA
-60,420,-32,AGUA
-57,491,-17,AGUA
-64,263,-17,AGUA
-56,159,-17,AGUA
-57,137,-17,AGUA
-54,625,-17,AGUA
-63,559,-17,AGUA
-51,209,-17,AGUA
-58,46,-17,AGUA
-63,501,-17,AGUA
-55,387,-32,AGUA
-52,399,-32,AGUA
-64,607,-17,AGUA
-51,293,-17,AGUA
-57,207,-17,AGUA
-49,295,-27,AGUA
-60,261,-17,AGUA
-49,295,-28,AGUA
-49,295,-25,AGUA
-49,295,-26,AGUA
-49,295,-29,AGUA
-50,589,-17,AGUA
-49,295,-20,AGUA
-62,79,-17,AGUA
-49,295,-23,AGUA
-49,639,-32,AGUA
-49,295,-24,AGUA
-49,295,-21,AGUA
-49,639,-30,AGUA
-49,295,-22,AGUA
-49,639,-31,AGUA
-62,288,-17,AGUA
-55,387,-17,AGUA
-62,21,-17,AGUA
-49,295,-30,AGUA
-49,295,-31,AGUA
-49,295,-32,AGUA
-50,531,-17,AGUA
-49,388,-18,AGUA
-49,388,-17,AGUA
-49,388,-19,AGUA
-52,399,-17,AGUA
-60,548,-17,AGUA
-61,526,-17,AGUA
-49,639,-18,AGUA
-49,639,-19,AGUA
-49,639,-17,AGUA
-49,388,-25,AGUA
-49,388,-24,AGUA
-58,299,-17,AGUA
-49,388,-27,AGUA
-49,388,-26,AGUA
-49,388,-21,AGUA
-49,388,-20,AGUA
-49,388,-23,AGUA
-49,388,-22,AGUA
-62,123,-17,AGUA
-60,297,-17,AGUA
-49,639,-29,AGUA
-49,639,-27,AGUA
-51,637,-17,AGUA
-49,639,-28,AGUA
-49,639,-25,AGUA
-49,639,-26,AGUA
-49,639,-23,AGUA
-63,46,-17,AGUA
-49,639,-24,AGUA
-49,639,-21,AGUA
-49,639,-22,AGUA
-57,537,-17,AGUA
-49,639,-20,AGUA
-63,336,-17,AGUA
-53,577,-17,AGUA
-64,26,-17,AGUA
-62,323,-17,AGUA
-51,550,-17,AGUA
-49,388,-29,AGUA
-49,388,-28,AGUA
-51,16,-17,AGUA
-52,341,-17,AGUA
-49,388,-30,AGUA
-64,514,-17,AGUA
-49,388,-32,AGUA
-49,388,-31,AGUA
-63,83,-17,AGUA
-53,173,-17,AGUA
-53,447,-17,AGUA
-50,125,-17,AGUA
-61,415,-32,AGUA
-50,455,-17,AGUA
-57,267,-17,AGUA
-52,411,-17,AGUA
-61,95,-17,AGUA
-52,539,-17,AGUA
-50,601,-17,AGUA
-60,391,-17,AGUA
-50,401,-32,AGUA
-55,257,-17,AGUA
-56,505,-17,AGUA
-54,549,-17,AGUA
-61,415,-17,AGUA
-51,363,-17,AGUA
-52,411,-32,AGUA
-62,177,-17,AGUA
-60,391,-32,AGUA
-52,43,-17,AGUA
-55,481,-17,AGUA
-51,503,-17,AGUA
-59,277,-17,AGUA
-60,167,-17,AGUA
-52,265,-17,AGUA
-63,466,-17,AGUA
-55,587,-17,AGUA
-49,200,-29,AGUA
-64,333,-17,AGUA
-51,116,-17,AGUA
-61,656,-17,AGUA
-49,200,-30,AGUA
-58,515,-17,AGUA
-49,200,-31,AGUA
-49,511,-23,AGUA
-49,511,-22,AGUA
-52,211,-17,AGUA
-49,511,-25,AGUA
-49,511,-24,AGUA
-49,54,-28,AGUA
-49,511,-21,AGUA
-49,54,-29,AGUA
-49,511,-20,AGUA
-60,367,-17,AGUA
-49,54,-30,AGUA
-62,675,-17,AGUA
-49,511,-19,AGUA
-50,325,-17,AGUA
-53,647,-17,AGUA
-49,511,-18,AGUA
-49,54,-31,AGUA
-49,511,-17,AGUA
-49,54,-19,AGUA
-49,511,-30,AGUA
-50,55,-17,AGUA
-49,54,-17,AGUA
-49,54,-18,AGUA
-49,511,-31,AGUA
-58,315,-17,AGUA
-54,349,-17,AGUA
-53,447,-32,AGUA
-60,478,-17,AGUA
-49,54,-26,AGUA
-49,54,-27,AGUA
-49,54,-24,AGUA
-49,54,-25,AGUA
-49,511,-27,AGUA
-49,54,-22,AGUA
-49,54,-23,AGUA
-49,511,-26,AGUA
-49,511,-29,AGUA
-49,54,-20,AGUA
-49,511,-28,AGUA
-49,54,-21,AGUA
-49,328,-19,AGUA
-49,328,-17,AGUA
-49,328,-18,AGUA
-59,423,-17,AGUA
-58,445,-17,AGUA
-49,328,-20,AGUA
-49,328,-21,AGUA
-58,115,-17,AGUA
-54,89,-17,AGUA
-58,445,-32,AGUA
-61,215,-17,AGUA
-59,423,-32,AGUA
-60,237,-17,AGUA
-53,671,-17,AGUA
-61,182,-17,AGUA
-51,233,-17,AGUA
-56,635,-17,AGUA
-62,19,-17,AGUA
-56,435,-32,AGUA
-63,653,-17,AGUA
-57,397,-17,AGUA
-52,669,-17,AGUA
-51,303,-17,AGUA
-57,467,-17,AGUA
-63,583,-17,AGUA
-59,394,-32,AGUA
-54,479,-17,AGUA
-55,457,-17,AGUA
-63,225,-17,AGUA
-56,305,-17,AGUA
-64,203,-17,AGUA
-57,397,-32,AGUA
-53,243,-17,AGUA
-54,221,-17,AGUA
-60,191,-17,AGUA
-53,517,-17,AGUA
-55,657,-17,AGUA
-50,255,-17,AGUA
-64,631,-17,AGUA
-54,279,-17,AGUA
-49,328,-22,AGUA
-49,328,-23,AGUA
-49,328,-24,AGUA
-49,328,-25,AGUA
-49,328,-26,AGUA
-49,328,-27,AGUA
-49,328,-28,AGUA
-49,328,-29,AGUA
-51,433,-32,AGUA
-49,328,-30,AGUA
-49,328,-31,AGUA
-49,435,-20,AGUA
-49,17,-31,AGUA
-49,17,-30,AGUA
-49,435,-22,AGUA
-53,289,-17,AGUA
-49,435,-21,AGUA
-49,435,-24,AGUA
-49,435,-23,AGUA
-60,301,-17,AGUA
-60,107,-17,AGUA
-49,17,-29,AGUA
-49,17,-26,AGUA
-51,409,-17,AGUA
-49,17,-25,AGUA
-49,17,-28,AGUA
-49,435,-17,AGUA
-49,17,-27,AGUA
-49,17,-22,AGUA
-49,435,-19,AGUA
-49,17,-21,AGUA
-49,435,-18,AGUA
-49,17,-24,AGUA
-49,17,-23,AGUA
-59,395,-17,AGUA
-49,17,-20,AGUA
-49,435,-31,AGUA
-49,435,-30,AGUA
-51,409,-32,AGUA
-49,435,-32,AGUA
-58,374,-17,AGUA
-51,103,-17,AGUA
-60,380,-17,AGUA
-57,585,-17,AGUA
-49,17,-19,AGUA
-49,17,-18,AGUA
-49,435,-26,AGUA
-49,435,-25,AGUA
-49,435,-28,AGUA
-49,17,-17,AGUA
-49,435,-27,AGUA
-49,435,-29,AGUA
-50,467,-17,AGUA
-64,0,-17,AGUA
-53,395,-32,AGUA
-51,479,-17,AGUA
-51,585,-17,AGUA
-50,661,-17,AGUA
-64,250,-17,AGUA
-60,630,-17,AGUA
-58,304,-17,AGUA
-49,329,-20,AGUA
-53,395,-17,AGUA
-52,471,-17,AGUA
-49,509,-26,AGUA
-49,509,-25,AGUA
-49,329,-17,AGUA
-54,53,-17,AGUA
-49,509,-28,AGUA
-49,509,-27,AGUA
-49,509,-29,AGUA
-58,221,-17,AGUA
-61,392,-17,AGUA
-49,509,-20,AGUA
-49,509,-22,AGUA
-49,509,-21,AGUA
-49,509,-24,AGUA
-49,329,-18,AGUA
-49,509,-23,AGUA
-49,329,-19,AGUA
-53,219,-17,AGUA
-52,633,-17,AGUA
-58,82,-17,AGUA
-49,509,-31,AGUA
-49,509,-30,AGUA
-62,190,-17,AGUA
-58,268,-17,AGUA
-60,380,-32,AGUA
-55,93,-17,AGUA
-59,395,-32,AGUA
-52,527,-17,AGUA
-58,633,-17,AGUA
-56,647,-17,AGUA
-49,509,-17,AGUA
-49,509,-19,AGUA
-49,509,-18,AGUA
-58,12,-17,AGUA
-62,264,-17,AGUA
-49,352,-18,AGUA
-49,352,-19,AGUA
-61,146,-17,AGUA
-49,352,-17,AGUA
-53,325,-17,AGUA
-63,285,-17,AGUA
-55,79,-17,AGUA
-54,281,-17,AGUA
-61,581,-17,AGUA
-62,523,-17,AGUA
-61,502,-17,AGUA
-59,575,-17,AGUA
-58,457,-17,AGUA
-49,352,-30,AGUA
-49,352,-31,AGUA
-54,245,-17,AGUA
-59,7,-17,AGUA
-54,398,-32,AGUA
-49,352,-21,AGUA
-49,352,-22,AGUA
-49,352,-20,AGUA
-62,593,-17,AGUA
-49,352,-25,AGUA
-61,475,-17,AGUA
-49,352,-26,AGUA
-49,352,-23,AGUA
-49,352,-24,AGUA
-49,352,-29,AGUA
-49,352,-27,AGUA
-49,352,-28,AGUA
-61,439,-17,AGUA
-63,391,-17,AGUA
-61,252,-17,AGUA
-64,74,-17,AGUA
-52,435,-17,AGUA
-51,515,-17,AGUA
-59,505,-17,AGUA
-57,659,-17,AGUA
-52,277,-17,AGUA
-59,469,-17,AGUA
-49,78,-17,AGUA
-49,78,-18,AGUA
-49,78,-19,AGUA
-63,95,-17,AGUA
-49,78,-20,AGUA
-49,78,-21,AGUA
-49,78,-22,AGUA
-60,454,-17,AGUA
-49,78,-23,AGUA
-49,78,-24,AGUA
-49,78,-25,AGUA
-55,446,-32,AGUA
-49,78,-26,AGUA
-49,78,-27,AGUA
-49,78,-28,AGUA
-49,78,-29,AGUA
-49,78,-30,AGUA
-49,78,-31,AGUA
-53,197,-17,AGUA
-60,344,-17,AGUA
-59,111,-17,AGUA
-62,300,-17,AGUA
-53,69,-17,AGUA
-51,340,-17,AGUA
-60,143,-17,AGUA
-59,359,-17,AGUA
-49,246,-30,AGUA
-49,246,-31,AGUA
-49,246,-32,AGUA
-52,91,-17,AGUA
-49,246,-27,AGUA
-49,246,-28,AGUA
-49,246,-29,AGUA
-52,435,-32,AGUA
-60,93,-17,AGUA
-63,359,-17,AGUA
-51,51,-17,AGUA
-62,557,-17,AGUA
-56,384,-32,AGUA
-63,202,-17,AGUA
-49,189,-29,AGUA
-51,668,-17,AGUA
-57,549,-17,AGUA
-49,246,-20,AGUA
-49,246,-21,AGUA
-49,246,-22,AGUA
-49,246,-23,AGUA
-49,246,-24,AGUA
-49,246,-25,AGUA
-49,246,-26,AGUA
-49,189,-31,AGUA
-49,246,-17,AGUA
-49,189,-30,AGUA
-49,246,-18,AGUA
-60,418,-32,AGUA
-49,246,-19,AGUA
-61,439,-32,AGUA
-49,189,-32,AGUA
-61,549,-17,AGUA
-64,110,-17,AGUA
-49,189,-19,AGUA
-49,189,-18,AGUA
-49,189,-20,AGUA
-49,189,-28,AGUA
-49,189,-27,AGUA
-49,189,-26,AGUA
-49,189,-25,AGUA
-49,189,-24,AGUA
-49,189,-23,AGUA
-55,209,-17,AGUA
-49,189,-22,AGUA
-49,189,-21,AGUA
-57,301,-17,AGUA
-53,553,-17,AGUA
-50,231,-17,AGUA
-63,249,-17,AGUA
-60,418,-17,AGUA
-49,189,-17,AGUA
-49,31,-20,AGUA
-49,31,-23,AGUA
-50,577,-17,AGUA
-57,173,-17,AGUA
-49,31,-24,AGUA
-51,326,-17,AGUA
-49,31,-21,AGUA
-49,31,-22,AGUA
-49,31,-27,AGUA
-58,194,-17,AGUA
-49,31,-28,AGUA
-49,31,-25,AGUA
-49,31,-26,AGUA
-49,31,-18,AGUA
-49,31,-19,AGUA
-54,443,-17,AGUA
-49,31,-30,AGUA
-49,31,-31,AGUA
-49,190,-17,AGUA
-50,89,-17,AGUA
-49,190,-19,AGUA
-49,190,-18,AGUA
-56,411,-17,AGUA
-49,31,-29,AGUA
-58,550,-17,AGUA
-63,34,-17,AGUA
-54,601,-17,AGUA
-62,55,-17,AGUA
-55,135,-17,AGUA
-49,190,-28,AGUA
-49,190,-27,AGUA
-49,190,-29,AGUA
-49,190,-24,AGUA
-49,190,-23,AGUA
-49,190,-26,AGUA
-49,190,-25,AGUA
-56,253,-17,AGUA
-49,190,-20,AGUA
-49,190,-22,AGUA
-49,190,-21,AGUA
-55,363,-17,AGUA
-54,7,-17,AGUA
-56,411,-32,AGUA
-58,493,-17,AGUA
-62,228,-17,AGUA
-49,31,-17,AGUA
-49,190,-31,AGUA
-49,190,-30,AGUA
-49,190,-32,AGUA
-57,33,-17,AGUA
-50,19,-17,AGUA
-49,663,-17,AGUA
-49,663,-18,AGUA
-49,663,-19,AGUA
-49,663,-20,AGUA
-49,663,-21,AGUA
-57,103,-17,AGUA
-49,663,-22,AGUA
-49,663,-23,AGUA
-49,663,-24,AGUA
-49,663,-25,AGUA
-49,663,-26,AGUA
-49,663,-27,AGUA
-50,507,-17,AGUA
-58,667,-17,AGUA
-51,269,-17,AGUA
-62,154,-17,AGUA
-63,548,-17,AGUA
-62,111,-17,AGUA
-54,443,-32,AGUA
-64,525,-17,AGUA
-63,605,-17,AGUA
-49,663,-28,AGUA
-49,663,-29,AGUA
-62,312,-17,AGUA
-62,440,-17,AGUA
-64,367,-17,AGUA
-49,663,-31,AGUA
-57,432,-32,AGUA
-49,663,-30,AGUA
-52,423,-32,AGUA
-55,245,-17,AGUA
-64,192,-17,AGUA
-49,234,-32,AGUA
-49,234,-31,AGUA
-49,234,-30,AGUA
-60,549,-17,AGUA
-60,573,-17,AGUA
-50,613,-17,AGUA
-64,202,-17,AGUA
-60,379,-17,AGUA
-49,234,-29,AGUA
-49,234,-28,AGUA
-49,234,-27,AGUA
-49,234,-26,AGUA
-49,234,-25,AGUA
-49,234,-24,AGUA
-49,234,-23,AGUA
-61,427,-32,AGUA
-49,234,-22,AGUA
-49,234,-21,AGUA
-49,234,-20,AGUA
-64,249,-17,AGUA
-51,151,-17,AGUA
-59,541,-17,AGUA
-62,439,-17,AGUA
-49,234,-19,AGUA
-49,234,-18,AGUA
-49,234,-17,AGUA
-61,60,-17,AGUA
-52,423,-17,AGUA
-61,620,-17,AGUA
-49,483,-31,AGUA
-51,15,-17,AGUA
-53,435,-17,AGUA
-62,382,-17,AGUA
-50,113,-17,AGUA
-49,483,-30,AGUA
-60,379,-32,AGUA
-61,264,-17,AGUA
-49,3,-17,AGUA
-49,3,-18,AGUA
-49,3,-19,AGUA
-53,185,-17,AGUA
-51,94,-17,AGUA
-64,451,-17,AGUA
-52,55,-17,AGUA
-60,502,-17,AGUA
-49,3,-20,AGUA
-49,3,-21,AGUA
-49,3,-22,AGUA
-49,3,-23,AGUA
-49,3,-24,AGUA
-49,3,-25,AGUA
-49,3,-26,AGUA
-49,3,-27,AGUA
-49,3,-28,AGUA
-49,3,-29,AGUA
-60,629,-17,AGUA
-63,154,-17,AGUA
-55,147,-17,AGUA
-49,3,-30,AGUA
-49,3,-31,AGUA
-49,3,-32,AGUA
-54,197,-17,AGUA
-51,625,-17,AGUA
-63,324,-17,AGUA
-52,387,-17,AGUA
-54,233,-17,AGUA
-60,155,-17,AGUA
-62,189,-17,AGUA
-58,103,-17,AGUA
-64,666,-17,AGUA
-59,31,-17,AGUA
-61,344,-17,AGUA
-61,427,-17,AGUA
-63,407,-17,AGUA
-52,387,-32,AGUA
-63,430,-17,AGUA
-49,387,-17,AGUA
-49,581,-19,AGUA
-62,91,-17,AGUA
-49,581,-18,AGUA
-49,581,-17,AGUA
-63,250,-17,AGUA
-49,387,-20,AGUA
-49,387,-28,AGUA
-49,387,-27,AGUA
-49,387,-26,AGUA
-49,387,-25,AGUA
-49,387,-24,AGUA
-49,387,-23,AGUA
-62,67,-17,AGUA
-58,514,-17,AGUA
-49,387,-22,AGUA
-49,387,-21,AGUA
-60,296,-17,AGUA
-49,581,-29,AGUA
-49,581,-28,AGUA
-49,581,-27,AGUA
-49,581,-26,AGUA
-49,387,-19,AGUA
-49,581,-25,AGUA
-49,387,-18,AGUA
-49,581,-24,AGUA
-49,581,-23,AGUA
-49,581,-22,AGUA
-49,581,-21,AGUA
-49,581,-20,AGUA
-49,387,-31,AGUA
-49,387,-30,AGUA
-51,551,-17,AGUA
-49,510,-19,AGUA
-49,510,-18,AGUA
-49,510,-17,AGUA
-49,387,-32,AGUA
-49,510,-26,AGUA
-49,510,-25,AGUA
-49,510,-24,AGUA
-49,510,-23,AGUA
-49,510,-22,AGUA
-49,510,-21,AGUA
-49,510,-20,AGUA
-49,387,-29,AGUA
-63,237,-17,AGUA
-61,238,-17,AGUA
-49,581,-31,AGUA
-49,581,-30,AGUA
-55,171,-17,AGUA
-49,510,-29,AGUA
-49,510,-28,AGUA
-49,510,-27,AGUA
-58,585,-17,AGUA
-49,510,-32,AGUA
-49,510,-31,AGUA
-49,510,-30,AGUA
-62,465,-17,AGUA
-60,655,-17,AGUA
-53,435,-32,AGUA
-59,633,-17,AGUA
-62,359,-17,AGUA
-51,86,-17,AGUA
-58,47,-17,AGUA
-51,292,-17,AGUA
-61,36,-17,AGUA
-61,203,-17,AGUA
-60,119,-17,AGUA
-58,340,-17,AGUA
-62,439,-32,AGUA
-53,361,-17,AGUA
-50,424,-32,AGUA
-60,336,-17,AGUA
-60,392,-32,AGUA
-61,6,-17,AGUA
-63,465,-17,AGUA
-64,486,-17,AGUA
-51,115,-17,AGUA
-64,632,-17,AGUA
-61,310,-17,AGUA
-51,186,-17,AGUA
-57,221,-17,AGUA
-59,609,-17,AGUA
-58,94,-17,AGUA
-49,142,-21,AGUA
-49,142,-20,AGUA
-49,142,-23,AGUA
-49,142,-22,AGUA
-49,142,-25,AGUA
-49,142,-24,AGUA
-49,142,-27,AGUA
-49,142,-26,AGUA
-49,142,-29,AGUA
-49,142,-28,AGUA
-60,238,-17,AGUA
-49,270,-19,AGUA
-49,270,-17,AGUA
-49,270,-18,AGUA
-61,440,-17,AGUA
-62,605,-17,AGUA
-61,181,-17,AGUA
-49,142,-18,AGUA
-49,142,-17,AGUA
-49,142,-19,AGUA
-55,411,-32,AGUA
-61,94,-17,AGUA
-63,367,-17,AGUA
-49,270,-28,AGUA
-49,270,-29,AGUA
-61,655,-17,AGUA
-49,270,-22,AGUA
-49,270,-23,AGUA
-49,270,-20,AGUA
-62,146,-17,AGUA
-49,270,-21,AGUA
-49,270,-26,AGUA
-56,173,-17,AGUA
-49,270,-27,AGUA
-63,513,-17,AGUA
-49,270,-24,AGUA
-49,270,-25,AGUA
-58,146,-17,AGUA
-60,490,-17,AGUA
-49,142,-30,AGUA
-63,584,-17,AGUA
-49,142,-32,AGUA
-49,142,-31,AGUA
-64,62,-17,AGUA
-49,270,-31,AGUA
-49,270,-32,AGUA
-55,411,-17,AGUA
-51,234,-17,AGUA
-49,270,-30,AGUA
-62,20,-17,AGUA
-60,262,-17,AGUA
-49,557,-18,AGUA
-49,557,-17,AGUA
-63,641,-17,AGUA
-49,557,-19,AGUA
-49,66,-26,AGUA
-49,66,-25,AGUA
-49,66,-24,AGUA
-49,66,-23,AGUA
-49,66,-22,AGUA
-49,66,-21,AGUA
-49,66,-20,AGUA
-49,66,-19,AGUA
-49,66,-18,AGUA
-49,66,-17,AGUA
-49,557,-21,AGUA
-49,557,-20,AGUA
-49,557,-23,AGUA
-49,557,-22,AGUA
-49,557,-29,AGUA
-49,557,-28,AGUA
-49,557,-25,AGUA
-50,384,-32,AGUA
-49,557,-24,AGUA
-49,557,-27,AGUA
-49,557,-26,AGUA
-52,553,-17,AGUA
-49,557,-31,AGUA
-49,557,-30,AGUA
-54,491,-17,AGUA
-51,432,-32,AGUA
-53,101,-17,AGUA
-60,466,-17,AGUA
-49,329,-30,AGUA
-49,329,-31,AGUA
-49,66,-31,AGUA
-49,66,-30,AGUA
-49,329,-27,AGUA
-49,329,-28,AGUA
-49,329,-25,AGUA
-49,329,-26,AGUA
-49,329,-23,AGUA
-49,66,-29,AGUA
-49,329,-24,AGUA
-49,66,-28,AGUA
-49,329,-21,AGUA
-49,66,-27,AGUA
-49,329,-22,AGUA
-49,329,-29,AGUA
-58,316,-17,AGUA
-53,601,-17,AGUA
-51,432,-17,AGUA
-54,209,-17,AGUA
-49,483,-18,AGUA
-49,483,-17,AGUA
-49,483,-19,AGUA
-54,337,-17,AGUA
-54,363,-17,AGUA
-51,375,-32,AGUA
-49,483,-21,AGUA
-55,599,-17,AGUA
-49,483,-20,AGUA
-49,483,-23,AGUA
-49,483,-22,AGUA
-49,483,-29,AGUA
-49,483,-28,AGUA
-59,422,-32,AGUA
-52,29,-17,AGUA
-49,483,-25,AGUA
-49,483,-24,AGUA
-49,483,-27,AGUA
-49,483,-26,AGUA
-56,147,-17,AGUA
-61,514,-17,AGUA
-61,557,-17,AGUA
-60,45,-17,AGUA
-62,276,-17,AGUA
-60,392,-17,AGUA
-51,375,-17,AGUA
-49,605,-27,AGUA
-51,174,-17,AGUA
-49,605,-26,AGUA
-49,605,-25,AGUA
-49,605,-24,AGUA
-49,605,-23,AGUA
-49,605,-22,AGUA
-49,605,-21,AGUA
-49,605,-20,AGUA
-51,352,-17,AGUA
-49,605,-29,AGUA
-49,605,-28,AGUA
-49,605,-30,AGUA
-53,491,-17,AGUA
-61,59,-17,AGUA
-49,605,-32,AGUA
-49,605,-31,AGUA
-64,474,-17,AGUA
-50,491,-17,AGUA
-53,57,-17,AGUA
-49,211,-29,AGUA
-58,609,-17,AGUA
-49,211,-32,AGUA
-49,211,-31,AGUA
-49,211,-30,AGUA
-49,211,-19,AGUA
-49,211,-18,AGUA
-52,400,-32,AGUA
-49,211,-24,AGUA
-55,609,-17,AGUA
-49,211,-23,AGUA
-49,211,-22,AGUA
-49,211,-21,AGUA
-49,211,-28,AGUA
-49,211,-27,AGUA
-49,211,-26,AGUA
-50,412,-32,AGUA
-49,211,-25,AGUA
-60,178,-17,AGUA
-49,211,-20,AGUA
-49,675,-31,AGUA
-49,675,-30,AGUA
-64,548,-17,AGUA
-61,226,-17,AGUA
-49,675,-28,AGUA
-49,675,-27,AGUA
-49,675,-29,AGUA
-63,525,-17,AGUA
-49,675,-20,AGUA
-49,675,-22,AGUA
-49,675,-21,AGUA
-49,675,-24,AGUA
-49,675,-23,AGUA
-49,675,-26,AGUA
-49,675,-25,AGUA
-55,375,-32,AGUA
-62,664,-17,AGUA
-49,675,-17,AGUA
-49,675,-19,AGUA
-49,675,-18,AGUA
-60,19,-17,AGUA
-62,569,-17,AGUA
-60,356,-17,AGUA
-55,375,-17,AGUA
-49,605,-19,AGUA
-49,605,-18,AGUA
-49,605,-17,AGUA
-49,522,-17,AGUA
-49,522,-18,AGUA
-49,522,-19,AGUA
-63,22,-17,AGUA
-54,613,-17,AGUA
-63,617,-17,AGUA
-57,149,-17,AGUA
-51,2,-17,AGUA
-49,522,-20,AGUA
-49,522,-21,AGUA
-49,522,-22,AGUA
-49,522,-23,AGUA
-49,522,-24,AGUA
-60,273,-17,AGUA
-49,522,-25,AGUA
-51,257,-17,AGUA
-49,43,-29,AGUA
-49,43,-28,AGUA
-50,396,-32,AGUA
-49,43,-30,AGUA
-63,214,-17,AGUA
-49,43,-31,AGUA
-64,391,-17,AGUA
-50,565,-17,AGUA
-64,379,-32,AGUA
-57,185,-17,AGUA
-64,321,-17,AGUA
-64,643,-17,AGUA
-56,671,-17,AGUA
-50,151,-17,AGUA
-60,203,-17,AGUA
-50,243,-17,AGUA
-50,101,-17,AGUA
-61,404,-17,AGUA
-49,116,-17,AGUA
-49,116,-19,AGUA
-49,116,-18,AGUA
-49,116,-20,AGUA
-62,166,-17,AGUA
-49,116,-24,AGUA
-49,116,-23,AGUA
-49,116,-22,AGUA
-49,116,-21,AGUA
-51,444,-32,AGUA
-64,391,-32,AGUA
-58,233,-17,AGUA
-49,116,-28,AGUA
-49,116,-27,AGUA
-49,116,-26,AGUA
-49,116,-25,AGUA
-49,116,-29,AGUA
-49,116,-31,AGUA
-49,116,-30,AGUA
-52,17,-17,AGUA
-49,116,-32,AGUA
-56,423,-17,AGUA
-60,561,-17,AGUA
-55,339,-17,AGUA
-54,325,-17,AGUA
-57,45,-17,AGUA
-64,134,-17,AGUA
-56,423,-32,AGUA
-60,22,-17,AGUA
-60,514,-17,AGUA
-59,383,-17,AGUA
-61,632,-17,AGUA
-63,119,-17,AGUA
-52,515,-17,AGUA
-62,394,-17,AGUA
-49,447,-26,AGUA
-61,276,-17,AGUA
-49,447,-27,AGUA
-49,447,-24,AGUA
-49,447,-25,AGUA
-49,447,-28,AGUA
-49,447,-29,AGUA
-49,447,-30,AGUA
-57,647,-17,AGUA
-49,447,-31,AGUA
-49,447,-32,AGUA
-56,529,-17,AGUA
-54,503,-17,AGUA
-55,265,-17,AGUA
-59,383,-32,AGUA
-58,420,-17,AGUA
-61,71,-17,AGUA
-52,159,-17,AGUA
-54,115,-17,AGUA
-56,599,-17,AGUA
-55,233,-17,AGUA
-53,277,-17,AGUA
-62,371,-17,AGUA
-63,190,-17,AGUA
-58,621,-17,AGUA
-62,324,-17,AGUA
-52,305,-17,AGUA
-51,467,-17,AGUA
-59,457,-17,AGUA
-50,207,-17,AGUA
-62,581,-17,AGUA
-59,599,-17,AGUA
-50,479,-17,AGUA
-61,309,-17,AGUA
-57,573,-17,AGUA
-60,584,-17,AGUA
-56,313,-17,AGUA
-49,43,-19,AGUA
-49,43,-18,AGUA
-49,43,-17,AGUA
-53,207,-17,AGUA
-49,447,-19,AGUA
-49,447,-17,AGUA
-49,447,-18,AGUA
-60,489,-17,AGUA
-49,447,-22,AGUA
-49,447,-23,AGUA
-58,481,-17,AGUA
-49,447,-20,AGUA
-49,447,-21,AGUA
-49,43,-23,AGUA
-49,43,-22,AGUA
-49,43,-21,AGUA
-49,43,-20,AGUA
-49,43,-27,AGUA
-49,364,-18,AGUA
-49,43,-26,AGUA
-49,364,-17,AGUA
-49,43,-25,AGUA
-49,43,-24,AGUA
-49,522,-26,AGUA
-49,522,-27,AGUA
-49,522,-28,AGUA
-49,522,-29,AGUA
-49,364,-19,AGUA
-64,181,-17,AGUA
-49,364,-21,AGUA
-49,364,-20,AGUA
-49,364,-25,AGUA
-49,364,-24,AGUA
-49,522,-30,AGUA
-49,364,-23,AGUA
-49,522,-31,AGUA
-49,364,-22,AGUA
-49,364,-29,AGUA
-49,364,-28,AGUA
-49,364,-27,AGUA
-49,364,-26,AGUA
-62,299,-17,AGUA
-49,364,-32,AGUA
-49,364,-31,AGUA
-49,364,-30,AGUA
-58,526,-17,AGUA
-61,379,-32,AGUA
-59,229,-17,AGUA
-53,337,-17,AGUA
-52,375,-17,AGUA
-58,123,-17,AGUA
-62,511,-17,AGUA
-62,241,-17,AGUA
-51,527,-17,AGUA
-52,645,-17,AGUA
-61,134,-17,AGUA
-52,289,-17,AGUA
-54,65,-17,AGUA
-63,273,-17,AGUA
-59,671,-17,AGUA
-61,379,-17,AGUA
-51,613,-17,AGUA
-61,321,-17,AGUA
-62,427,-32,AGUA
-49,177,-17,AGUA
-49,177,-18,AGUA
-61,537,-17,AGUA
-53,565,-17,AGUA
-52,375,-32,AGUA
-49,177,-20,AGUA
-49,177,-21,AGUA
-51,27,-17,AGUA
-63,189,-17,AGUA
-49,177,-28,AGUA
-49,177,-29,AGUA
-49,177,-26,AGUA
-49,177,-27,AGUA
-53,423,-17,AGUA
-49,177,-24,AGUA
-49,177,-25,AGUA
-49,177,-22,AGUA
-49,177,-23,AGUA
-58,339,-17,AGUA
-49,177,-19,AGUA
-54,185,-17,AGUA
-61,463,-17,AGUA
-49,177,-31,AGUA
-49,177,-30,AGUA
-58,58,-17,AGUA
-62,427,-17,AGUA
-57,419,-32,AGUA
-60,617,-17,AGUA
-62,641,-17,AGUA
-53,423,-32,AGUA
-57,419,-17,AGUA
-60,0,-17,AGUA
-63,131,-17,AGUA
-63,347,-17,AGUA
-51,597,-17,AGUA
-59,587,-17,AGUA
-58,351,-17,AGUA
-50,349,-17,AGUA
-58,656,-17,AGUA
-60,57,-17,AGUA
-61,667,-17,AGUA
-56,185,-17,AGUA
-64,427,-17,AGUA
-58,1,-17,AGUA
-49,628,-19,AGUA
-49,628,-18,AGUA
-49,628,-17,AGUA
-55,423,-32,AGUA
-64,18,-17,AGUA
-62,617,-17,AGUA
-49,628,-29,AGUA
-50,444,-32,AGUA
-49,628,-28,AGUA
-49,628,-27,AGUA
-49,628,-22,AGUA
-49,628,-21,AGUA
-49,628,-20,AGUA
-59,517,-17,AGUA
-49,628,-26,AGUA
-49,628,-25,AGUA
-49,628,-24,AGUA
-49,628,-23,AGUA
-57,313,-17,AGUA
-63,72,-17,AGUA
-62,134,-17,AGUA
-49,628,-31,AGUA
-49,628,-30,AGUA
-55,423,-17,AGUA
-55,398,-32,AGUA
-64,122,-17,AGUA
-61,593,-17,AGUA
-52,565,-17,AGUA
-63,477,-17,AGUA
-52,171,-17,AGUA
-59,621,-17,AGUA
-60,324,-17,AGUA
-51,127,-17,AGUA
-59,123,-17,AGUA
-60,431,-32,AGUA
-57,233,-17,AGUA
-58,469,-17,AGUA
-61,169,-17,AGUA
-60,81,-17,AGUA
-60,407,-17,AGUA
-56,446,-32,AGUA
-54,455,-17,AGUA
-60,431,-17,AGUA
-57,386,-32,AGUA
-58,182,-17,AGUA
-62,217,-17,AGUA
-60,407,-32,AGUA
-63,572,-17,AGUA
-61,193,-17,AGUA
-51,222,-17,AGUA
-56,659,-17,AGUA
-57,420,-32,AGUA
-58,549,-17,AGUA
-63,664,-17,AGUA
-51,314,-17,AGUA
-59,434,-32,AGUA
-58,256,-17,AGUA
-61,569,-17,AGUA
-56,265,-17,AGUA
-54,375,-17,AGUA
-64,97,-17,AGUA
-49,545,-32,AGUA
-49,545,-30,AGUA
-49,545,-31,AGUA
-58,434,-17,AGUA
-49,545,-29,AGUA
-49,545,-25,AGUA
-49,545,-26,AGUA
-49,545,-27,AGUA
-49,545,-28,AGUA
-49,317,-27,AGUA
-49,317,-26,AGUA
-49,317,-29,AGUA
-49,317,-28,AGUA
-49,652,-29,AGUA
-49,317,-23,AGUA
-53,3,-17,AGUA
-49,652,-28,AGUA
-49,317,-22,AGUA
-49,317,-25,AGUA
-49,317,-24,AGUA
-49,545,-21,AGUA
-60,226,-17,AGUA
-49,545,-22,AGUA
-49,545,-23,AGUA
-49,545,-24,AGUA
-63,379,-17,AGUA
-49,545,-20,AGUA
-53,613,-17,AGUA
-49,545,-18,AGUA
-49,545,-19,AGUA
-49,652,-30,AGUA
-49,545,-17,AGUA
-49,317,-30,AGUA
-49,317,-31,AGUA
-49,652,-31,AGUA
-49,317,-18,AGUA
-49,317,-17,AGUA
-49,652,-18,AGUA
-49,652,-17,AGUA
-49,652,-19,AGUA
-52,67,-17,AGUA
-54,375,-32,AGUA
-61,380,-17,AGUA
-49,317,-19,AGUA
-49,652,-25,AGUA
-49,652,-24,AGUA
-49,652,-27,AGUA
-49,317,-21,AGUA
-49,652,-26,AGUA
-49,317,-20,AGUA
-55,503,-17,AGUA
-49,652,-21,AGUA
-49,652,-20,AGUA
-49,652,-23,AGUA
-49,652,-22,AGUA
-49,471,-30,AGUA
-49,471,-31,AGUA
-58,419,-17,AGUA
-51,387,-17,AGUA
-49,471,-21,AGUA
-49,471,-22,AGUA
-49,471,-23,AGUA
-62,347,-17,AGUA
-49,471,-24,AGUA
-49,269,-26,AGUA
-49,269,-27,AGUA
-49,269,-28,AGUA
-49,269,-29,AGUA
-49,471,-20,AGUA
-49,471,-29,AGUA
-49,471,-25,AGUA
-49,471,-26,AGUA
-49,471,-27,AGUA
-49,471,-28,AGUA
-58,288,-17,AGUA
-60,537,-17,AGUA
-49,269,-30,AGUA
-49,269,-31,AGUA
-49,269,-19,AGUA
-49,269,-17,AGUA
-60,120,-17,AGUA
-49,269,-18,AGUA
-49,471,-18,AGUA
-49,471,-19,AGUA
-61,486,-17,AGUA
-63,442,-17,AGUA
-58,419,-32,AGUA
-49,471,-17,AGUA
-51,387,-32,AGUA
-49,269,-22,AGUA
-49,269,-23,AGUA
-49,269,-24,AGUA
-49,284,-19,AGUA
-49,269,-25,AGUA
-49,284,-18,AGUA
-49,284,-17,AGUA
-49,269,-20,AGUA
-51,444,-17,AGUA
-49,269,-21,AGUA
-64,214,-17,AGUA
-61,24,-17,AGUA
-50,625,-17,AGUA
-49,284,-24,AGUA
-49,284,-23,AGUA
-49,284,-22,AGUA
-49,284,-21,AGUA
-49,284,-20,AGUA
-49,284,-29,AGUA
-49,284,-28,AGUA
-49,284,-27,AGUA
-49,284,-26,AGUA
-49,284,-25,AGUA
-64,157,-17,AGUA
-59,19,-17,AGUA
-51,491,-17,AGUA
-63,312,-17,AGUA
-58,386,-17,AGUA
-56,609,-17,AGUA
-51,574,-17,AGUA
-56,135,-17,AGUA
-49,415,-29,AGUA
-49,415,-28,AGUA
-49,415,-27,AGUA
-49,415,-26,AGUA
-51,74,-17,AGUA
-49,415,-25,AGUA
-49,415,-24,AGUA
-49,415,-23,AGUA
-49,415,-32,AGUA
-49,415,-31,AGUA
-49,415,-30,AGUA
-63,166,-17,AGUA
-49,415,-19,AGUA
-49,415,-18,AGUA
-49,415,-17,AGUA
-49,415,-22,AGUA
-49,415,-21,AGUA
-49,415,-20,AGUA
-62,404,-17,AGUA
-61,111,-17,AGUA
-62,477,-17,AGUA
-49,399,-28,AGUA
-49,399,-29,AGUA
-49,399,-31,AGUA
-49,399,-32,AGUA
-63,57,-17,AGUA
-49,399,-30,AGUA
-55,67,-17,AGUA
-49,399,-17,AGUA
-49,399,-18,AGUA
-49,399,-19,AGUA
-49,399,-20,AGUA
-49,399,-21,AGUA
-49,399,-22,AGUA
-49,399,-23,AGUA
-49,399,-24,AGUA
-49,399,-25,AGUA
-49,399,-26,AGUA
-49,399,-27,AGUA
-49,341,-31,AGUA
-49,341,-30,AGUA
-49,154,-18,AGUA
-49,154,-19,AGUA
-49,154,-17,AGUA
-49,341,-29,AGUA
-60,667,-17,AGUA
-49,341,-28,AGUA
-49,341,-27,AGUA
-49,341,-26,AGUA
-49,154,-21,AGUA
-49,341,-25,AGUA
-49,154,-22,AGUA
-49,341,-24,AGUA
-49,341,-23,AGUA
-49,154,-20,AGUA
-49,154,-25,AGUA
-49,341,-22,AGUA
-49,154,-26,AGUA
-49,341,-21,AGUA
-49,154,-23,AGUA
-49,341,-20,AGUA
-49,154,-24,AGUA
-49,154,-29,AGUA
-49,154,-27,AGUA
-49,154,-28,AGUA
-58,158,-17,AGUA
-54,408,-32,AGUA
-62,32,-17,AGUA
-49,341,-19,AGUA
-49,341,-18,AGUA
-49,341,-17,AGUA
-60,250,-17,AGUA
-49,154,-30,AGUA
-49,154,-31,AGUA
-64,287,-17,AGUA
-59,43,-17,AGUA
-58,35,-17,AGUA
-49,211,-17,AGUA
-49,284,-31,AGUA
-49,284,-30,AGUA
-61,356,-17,AGUA
-61,299,-17,AGUA
-51,648,-17,AGUA
-62,534,-17,AGUA
-58,573,-17,AGUA
-63,296,-17,AGUA
-50,386,-32,AGUA
-49,354,-18,AGUA
-49,354,-19,AGUA
-49,354,-27,AGUA
-49,354,-28,AGUA
-49,354,-25,AGUA
-49,354,-26,AGUA
-49,354,-23,AGUA
-49,354,-24,AGUA
-49,354,-21,AGUA
-49,354,-22,AGUA
-49,354,-20,AGUA
-64,369,-17,AGUA
-51,62,-17,AGUA
-60,429,-32,AGUA
-55,374,-32,AGUA
-62,665,-17,AGUA
-53,11,-17,AGUA
-49,354,-29,AGUA
-49,354,-30,AGUA
-63,607,-17,AGUA
-49,354,-31,AGUA
-58,455,-17,AGUA
-51,434,-32,AGUA
-62,559,-17,AGUA
-61,144,-17,AGUA
-49,354,-17,AGUA
-56,219,-17,AGUA
-53,467,-17,AGUA
-63,380,-17,AGUA
-49,460,-20,AGUA
-49,460,-22,AGUA
-49,460,-21,AGUA
-62,239,-17,AGUA
-49,460,-24,AGUA
-49,460,-23,AGUA
-49,460,-26,AGUA
-61,13,-17,AGUA
-49,460,-25,AGUA
-59,503,-17,AGUA
-49,460,-28,AGUA
-49,460,-27,AGUA
-55,597,-17,AGUA
-49,460,-29,AGUA
-64,475,-17,AGUA
-60,193,-17,AGUA
-51,434,-17,AGUA
-49,460,-17,AGUA
-49,460,-19,AGUA
-49,460,-18,AGUA
-59,161,-17,AGUA
-61,250,-17,AGUA
-60,43,-17,AGUA
-64,119,-17,AGUA
-51,657,-17,AGUA
-60,535,-17,AGUA
-60,429,-17,AGUA
-49,460,-31,AGUA
-49,460,-30,AGUA
-61,297,-17,AGUA
-55,221,-17,AGUA
-51,328,-17,AGUA
-62,345,-17,AGUA
-49,674,-29,AGUA
-49,674,-28,AGUA
-51,601,-17,AGUA
-49,674,-31,AGUA
-52,363,-17,AGUA
-49,674,-30,AGUA
-62,309,-17,AGUA
-49,201,-30,AGUA
-49,674,-19,AGUA
-49,674,-18,AGUA
-49,674,-17,AGUA
-52,529,-17,AGUA
-63,93,-17,AGUA
-49,201,-31,AGUA
-49,201,-32,AGUA
-49,674,-23,AGUA
-55,91,-17,AGUA
-49,674,-22,AGUA
-49,674,-21,AGUA
-49,674,-20,AGUA
-49,674,-27,AGUA
-53,411,-32,AGUA
-58,135,-17,AGUA
-49,674,-26,AGUA
-49,201,-28,AGUA
-49,674,-25,AGUA
-49,201,-29,AGUA
-49,674,-24,AGUA
-58,232,-17,AGUA
-54,173,-17,AGUA
-56,539,-17,AGUA
-60,632,-17,AGUA
-61,394,-17,AGUA
-53,397,-32,AGUA
-49,568,-17,AGUA
-49,568,-18,AGUA
-49,568,-19,AGUA
-49,568,-20,AGUA
-49,568,-21,AGUA
-49,568,-22,AGUA
-49,568,-23,AGUA
-53,411,-17,AGUA
-56,422,-32,AGUA
-49,568,-24,AGUA
-49,568,-25,AGUA
-49,568,-26,AGUA
-59,481,-17,AGUA
-49,568,-27,AGUA
-49,568,-28,AGUA
-49,568,-29,AGUA
-51,114,-17,AGUA
-49,568,-30,AGUA
-49,568,-31,AGUA
-49,187,-32,AGUA
-49,187,-31,AGUA
-49,187,-30,AGUA
-59,327,-17,AGUA
-63,121,-17,AGUA
-58,349,-17,AGUA
-49,424,-23,AGUA
-49,424,-24,AGUA
-49,424,-21,AGUA
-49,424,-22,AGUA
-53,397,-17,AGUA
-49,424,-20,AGUA
-49,424,-18,AGUA
-51,587,-17,AGUA
-49,424,-19,AGUA
-49,424,-17,AGUA
-64,155,-17,AGUA
-59,5,-17,AGUA
-49,201,-26,AGUA
-49,201,-27,AGUA
-49,201,-24,AGUA
-49,424,-32,AGUA
-49,201,-25,AGUA
-49,201,-22,AGUA
-49,424,-30,AGUA
-49,201,-23,AGUA
-49,424,-31,AGUA
-49,201,-20,AGUA
-49,201,-21,AGUA
-49,424,-29,AGUA
-52,113,-17,AGUA
-49,424,-27,AGUA
-49,201,-19,AGUA
-49,187,-19,AGUA
-49,424,-28,AGUA
-49,187,-18,AGUA
-49,424,-25,AGUA
-49,201,-17,AGUA
-49,187,-17,AGUA
-49,424,-26,AGUA
-49,201,-18,AGUA
-56,645,-17,AGUA
-57,671,-17,AGUA
-62,122,-17,AGUA
-49,187,-26,AGUA
-49,187,-25,AGUA
-49,187,-24,AGUA
-49,187,-23,AGUA
-49,187,-29,AGUA
-49,187,-28,AGUA
-49,187,-27,AGUA
-49,187,-22,AGUA
-49,187,-21,AGUA
-49,187,-20,AGUA
-49,390,-31,AGUA
-49,390,-30,AGUA
-49,76,-28,AGUA
-49,76,-29,AGUA
-49,76,-31,AGUA
-49,390,-32,AGUA
-49,76,-30,AGUA
-49,293,-32,AGUA
-63,488,-17,AGUA
-49,293,-30,AGUA
-59,433,-32,AGUA
-49,293,-31,AGUA
-50,303,-17,AGUA
-49,390,-20,AGUA
-63,546,-17,AGUA
-49,76,-17,AGUA
-49,76,-18,AGUA
-49,76,-19,AGUA
-49,76,-24,AGUA
-49,390,-29,AGUA
-49,76,-25,AGUA
-51,26,-17,AGUA
-49,76,-26,AGUA
-49,76,-27,AGUA
-54,445,-32,AGUA
-49,293,-29,AGUA
-49,76,-20,AGUA
-49,76,-21,AGUA
-49,293,-27,AGUA
-49,76,-22,AGUA
-49,293,-28,AGUA
-49,76,-23,AGUA
-49,293,-25,AGUA
-49,390,-22,AGUA
-49,293,-26,AGUA
-49,390,-21,AGUA
-49,293,-23,AGUA
-49,390,-24,AGUA
-49,390,-23,AGUA
-49,293,-24,AGUA
-49,390,-26,AGUA
-49,293,-21,AGUA
-62,629,-17,AGUA
-49,390,-25,AGUA
-49,293,-22,AGUA
-49,390,-28,AGUA
-49,390,-27,AGUA
-49,293,-20,AGUA
-59,231,-17,AGUA
-62,595,-17,AGUA
-49,521,-32,AGUA
-49,521,-30,AGUA
-49,521,-31,AGUA
-49,318,-31,AGUA
-52,635,-17,AGUA
-49,318,-30,AGUA
-64,439,-17,AGUA
-49,521,-29,AGUA
-49,318,-24,AGUA
-49,390,-19,AGUA
-49,318,-23,AGUA
-49,390,-18,AGUA
-49,521,-27,AGUA
-49,318,-22,AGUA
-49,521,-28,AGUA
-49,318,-21,AGUA
-49,318,-28,AGUA
-49,318,-27,AGUA
-49,318,-26,AGUA
-57,31,-17,AGUA
-63,36,-17,AGUA
-49,318,-25,AGUA
-51,267,-17,AGUA
-49,318,-29,AGUA
-49,390,-17,AGUA
-54,243,-17,AGUA
-56,255,-17,AGUA
-49,318,-20,AGUA
-58,491,-17,AGUA
-49,318,-17,AGUA
-49,318,-19,AGUA
-49,318,-18,AGUA
-60,312,-17,AGUA
-61,108,-17,AGUA
-58,622,-17,AGUA
-52,315,-17,AGUA
-49,521,-21,AGUA
-49,521,-22,AGUA
-49,521,-20,AGUA
-57,101,-17,AGUA
-49,521,-25,AGUA
-49,521,-26,AGUA
-49,521,-23,AGUA
-49,521,-24,AGUA
-49,521,-18,AGUA
-49,521,-19,AGUA
-49,521,-17,AGUA
-50,505,-17,AGUA
-53,195,-17,AGUA
-59,384,-32,AGUA
-58,279,-17,AGUA
-61,205,-17,AGUA
-57,517,-17,AGUA
-54,445,-17,AGUA
-52,433,-17,AGUA
-62,381,-32,AGUA
-62,442,-17,AGUA
-61,464,-17,AGUA
-49,19,-31,AGUA
-49,19,-30,AGUA
-62,381,-17,AGUA
-51,482,-17,AGUA
-60,571,-17,AGUA
-59,113,-17,AGUA
-52,433,-32,AGUA
-58,669,-17,AGUA
-56,325,-17,AGUA
-49,19,-17,AGUA
-49,19,-19,AGUA
-49,19,-18,AGUA
-51,540,-17,AGUA
-49,248,-29,AGUA
-49,248,-25,AGUA
-56,469,-17,AGUA
-49,248,-26,AGUA
-49,248,-27,AGUA
-49,248,-28,AGUA
-49,19,-28,AGUA
-49,19,-27,AGUA
-49,19,-29,AGUA
-49,248,-30,AGUA
-49,248,-31,AGUA
-49,19,-20,AGUA
-49,19,-22,AGUA
-49,19,-21,AGUA
-49,19,-24,AGUA
-49,19,-23,AGUA
-49,19,-26,AGUA
-49,19,-25,AGUA
-50,233,-17,AGUA
-49,248,-18,AGUA
-49,248,-19,AGUA
-49,248,-17,AGUA
-49,248,-21,AGUA
-49,248,-22,AGUA
-49,248,-23,AGUA
-49,248,-24,AGUA
-58,84,-17,AGUA
-49,248,-20,AGUA
-54,659,-17,AGUA
-55,408,-32,AGUA
-49,306,-24,AGUA
-49,306,-25,AGUA
-60,157,-17,AGUA
-49,306,-22,AGUA
-49,306,-23,AGUA
-49,306,-28,AGUA
-49,306,-29,AGUA
-62,512,-17,AGUA
-49,306,-26,AGUA
-49,306,-27,AGUA
-54,515,-17,AGUA
-50,435,-32,AGUA
-52,7,-17,AGUA
-54,9,-17,AGUA
-57,303,-17,AGUA
-64,252,-17,AGUA
-49,306,-31,AGUA
-62,240,-17,AGUA
-63,274,-17,AGUA
-49,306,-30,AGUA
-62,498,-17,AGUA
-49,306,-17,AGUA
-49,306,-18,AGUA
-49,306,-19,AGUA
-58,552,-17,AGUA
-49,306,-20,AGUA
-49,306,-21,AGUA
-55,277,-17,AGUA
-60,215,-17,AGUA
-49,64,-17,AGUA
-52,101,-17,AGUA
-54,384,-32,AGUA
-60,430,-32,AGUA
-58,36,-17,AGUA
-52,647,-17,AGUA
-49,64,-24,AGUA
-49,64,-23,AGUA
-49,64,-22,AGUA
-49,64,-21,AGUA
-49,64,-28,AGUA
-49,64,-27,AGUA
-49,64,-26,AGUA
-49,64,-25,AGUA
-60,298,-17,AGUA
-49,64,-20,AGUA
-49,64,-19,AGUA
-49,64,-18,AGUA
-58,350,-17,AGUA
-49,64,-32,AGUA
-49,459,-32,AGUA
-60,227,-17,AGUA
-49,459,-31,AGUA
-49,459,-30,AGUA
-63,476,-17,AGUA
-49,64,-31,AGUA
-49,64,-30,AGUA
-49,459,-26,AGUA
-49,459,-25,AGUA
-58,610,-17,AGUA
-49,459,-24,AGUA
-62,463,-17,AGUA
-49,64,-29,AGUA
-49,459,-23,AGUA
-49,459,-29,AGUA
-49,459,-28,AGUA
-49,459,-27,AGUA
-51,126,-17,AGUA
-49,403,-22,AGUA
-49,403,-23,AGUA
-49,403,-20,AGUA
-50,435,-17,AGUA
-49,403,-21,AGUA
-49,459,-22,AGUA
-49,459,-21,AGUA
-49,459,-20,AGUA
-55,432,-32,AGUA
-51,197,-17,AGUA
-49,403,-19,AGUA
-49,403,-17,AGUA
-49,403,-18,AGUA
-49,459,-19,AGUA
-49,459,-18,AGUA
-49,459,-17,AGUA
-60,477,-17,AGUA
-51,599,-17,AGUA
-61,666,-17,AGUA
-62,31,-17,AGUA
-60,653,-17,AGUA
-62,78,-17,AGUA
-61,192,-17,AGUA
-60,430,-17,AGUA
-49,638,-31,AGUA
-60,145,-17,AGUA
-62,357,-17,AGUA
-52,398,-32,AGUA
-60,251,-17,AGUA
-64,606,-17,AGUA
-64,51,-17,AGUA
-60,583,-17,AGUA
-51,636,-17,AGUA
-61,4,-17,AGUA
-49,638,-17,AGUA
-49,638,-18,AGUA
-49,638,-19,AGUA
-55,611,-17,AGUA
-52,421,-32,AGUA
-49,638,-30,AGUA
-49,638,-20,AGUA
-49,638,-21,AGUA
-49,638,-22,AGUA
-49,638,-23,AGUA
-49,638,-24,AGUA
-49,638,-25,AGUA
-49,638,-26,AGUA
-49,638,-27,AGUA
-52,327,-17,AGUA
-49,638,-28,AGUA
-49,638,-29,AGUA
-49,472,-19,AGUA
-49,472,-17,AGUA
-56,373,-17,AGUA
-49,472,-18,AGUA
-50,115,-17,AGUA
-63,335,-17,AGUA
-49,472,-22,AGUA
-49,472,-23,AGUA
-49,472,-20,AGUA
-49,472,-21,AGUA
-49,472,-26,AGUA
-64,27,-17,AGUA
-49,472,-27,AGUA
-49,472,-24,AGUA
-49,472,-25,AGUA
-49,472,-28,AGUA
-49,472,-29,AGUA
-60,547,-17,AGUA
-63,156,-17,AGUA
-62,393,-32,AGUA
-58,670,-17,AGUA
-52,421,-17,AGUA
-49,472,-30,AGUA
-53,183,-17,AGUA
-49,472,-31,AGUA
-49,472,-32,AGUA
-49,403,-31,AGUA
-49,403,-32,AGUA
-49,403,-30,AGUA
-50,517,-17,AGUA
-57,421,-17,AGUA
-58,657,-17,AGUA
-58,96,-17,AGUA
-49,403,-28,AGUA
-49,403,-29,AGUA
-49,403,-26,AGUA
-49,403,-27,AGUA
-49,403,-24,AGUA
-54,231,-17,AGUA
-49,403,-25,AGUA
-58,183,-17,AGUA
-61,631,-17,AGUA
-63,558,-17,AGUA
-49,318,-32,AGUA
-62,393,-17,AGUA
-60,110,-17,AGUA
-57,421,-32,AGUA
-49,366,-27,AGUA
-61,525,-17,AGUA
-49,366,-26,AGUA
-49,366,-25,AGUA
-49,366,-24,AGUA
-49,366,-23,AGUA
-49,366,-22,AGUA
-59,433,-17,AGUA
-49,366,-21,AGUA
-51,279,-17,AGUA
-49,366,-20,AGUA
-60,181,-17,AGUA
-62,287,-17,AGUA
-61,346,-17,AGUA
-49,366,-19,AGUA
-49,366,-18,AGUA
-49,366,-17,AGUA
-58,516,-17,AGUA
-54,291,-17,AGUA
-64,334,-17,AGUA
-51,219,-17,AGUA
-63,643,-17,AGUA
-56,149,-17,AGUA
-51,162,-17,AGUA
-59,409,-17,AGUA
-58,385,-17,AGUA
-64,560,-17,AGUA
-57,623,-17,AGUA
-58,587,-17,AGUA
-52,481,-17,AGUA
-58,314,-17,AGUA
-60,368,-17,AGUA
-58,385,-32,AGUA
-54,493,-17,AGUA
-59,409,-32,AGUA
-59,635,-17,AGUA
-52,53,-17,AGUA
-56,575,-17,AGUA
-53,103,-17,AGUA
-49,342,-30,AGUA
-49,342,-31,AGUA
-55,386,-32,AGUA
-54,339,-17,AGUA
-49,342,-27,AGUA
-49,342,-26,AGUA
-49,342,-29,AGUA
-49,342,-28,AGUA
-51,373,-17,AGUA
-49,342,-23,AGUA
-49,342,-22,AGUA
-49,342,-25,AGUA
-49,342,-24,AGUA
-49,342,-21,AGUA
-49,342,-20,AGUA
-61,416,-17,AGUA
-63,441,-17,AGUA
-49,342,-19,AGUA
-62,18,-17,AGUA
-49,342,-18,AGUA
-49,342,-17,AGUA
-50,400,-32,AGUA
-58,114,-17,AGUA
-62,178,-17,AGUA
-50,671,-17,AGUA
-59,89,-17,AGUA
-54,161,-17,AGUA
-50,611,-17,AGUA
-64,204,-17,AGUA
-51,504,-17,AGUA
-63,226,-17,AGUA
-54,137,-17,AGUA
-64,143,-17,AGUA
-53,159,-17,AGUA
-51,575,-17,AGUA
-51,349,-17,AGUA
-57,351,-17,AGUA
-62,333,-17,AGUA
-54,563,-17,AGUA
-52,351,-17,AGUA
-54,207,-17,AGUA
-60,523,-17,AGUA
-49,140,-19,AGUA
-61,570,-17,AGUA
-49,140,-18,AGUA
-49,140,-17,AGUA
-56,61,-17,AGUA
-61,285,-17,AGUA
-49,140,-23,AGUA
-49,140,-22,AGUA
-49,140,-25,AGUA
-49,140,-24,AGUA
-49,140,-21,AGUA
-49,140,-20,AGUA
-50,541,-17,AGUA
-58,0,-17,AGUA
-49,140,-27,AGUA
-49,140,-26,AGUA
-49,140,-29,AGUA
-49,140,-28,AGUA
-63,582,-17,AGUA
-49,140,-30,AGUA
-58,244,-17,AGUA
-49,140,-32,AGUA
-49,140,-31,AGUA
-55,541,-17,AGUA
-56,434,-32,AGUA
-54,409,-32,AGUA
-61,96,-17,AGUA
-51,232,-17,AGUA
-54,409,-17,AGUA
-63,511,-17,AGUA
-61,25,-17,AGUA
-55,69,-17,AGUA
-51,255,-17,AGUA
-52,551,-17,AGUA
-49,41,-31,AGUA
-49,41,-30,AGUA
-63,631,-17,AGUA
-64,393,-17,AGUA
-63,453,-17,AGUA
-50,315,-17,AGUA
-58,528,-17,AGUA
-51,38,-17,AGUA
-62,110,-17,AGUA
-60,381,-32,AGUA
-50,209,-17,AGUA
-54,99,-17,AGUA
-49,533,-29,AGUA
-49,533,-28,AGUA
-49,533,-27,AGUA
-49,436,-29,AGUA
-49,436,-28,AGUA
-49,533,-26,AGUA
-49,436,-27,AGUA
-57,43,-17,AGUA
-49,436,-26,AGUA
-61,323,-17,AGUA
-49,436,-25,AGUA
-49,436,-24,AGUA
-63,428,-17,AGUA
-49,533,-32,AGUA
-49,533,-31,AGUA
-49,533,-30,AGUA
-49,436,-32,AGUA
-49,436,-31,AGUA
-49,436,-30,AGUA
-49,533,-18,AGUA
-49,533,-17,AGUA
-49,436,-19,AGUA
-49,436,-18,AGUA
-49,436,-17,AGUA
-52,125,-17,AGUA
-49,533,-19,AGUA
-56,396,-32,AGUA
-54,327,-17,AGUA
-49,436,-23,AGUA
-49,533,-21,AGUA
-54,361,-17,AGUA
-49,533,-20,AGUA
-49,436,-22,AGUA
-54,149,-17,AGUA
-49,436,-21,AGUA
-49,436,-20,AGUA
-49,533,-25,AGUA
-49,533,-24,AGUA
-49,533,-23,AGUA
-49,533,-22,AGUA
-56,73,-17,AGUA
-63,69,-17,AGUA
-56,491,-17,AGUA
-56,39,-17,AGUA
-60,595,-17,AGUA
-59,563,-17,AGUA
-64,501,-17,AGUA
-64,393,-32,AGUA
-49,603,-19,AGUA
-63,358,-17,AGUA
-64,39,-17,AGUA
-49,603,-18,AGUA
-49,603,-17,AGUA
-49,603,-21,AGUA
-49,603,-20,AGUA
-61,618,-17,AGUA
-58,208,-17,AGUA
-57,408,-32,AGUA
-64,240,-17,AGUA
-62,191,-17,AGUA
-62,430,-17,AGUA
-62,252,-17,AGUA
-56,279,-17,AGUA
-60,78,-17,AGUA
-55,517,-17,AGUA
-62,43,-17,AGUA
-61,548,-17,AGUA
-63,192,-17,AGUA
-49,495,-18,AGUA
-49,495,-19,AGUA
-49,495,-17,AGUA
-51,350,-17,AGUA
-57,444,-32,AGUA
-49,495,-21,AGUA
-49,495,-22,AGUA
-49,495,-20,AGUA
-64,629,-17,AGUA
-49,495,-29,AGUA
-49,495,-27,AGUA
-49,272,-19,AGUA
-49,495,-28,AGUA
-49,495,-25,AGUA
-49,272,-17,AGUA
-49,495,-26,AGUA
-49,272,-18,AGUA
-49,495,-23,AGUA
-49,495,-24,AGUA
-50,423,-32,AGUA
-54,469,-17,AGUA
-60,381,-17,AGUA
-49,495,-32,AGUA
-56,137,-17,AGUA
-49,495,-30,AGUA
-49,495,-31,AGUA
-56,171,-17,AGUA
-49,272,-31,AGUA
-49,272,-32,AGUA
-49,272,-30,AGUA
-64,463,-17,AGUA
-50,423,-17,AGUA
-51,516,-17,AGUA
-49,41,-18,AGUA
-49,41,-17,AGUA
-63,300,-17,AGUA
-49,272,-24,AGUA
-63,24,-17,AGUA
-49,272,-25,AGUA
-49,272,-22,AGUA
-49,272,-23,AGUA
-49,272,-20,AGUA
-49,272,-21,AGUA
-49,41,-19,AGUA
-51,185,-17,AGUA
-49,603,-25,AGUA
-49,603,-24,AGUA
-49,603,-23,AGUA
-49,603,-22,AGUA
-49,272,-28,AGUA
-49,603,-29,AGUA
-49,603,-28,AGUA
-49,272,-29,AGUA
-49,603,-27,AGUA
-49,272,-26,AGUA
-49,272,-27,AGUA
-49,603,-26,AGUA
-49,41,-21,AGUA
-49,41,-20,AGUA
-63,108,-17,AGUA
-49,603,-32,AGUA
-49,603,-31,AGUA
-49,603,-30,AGUA
-49,41,-29,AGUA
-60,275,-17,AGUA
-49,41,-28,AGUA
-49,41,-27,AGUA
-49,41,-26,AGUA
-49,41,-25,AGUA
-49,41,-24,AGUA
-49,41,-23,AGUA
-49,41,-22,AGUA
-49,366,-31,AGUA
-49,366,-30,AGUA
-56,657,-17,AGUA
-51,670,-17,AGUA
-52,233,-17,AGUA
-58,540,-17,AGUA
-58,362,-17,AGUA
-49,366,-29,AGUA
-49,366,-28,AGUA
-62,653,-17,AGUA
-51,669,-17,AGUA
-52,659,-17,AGUA
-63,619,-17,AGUA
-50,245,-17,AGUA
-54,647,-17,AGUA
-49,118,-29,AGUA
-49,118,-28,AGUA
-49,118,-27,AGUA
-49,118,-26,AGUA
-60,345,-17,AGUA
-49,118,-25,AGUA
-61,48,-17,AGUA
-49,118,-24,AGUA
-52,19,-17,AGUA
-49,118,-23,AGUA
-64,310,-17,AGUA
-49,118,-31,AGUA
-60,442,-17,AGUA
-49,118,-30,AGUA
-52,386,-32,AGUA
-49,118,-19,AGUA
-49,118,-18,AGUA
-49,118,-17,AGUA
-58,337,-17,AGUA
-49,118,-22,AGUA
-49,118,-21,AGUA
-49,118,-20,AGUA
-49,236,-21,AGUA
-49,236,-20,AGUA
-60,442,-32,AGUA
-49,236,-25,AGUA
-56,457,-17,AGUA
-49,236,-24,AGUA
-63,60,-17,AGUA
-49,236,-23,AGUA
-49,236,-22,AGUA
-53,479,-17,AGUA
-49,650,-19,AGUA
-64,440,-32,AGUA
-49,650,-23,AGUA
-49,650,-22,AGUA
-49,650,-25,AGUA
-49,650,-24,AGUA
-49,650,-27,AGUA
-49,650,-26,AGUA
-49,650,-29,AGUA
-49,650,-28,AGUA
-62,500,-17,AGUA
-49,236,-18,AGUA
-49,236,-17,AGUA
-49,650,-21,AGUA
-61,132,-17,AGUA
-60,619,-17,AGUA
-49,650,-20,AGUA
-49,236,-19,AGUA
-49,236,-31,AGUA
-49,236,-30,AGUA
-49,2,-30,AGUA
-49,2,-31,AGUA
-51,138,-17,AGUA
-49,2,-29,AGUA
-49,236,-29,AGUA
-49,236,-28,AGUA
-49,236,-27,AGUA
-50,103,-17,AGUA
-49,236,-26,AGUA
-49,650,-30,AGUA
-49,650,-31,AGUA
-62,310,-17,AGUA
-61,73,-17,AGUA
-62,1,-17,AGUA
-53,279,-17,AGUA
-56,527,-17,AGUA
-57,505,-17,AGUA
-57,91,-17,AGUA
-62,155,-17,AGUA
-63,133,-17,AGUA
-52,517,-17,AGUA
-58,422,-17,AGUA
-58,325,-17,AGUA
-55,479,-17,AGUA
-49,175,-30,AGUA
-54,113,-17,AGUA
-49,175,-31,AGUA
-62,429,-17,AGUA
-63,203,-17,AGUA
-60,500,-17,AGUA
-49,175,-26,AGUA
-49,175,-27,AGUA
-49,175,-24,AGUA
-49,175,-25,AGUA
-49,175,-28,AGUA
-49,175,-29,AGUA
-49,175,-22,AGUA
-49,175,-23,AGUA
-49,175,-20,AGUA
-49,175,-21,AGUA
-58,267,-17,AGUA
-53,221,-17,AGUA
-59,515,-17,AGUA
-49,175,-19,AGUA
-49,175,-17,AGUA
-49,175,-18,AGUA
-62,429,-32,AGUA
-62,583,-17,AGUA
-49,590,-18,AGUA
-51,411,-32,AGUA
-49,590,-19,AGUA
-49,590,-17,AGUA
-52,303,-17,AGUA
-51,280,-17,AGUA
-61,262,-17,AGUA
-57,374,-32,AGUA
-59,315,-17,AGUA
-51,411,-17,AGUA
-49,590,-30,AGUA
-49,590,-31,AGUA
-58,467,-17,AGUA
-52,173,-17,AGUA
-49,590,-25,AGUA
-49,590,-26,AGUA
-49,590,-23,AGUA
-49,590,-24,AGUA
-49,590,-21,AGUA
-49,590,-22,AGUA
-49,590,-20,AGUA
-60,300,-17,AGUA
-49,590,-29,AGUA
-51,469,-17,AGUA
-49,590,-27,AGUA
-49,590,-28,AGUA
-57,289,-17,AGUA
-64,239,-17,AGUA
-57,635,-17,AGUA
-58,575,-17,AGUA
-58,397,-17,AGUA
-64,370,-17,AGUA
-64,346,-17,AGUA
-51,85,-17,AGUA
-55,101,-17,AGUA
-62,536,-17,AGUA
-64,498,-17,AGUA
-49,378,-30,AGUA
-49,378,-31,AGUA
-49,378,-32,AGUA
-54,457,-17,AGUA
-49,378,-27,AGUA
-49,378,-28,AGUA
-49,330,-17,AGUA
-49,378,-29,AGUA
-49,330,-18,AGUA
-53,541,-17,AGUA
-49,330,-19,AGUA
-59,445,-17,AGUA
-57,384,-32,AGUA
-58,102,-17,AGUA
-49,128,-20,AGUA
-49,128,-21,AGUA
-49,128,-22,AGUA
-49,128,-23,AGUA
-49,378,-20,AGUA
-49,378,-21,AGUA
-49,378,-22,AGUA
-49,378,-23,AGUA
-59,445,-32,AGUA
-49,378,-24,AGUA
-62,215,-17,AGUA
-49,378,-25,AGUA
-49,378,-26,AGUA
-49,378,-17,AGUA
-49,378,-18,AGUA
-49,378,-19,AGUA
-49,128,-17,AGUA
-49,128,-18,AGUA
-49,128,-19,AGUA
-59,77,-17,AGUA
-52,671,-17,AGUA
-53,669,-17,AGUA
-49,152,-30,AGUA
-49,152,-31,AGUA
-55,505,-17,AGUA
-56,291,-17,AGUA
-51,150,-17,AGUA
-49,152,-23,AGUA
-49,152,-24,AGUA
-49,152,-21,AGUA
-49,152,-22,AGUA
-49,152,-20,AGUA
-49,152,-29,AGUA
-49,152,-27,AGUA
-49,152,-28,AGUA
-49,152,-25,AGUA
-49,152,-26,AGUA
-58,397,-32,AGUA
-52,65,-17,AGUA
-60,10,-17,AGUA
-53,1,-17,AGUA
-62,560,-17,AGUA
-63,298,-17,AGUA
-49,152,-18,AGUA
-49,152,-19,AGUA
-49,152,-17,AGUA
-52,243,-17,AGUA
-64,593,-17,AGUA
-62,368,-17,AGUA
-58,432,-17,AGUA
-58,61,-17,AGUA
-52,493,-17,AGUA
-56,267,-17,AGUA
-51,539,-17,AGUA
-63,323,-17,AGUA
-49,2,-20,AGUA
-51,95,-17,AGUA
-49,2,-23,AGUA
-49,2,-24,AGUA
-49,2,-21,AGUA
-49,2,-22,AGUA
-49,2,-27,AGUA
-50,623,-17,AGUA
-49,2,-28,AGUA
-49,2,-25,AGUA
-49,2,-26,AGUA
-49,2,-18,AGUA
-49,2,-19,AGUA
-51,385,-17,AGUA
-61,606,-17,AGUA
-51,563,-17,AGUA
-63,262,-17,AGUA
-57,315,-17,AGUA
-56,337,-17,AGUA
-49,2,-17,AGUA
-51,624,-17,AGUA
-49,650,-18,AGUA
-49,650,-17,AGUA
-59,125,-17,AGUA
-57,161,-17,AGUA
-61,452,-17,AGUA
-60,55,-17,AGUA
-58,147,-17,AGUA
-63,416,-17,AGUA
-51,385,-32,AGUA
-64,178,-17,AGUA
-51,470,-17,AGUA
-52,409,-17,AGUA
-60,20,-17,AGUA
-52,409,-32,AGUA
-61,488,-17,AGUA
-64,120,-17,AGUA
-55,289,-17,AGUA
-55,351,-17,AGUA
-57,5,-17,AGUA
-62,66,-17,AGUA
-49,330,-30,AGUA
-49,330,-31,AGUA
-49,580,-18,AGUA
-49,330,-32,AGUA
-54,527,-17,AGUA
-49,580,-17,AGUA
-49,580,-19,AGUA
-49,330,-27,AGUA
-53,349,-17,AGUA
-49,330,-28,AGUA
-60,405,-32,AGUA
-49,330,-29,AGUA
-49,580,-21,AGUA
-49,580,-20,AGUA
-49,580,-23,AGUA
-49,330,-23,AGUA
-49,330,-24,AGUA
-49,580,-22,AGUA
-49,580,-25,AGUA
-49,330,-25,AGUA
-49,580,-24,AGUA
-49,330,-26,AGUA
-49,580,-27,AGUA
-49,580,-26,AGUA
-49,330,-20,AGUA
-49,580,-29,AGUA
-49,330,-21,AGUA
-49,580,-28,AGUA
-49,330,-22,AGUA
-61,167,-17,AGUA
-49,580,-30,AGUA
-49,580,-31,AGUA
-52,563,-17,AGUA
-56,587,-17,AGUA
-62,630,-17,AGUA
-54,481,-17,AGUA
-51,50,-17,AGUA
-54,219,-17,AGUA
-60,405,-17,AGUA
-49,99,-17,AGUA
-49,99,-18,AGUA
-49,99,-19,AGUA
-51,220,-17,AGUA
-57,597,-17,AGUA
-56,207,-17,AGUA
-63,7,-17,AGUA
-56,231,-17,AGUA
-63,392,-17,AGUA
-52,209,-17,AGUA
-63,666,-17,AGUA
-62,475,-17,AGUA
-49,99,-20,AGUA
-49,99,-21,AGUA
-49,99,-22,AGUA
-49,99,-23,AGUA
-49,99,-24,AGUA
-49,99,-25,AGUA
-49,99,-26,AGUA
-49,99,-27,AGUA
-54,396,-32,AGUA
-49,99,-28,AGUA
-63,59,-17,AGUA
-49,99,-29,AGUA
-59,410,-32,AGUA
-63,368,-17,AGUA
-55,11,-17,AGUA
-50,398,-32,AGUA
-61,558,-17,AGUA
-49,99,-30,AGUA
-49,99,-31,AGUA
-49,99,-32,AGUA
-53,599,-17,AGUA
-64,285,-17,AGUA
-62,145,-17,AGUA
-58,645,-17,AGUA
-55,159,-17,AGUA
-61,582,-17,AGUA
-51,316,-17,AGUA
-62,606,-17,AGUA
-58,24,-17,AGUA
-63,570,-17,AGUA
-63,523,-17,AGUA
-60,620,-17,AGUA
-62,90,-17,AGUA
-64,416,-17,AGUA
-55,444,-32,AGUA
-61,358,-17,AGUA
-61,382,-17,AGUA
-49,626,-32,AGUA
-49,626,-31,AGUA
-49,626,-30,AGUA
-60,335,-17,AGUA
-49,626,-29,AGUA
-49,626,-28,AGUA
-50,553,-17,AGUA
-49,626,-27,AGUA
-49,626,-26,AGUA
-49,626,-25,AGUA
-54,551,-17,AGUA
-49,626,-24,AGUA
-49,626,-23,AGUA
-49,626,-22,AGUA
-49,626,-21,AGUA
-49,626,-20,AGUA
-64,416,-32,AGUA
-63,238,-17,AGUA
-49,626,-19,AGUA
-49,626,-18,AGUA
-49,626,-17,AGUA
-53,23,-17,AGUA
-64,559,-17,AGUA
-51,446,-32,AGUA
-52,339,-17,AGUA
-56,361,-17,AGUA
-51,446,-17,AGUA
-53,373,-17,AGUA
-58,171,-17,AGUA
-61,513,-17,AGUA
-56,49,-17,AGUA
-63,70,-17,AGUA
-50,529,-17,AGUA
-62,275,-17,AGUA
-60,122,-17,AGUA
-61,428,-17,AGUA
-52,611,-17,AGUA
-64,63,-17,AGUA
-49,128,-31,AGUA
-49,213,-19,AGUA
-49,213,-18,AGUA
-49,213,-17,AGUA
-49,128,-30,AGUA
-49,282,-29,AGUA
-49,282,-28,AGUA
-49,282,-27,AGUA
-49,128,-28,AGUA
-49,213,-26,AGUA
-49,282,-22,AGUA
-49,128,-29,AGUA
-49,213,-25,AGUA
-49,282,-21,AGUA
-49,213,-24,AGUA
-49,282,-20,AGUA
-49,213,-23,AGUA
-49,128,-24,AGUA
-49,282,-26,AGUA
-49,213,-22,AGUA
-49,282,-25,AGUA
-49,128,-25,AGUA
-49,213,-21,AGUA
-49,282,-24,AGUA
-49,128,-26,AGUA
-49,213,-20,AGUA
-49,128,-27,AGUA
-49,282,-23,AGUA
-49,213,-29,AGUA
-49,213,-28,AGUA
-49,213,-27,AGUA
-61,228,-17,AGUA
-54,421,-32,AGUA
-49,282,-19,AGUA
-49,282,-18,AGUA
-49,282,-17,AGUA
-61,643,-17,AGUA
-60,665,-17,AGUA
-49,213,-31,AGUA
-49,213,-30,AGUA
-49,556,-32,AGUA
-49,556,-31,AGUA
-49,556,-30,AGUA
-49,556,-29,AGUA
-49,556,-28,AGUA
-49,556,-27,AGUA
-49,556,-26,AGUA
-49,556,-25,AGUA
-59,623,-17,AGUA
-62,406,-17,AGUA
-54,421,-17,AGUA
-49,556,-24,AGUA
-49,556,-23,AGUA
-49,556,-22,AGUA
-49,556,-21,AGUA
-49,556,-20,AGUA
-58,302,-17,AGUA
-49,556,-19,AGUA
-49,556,-18,AGUA
-49,556,-17,AGUA
-60,465,-17,AGUA
-55,183,-17,AGUA
-63,168,-17,AGUA
-50,161,-17,AGUA
-59,219,-17,AGUA
-49,532,-24,AGUA
-49,532,-23,AGUA
-49,532,-26,AGUA
-49,532,-25,AGUA
-49,532,-20,AGUA
-49,532,-22,AGUA
-49,532,-21,AGUA
-49,176,-23,AGUA
-49,176,-24,AGUA
-49,176,-25,AGUA
-60,204,-17,AGUA
-49,176,-26,AGUA
-64,547,-17,AGUA
-49,176,-27,AGUA
-49,532,-17,AGUA
-61,322,-17,AGUA
-49,176,-28,AGUA
-49,176,-29,AGUA
-49,532,-19,AGUA
-49,532,-18,AGUA
-49,176,-20,AGUA
-49,176,-21,AGUA
-49,176,-22,AGUA
-61,369,-17,AGUA
-62,487,-17,AGUA
-49,532,-31,AGUA
-49,532,-30,AGUA
-49,532,-28,AGUA
-63,429,-17,AGUA
-49,532,-27,AGUA
-58,59,-17,AGUA
-49,532,-29,AGUA
-52,221,-17,AGUA
-49,176,-30,AGUA
-49,176,-31,AGUA
-63,132,-17,AGUA
-49,579,-19,AGUA
-49,579,-18,AGUA
-49,579,-17,AGUA
-60,607,-17,AGUA
-50,67,-17,AGUA
-49,579,-23,AGUA
-49,579,-22,AGUA
-49,579,-21,AGUA
-49,579,-20,AGUA
-55,349,-17,AGUA
-59,289,-17,AGUA
-49,579,-27,AGUA
-49,579,-26,AGUA
-49,579,-25,AGUA
-49,579,-24,AGUA
-49,579,-29,AGUA
-49,579,-28,AGUA
-49,579,-30,AGUA
-49,579,-32,AGUA
-49,579,-31,AGUA
-49,282,-32,AGUA
-49,282,-31,AGUA
-49,282,-30,AGUA
-56,161,-17,AGUA
-63,535,-17,AGUA
-50,411,-17,AGUA
-57,19,-17,AGUA
-64,297,-17,AGUA
-51,173,-17,AGUA
-58,124,-17,AGUA
-61,216,-17,AGUA
-51,1,-17,AGUA
-63,452,-17,AGUA
-58,527,-17,AGUA
-51,256,-17,AGUA
-58,597,-17,AGUA
-54,351,-17,AGUA
-50,411,-32,AGUA
-57,159,-17,AGUA
-53,83,-17,AGUA
-49,496,-17,AGUA
-60,79,-17,AGUA
-49,496,-18,AGUA
-59,29,-17,AGUA
-50,481,-17,AGUA
-63,499,-17,AGUA
-62,167,-17,AGUA
-61,49,-17,AGUA
-49,259,-29,AGUA
-49,259,-28,AGUA
-49,259,-27,AGUA
-49,259,-26,AGUA
-60,168,-17,AGUA
-49,259,-25,AGUA
-52,541,-17,AGUA
-49,496,-30,AGUA
-49,496,-31,AGUA
-49,259,-32,AGUA
-60,32,-17,AGUA
-49,259,-31,AGUA
-49,259,-30,AGUA
-49,496,-19,AGUA
-49,259,-19,AGUA
-49,259,-18,AGUA
-49,259,-17,AGUA
-49,259,-24,AGUA
-49,259,-23,AGUA
-49,496,-20,AGUA
-49,259,-22,AGUA
-49,496,-21,AGUA
-49,259,-21,AGUA
-49,259,-20,AGUA
-61,405,-17,AGUA
-49,496,-26,AGUA
-49,496,-27,AGUA
-49,496,-28,AGUA
-49,496,-29,AGUA
-49,496,-22,AGUA
-49,496,-23,AGUA
-49,496,-24,AGUA
-49,496,-25,AGUA
-59,99,-17,AGUA
-60,560,-17,AGUA
-63,109,-17,AGUA
-64,227,-17,AGUA
-52,291,-17,AGUA
-55,669,-17,AGUA
-61,405,-32,AGUA
-62,417,-17,AGUA
-58,207,-17,AGUA
-60,274,-17,AGUA
-63,179,-17,AGUA
-63,215,-17,AGUA
-61,619,-17,AGUA
-51,37,-17,AGUA
-51,493,-17,AGUA
-57,409,-17,AGUA
-57,479,-17,AGUA
-62,417,-32,AGUA
-52,457,-17,AGUA
-53,47,-17,AGUA
-57,409,-32,AGUA
-58,338,-17,AGUA
-60,441,-17,AGUA
-60,488,-17,AGUA
-57,445,-17,AGUA
-60,240,-17,AGUA
-58,563,-17,AGUA
-62,42,-17,AGUA
-62,251,-17,AGUA
-62,501,-17,AGUA
-60,441,-32,AGUA
-61,133,-17,AGUA
-49,365,-17,AGUA
-63,263,-17,AGUA
-59,255,-17,AGUA
-49,365,-20,AGUA
-49,365,-22,AGUA
-49,365,-21,AGUA
-49,365,-24,AGUA
-49,365,-23,AGUA
-49,365,-26,AGUA
-49,365,-25,AGUA
-49,365,-28,AGUA
-49,365,-27,AGUA
-49,365,-19,AGUA
-49,365,-18,AGUA
-53,149,-17,AGUA
-60,643,-17,AGUA
-62,370,-17,AGUA
-49,365,-31,AGUA
-49,365,-30,AGUA
-54,373,-17,AGUA
-64,99,-17,AGUA
-62,654,-17,AGUA
-49,365,-29,AGUA
-63,618,-17,AGUA
-57,243,-17,AGUA
-50,33,-17,AGUA
-49,448,-30,AGUA
-50,647,-17,AGUA
-49,448,-31,AGUA
-53,611,-17,AGUA
-64,108,-17,AGUA
-49,448,-23,AGUA
-49,448,-24,AGUA
-49,448,-25,AGUA
-49,448,-26,AGUA
-49,448,-27,AGUA
-49,448,-28,AGUA
-62,571,-17,AGUA
-49,448,-29,AGUA
-59,303,-17,AGUA
-51,339,-17,AGUA
-62,453,-17,AGUA
-64,311,-17,AGUA
-61,72,-17,AGUA
-57,445,-32,AGUA
-51,598,-17,AGUA
-55,421,-17,AGUA
-54,315,-17,AGUA
-58,611,-17,AGUA
-55,433,-17,AGUA
-58,410,-17,AGUA
-52,505,-17,AGUA
-49,260,-31,AGUA
-49,260,-30,AGUA
-56,195,-17,AGUA
-56,183,-17,AGUA
-52,77,-17,AGUA
-53,623,-17,AGUA
-49,448,-20,AGUA
-49,448,-21,AGUA
-49,448,-22,AGUA
-55,421,-32,AGUA
-49,260,-24,AGUA
-49,260,-23,AGUA
-49,260,-26,AGUA
-60,357,-17,AGUA
-49,260,-25,AGUA
-49,260,-20,AGUA
-64,87,-17,AGUA
-49,260,-22,AGUA
-58,480,-17,AGUA
-49,260,-21,AGUA
-56,397,-32,AGUA
-49,260,-28,AGUA
-49,260,-27,AGUA
-49,448,-17,AGUA
-49,448,-18,AGUA
-49,260,-29,AGUA
-49,448,-19,AGUA
-54,587,-17,AGUA
-63,346,-17,AGUA
-64,381,-32,AGUA
-49,260,-17,AGUA
-49,260,-19,AGUA
-49,260,-18,AGUA
-61,536,-17,AGUA
-53,539,-17,AGUA
-56,397,-17,AGUA
-56,125,-17,AGUA
-55,45,-17,AGUA
-56,27,-17,AGUA
-62,298,-17,AGUA
-54,385,-32,AGUA
-51,612,-17,AGUA
-59,645,-17,AGUA
-49,106,-22,AGUA
-49,106,-23,AGUA
-49,106,-20,AGUA
-49,106,-21,AGUA
-49,106,-19,AGUA
-49,106,-17,AGUA
-49,106,-18,AGUA
-55,635,-17,AGUA
-49,106,-31,AGUA
-49,106,-30,AGUA
-59,65,-17,AGUA
-57,231,-17,AGUA
-49,106,-28,AGUA
-49,106,-29,AGUA
-49,106,-26,AGUA
-49,106,-27,AGUA
-49,106,-24,AGUA
-49,106,-25,AGUA
-54,385,-17,AGUA
-51,125,-17,AGUA
-56,97,-17,AGUA
-52,374,-32,AGUA
-59,444,-32,AGUA
-49,176,-17,AGUA
-49,176,-18,AGUA
-49,176,-19,AGUA
-49,331,-31,AGUA
-49,331,-30,AGUA
-55,397,-32,AGUA
-51,410,-32,AGUA
-49,331,-24,AGUA
-60,406,-32,AGUA
-49,331,-25,AGUA
-49,331,-22,AGUA
-49,331,-23,AGUA
-49,331,-28,AGUA
-49,331,-29,AGUA
-49,331,-26,AGUA
-49,331,-27,AGUA
-53,587,-17,AGUA
-49,331,-20,AGUA
-61,594,-17,AGUA
-49,331,-21,AGUA
-63,47,-17,AGUA
-61,121,-17,AGUA
-49,331,-19,AGUA
-61,370,-17,AGUA
-61,168,-17,AGUA
-54,75,-17,AGUA
-51,410,-17,AGUA
-52,575,-17,AGUA
-60,406,-17,AGUA
-58,60,-17,AGUA
-62,642,-17,AGUA
-53,35,-17,AGUA
-64,428,-32,AGUA
-58,396,-17,AGUA
-49,627,-18,AGUA
-50,363,-17,AGUA
-51,528,-17,AGUA
-49,627,-17,AGUA
-49,627,-19,AGUA
-58,409,-32,AGUA
-56,113,-17,AGUA
-49,627,-29,AGUA
-49,331,-17,AGUA
-49,627,-28,AGUA
-49,331,-18,AGUA
-54,635,-17,AGUA
-49,627,-25,AGUA
-54,539,-17,AGUA
-49,627,-24,AGUA
-49,627,-27,AGUA
-49,627,-26,AGUA
-49,627,-21,AGUA
-49,627,-20,AGUA
-49,627,-23,AGUA
-49,627,-22,AGUA
-53,291,-17,AGUA
-49,627,-30,AGUA
-55,397,-17,AGUA
-49,627,-31,AGUA
-58,409,-17,AGUA
-54,303,-17,AGUA
-50,445,-17,AGUA
-64,40,-17,AGUA
-57,67,-17,AGUA
-60,512,-17,AGUA
-61,274,-17,AGUA
-56,551,-17,AGUA
-49,651,-20,AGUA
-49,294,-19,AGUA
-49,294,-17,AGUA
-49,294,-18,AGUA
-49,651,-28,AGUA
-49,651,-27,AGUA
-49,651,-26,AGUA
-49,651,-25,AGUA
-49,651,-24,AGUA
-49,651,-23,AGUA
-49,651,-22,AGUA
-49,651,-21,AGUA
-49,651,-19,AGUA
-49,651,-18,AGUA
-59,361,-17,AGUA
-62,322,-17,AGUA
-49,651,-31,AGUA
-49,651,-30,AGUA
-49,651,-32,AGUA
-56,445,-17,AGUA
-52,255,-17,AGUA
-56,85,-17,AGUA
-49,651,-29,AGUA
-51,564,-17,AGUA
-63,500,-17,AGUA
-49,294,-30,AGUA
-49,294,-31,AGUA
-50,339,-17,AGUA
-61,453,-17,AGUA
-49,294,-26,AGUA
-49,29,-19,AGUA
-49,294,-27,AGUA
-49,294,-28,AGUA
-49,29,-17,AGUA
-58,361,-17,AGUA
-49,294,-29,AGUA
-49,29,-18,AGUA
-49,294,-22,AGUA
-49,651,-17,AGUA
-49,294,-23,AGUA
-49,294,-24,AGUA
-62,109,-17,AGUA
-49,294,-25,AGUA
-49,294,-20,AGUA
-49,294,-21,AGUA
-59,597,-17,AGUA
-53,255,-17,AGUA
-56,445,-32,AGUA
-51,208,-17,AGUA
-52,149,-17,AGUA
-49,29,-28,AGUA
-49,29,-29,AGUA
-49,29,-26,AGUA
-49,29,-27,AGUA
-49,29,-24,AGUA
-49,29,-25,AGUA
-49,29,-22,AGUA
-49,29,-23,AGUA
-49,29,-20,AGUA
-49,29,-21,AGUA
-49,29,-30,AGUA
-55,57,-17,AGUA
-62,618,-17,AGUA
-62,216,-17,AGUA
-50,445,-32,AGUA
-58,255,-17,AGUA
-63,571,-17,AGUA
-49,29,-31,AGUA
-49,29,-32,AGUA
-51,221,-17,AGUA
-58,25,-17,AGUA
-54,267,-17,AGUA
-55,113,-17,AGUA
-51,445,-32,AGUA
-61,357,-17,AGUA
-53,505,-17,AGUA
-54,422,-32,AGUA
-49,544,-28,AGUA
-49,544,-29,AGUA
-49,544,-26,AGUA
-49,544,-27,AGUA
-62,405,-32,AGUA
-49,544,-31,AGUA
-56,479,-17,AGUA
-49,544,-30,AGUA
-49,53,-21,AGUA
-49,53,-22,AGUA
-49,53,-23,AGUA
-49,544,-19,AGUA
-49,53,-24,AGUA
-49,53,-25,AGUA
-49,544,-17,AGUA
-49,53,-26,AGUA
-55,81,-17,AGUA
-49,544,-18,AGUA
-49,53,-27,AGUA
-49,53,-28,AGUA
-63,167,-17,AGUA
-49,53,-20,AGUA
-49,544,-24,AGUA
-49,53,-18,AGUA
-49,544,-25,AGUA
-49,53,-19,AGUA
-49,544,-22,AGUA
-49,544,-23,AGUA
-49,544,-20,AGUA
-51,49,-17,AGUA
-49,544,-21,AGUA
-54,41,-17,AGUA
-57,527,-17,AGUA
-49,53,-30,AGUA
-59,611,-17,AGUA
-49,53,-31,AGUA
-62,405,-17,AGUA
-49,53,-29,AGUA
-50,397,-17,AGUA
-63,82,-17,AGUA
-55,315,-17,AGUA
-50,397,-32,AGUA
-49,53,-17,AGUA
-58,289,-17,AGUA
-62,346,-17,AGUA
-51,73,-17,AGUA
-51,445,-17,AGUA
-59,207,-17,AGUA
-53,303,-17,AGUA
-64,215,-17,AGUA
-62,89,-17,AGUA
-57,551,-17,AGUA
-61,487,-17,AGUA
-51,362,-17,AGUA
-60,192,-17,AGUA
-56,349,-17,AGUA
-63,311,-17,AGUA
-61,642,-17,AGUA
-49,414,-25,AGUA
-49,414,-24,AGUA
-60,536,-17,AGUA
-49,414,-27,AGUA
-49,414,-26,AGUA
-49,414,-29,AGUA
-49,414,-28,AGUA
-62,535,-17,AGUA
-57,125,-17,AGUA
-61,298,-17,AGUA
-49,414,-30,AGUA
-60,323,-17,AGUA
-49,414,-32,AGUA
-49,414,-31,AGUA
-51,647,-17,AGUA
-49,414,-18,AGUA
-49,414,-17,AGUA
-59,539,-17,AGUA
-49,414,-19,AGUA
-60,594,-17,AGUA
-63,297,-17,AGUA
-58,444,-17,AGUA
-61,240,-17,AGUA
-49,414,-21,AGUA
-49,414,-20,AGUA
-49,414,-23,AGUA
-49,414,-22,AGUA
-62,133,-17,AGUA
-58,159,-17,AGUA
-63,180,-17,AGUA
-54,17,-17,AGUA
-64,345,-17,AGUA
-57,410,-32,AGUA
-49,212,-31,AGUA
-52,410,-32,AGUA
-58,172,-17,AGUA
-63,654,-17,AGUA
-49,212,-30,AGUA
-50,599,-17,AGUA
-51,304,-17,AGUA
-49,212,-29,AGUA
-49,212,-28,AGUA
-49,212,-21,AGUA
-49,212,-20,AGUA
-49,212,-23,AGUA
-49,212,-22,AGUA
-49,212,-25,AGUA
-49,212,-24,AGUA
-49,212,-27,AGUA
-49,212,-26,AGUA
-57,396,-32,AGUA
-58,646,-17,AGUA
-60,121,-17,AGUA
-49,212,-18,AGUA
-49,212,-17,AGUA
-59,337,-17,AGUA
-49,212,-19,AGUA
-49,508,-29,AGUA
-49,508,-28,AGUA
-49,508,-27,AGUA
-49,508,-26,AGUA
-49,508,-21,AGUA
-49,508,-20,AGUA
-59,421,-17,AGUA
-49,508,-25,AGUA
-49,508,-24,AGUA
-49,508,-23,AGUA
-49,508,-22,AGUA
-59,243,-17,AGUA
-49,88,-31,AGUA
-49,88,-30,AGUA
-49,508,-31,AGUA
-61,393,-32,AGUA
-49,508,-30,AGUA
-49,88,-28,AGUA
-50,137,-17,AGUA
-49,88,-27,AGUA
-50,21,-17,AGUA
-49,88,-29,AGUA
-51,658,-17,AGUA
-59,421,-32,AGUA
-58,13,-17,AGUA
-55,303,-17,AGUA
-55,195,-17,AGUA
-49,508,-18,AGUA
-49,508,-17,AGUA
-53,315,-17,AGUA
-60,453,-17,AGUA
-49,508,-19,AGUA
-54,433,-17,AGUA
-55,3,-17,AGUA
-61,571,-17,AGUA
-58,303,-17,AGUA
-51,327,-17,AGUA
-51,149,-17,AGUA
-61,501,-17,AGUA
-52,623,-17,AGUA
-62,263,-17,AGUA
-59,396,-32,AGUA
-53,385,-17,AGUA
-59,53,-17,AGUA
-57,433,-17,AGUA
-57,255,-17,AGUA
-58,195,-17,AGUA
-55,623,-17,AGUA
-51,102,-17,AGUA
-59,491,-17,AGUA
-53,385,-32,AGUA
-56,563,-17,AGUA
-62,180,-17,AGUA
-55,125,-17,AGUA
-60,631,-17,AGUA
-61,393,-17,AGUA
-54,255,-17,AGUA
-49,425,-17,AGUA
-49,425,-18,AGUA
-49,425,-19,AGUA
-56,385,-32,AGUA
-60,133,-17,AGUA
-60,311,-17,AGUA
-53,635,-17,AGUA
-49,425,-20,AGUA
-49,425,-21,AGUA
-49,425,-22,AGUA
-49,425,-23,AGUA
-61,251,-17,AGUA
-61,14,-17,AGUA
-54,575,-17,AGUA
-52,89,-17,AGUA
-58,220,-17,AGUA
-50,279,-17,AGUA
-52,31,-17,AGUA
-61,654,-17,AGUA
-56,385,-17,AGUA
-58,278,-17,AGUA
-49,425,-28,AGUA
-49,425,-29,AGUA
-61,84,-17,AGUA
-49,425,-24,AGUA
-49,425,-25,AGUA
-49,425,-26,AGUA
-54,397,-17,AGUA
-49,425,-27,AGUA
-55,445,-32,AGUA
-49,425,-31,AGUA
-62,121,-17,AGUA
-49,425,-32,AGUA
-58,634,-17,AGUA
-49,425,-30,AGUA
-63,286,-17,AGUA
-51,422,-17,AGUA
-58,290,-17,AGUA
-63,6,-17,AGUA
-51,600,-17,AGUA
-54,433,-32,AGUA
-62,524,-17,AGUA
-54,397,-32,AGUA
-63,464,-17,AGUA
-63,94,-17,AGUA
-55,445,-17,AGUA
-57,113,-17,AGUA
-50,91,-17,AGUA
-51,422,-32,AGUA
-62,594,-17,AGUA
-56,243,-17,AGUA
-64,75,-17,AGUA
-58,456,-17,AGUA
-49,389,-22,AGUA
-49,389,-21,AGUA
-49,389,-20,AGUA
-60,417,-17,AGUA
-49,389,-26,AGUA
-55,539,-17,AGUA
-49,389,-25,AGUA
-49,389,-24,AGUA
-49,389,-23,AGUA
-49,389,-19,AGUA
-49,389,-18,AGUA
-49,389,-17,AGUA
-61,179,-17,AGUA
-50,173,-17,AGUA
-63,417,-17,AGUA
-49,164,-23,AGUA
-49,164,-22,AGUA
-60,417,-32,AGUA
-49,164,-21,AGUA
-49,164,-20,AGUA
-49,164,-29,AGUA
-49,164,-28,AGUA
-49,164,-27,AGUA
-49,164,-26,AGUA
-49,164,-25,AGUA
-49,164,-24,AGUA
-50,374,-32,AGUA
-61,334,-17,AGUA
-60,216,-17,AGUA
-49,164,-19,AGUA
-49,389,-32,AGUA
-49,164,-18,AGUA
-49,389,-31,AGUA
-49,164,-17,AGUA
-49,389,-30,AGUA
-49,389,-29,AGUA
-49,389,-28,AGUA
-49,389,-27,AGUA
-64,582,-17,AGUA
-63,144,-17,AGUA
-49,164,-32,AGUA
-49,164,-31,AGUA
-49,164,-30,AGUA
-58,136,-17,AGUA
-61,607,-17,AGUA
-50,221,-17,AGUA
-49,247,-31,AGUA
-49,247,-30,AGUA
-58,72,-17,AGUA
-59,657,-17,AGUA
-64,179,-17,AGUA
-61,476,-17,AGUA
-49,247,-28,AGUA
-49,247,-29,AGUA
-49,247,-26,AGUA
-49,247,-27,AGUA
-57,349,-17,AGUA
-61,109,-17,AGUA
-56,410,-32,AGUA
-52,587,-17,AGUA
-56,9,-17,AGUA
-49,461,-29,AGUA
-49,461,-28,AGUA
-49,461,-27,AGUA
-60,370,-17,AGUA
-49,461,-26,AGUA
-49,662,-17,AGUA
-49,461,-25,AGUA
-49,461,-24,AGUA
-49,461,-23,AGUA
-49,461,-22,AGUA
-49,461,-21,AGUA
-49,461,-20,AGUA
-55,409,-32,AGUA
-50,5,-17,AGUA
-49,662,-23,AGUA
-49,247,-24,AGUA
-49,662,-24,AGUA
-49,247,-25,AGUA
-49,461,-19,AGUA
-49,662,-21,AGUA
-49,247,-22,AGUA
-49,461,-18,AGUA
-49,247,-23,AGUA
-49,662,-22,AGUA
-49,461,-17,AGUA
-49,662,-27,AGUA
-49,247,-20,AGUA
-49,662,-28,AGUA
-49,247,-21,AGUA
-49,662,-25,AGUA
-59,101,-17,AGUA
-49,662,-26,AGUA
-51,397,-17,AGUA
-60,67,-17,AGUA
-49,662,-20,AGUA
-55,409,-17,AGUA
-49,662,-18,AGUA
-49,247,-19,AGUA
-49,662,-19,AGUA
-49,247,-17,AGUA
-50,434,-32,AGUA
-60,156,-17,AGUA
-49,247,-18,AGUA
-52,445,-32,AGUA
-49,662,-30,AGUA
-49,662,-31,AGUA
-63,547,-17,AGUA
-49,662,-29,AGUA
-62,369,-17,AGUA
-57,433,-32,AGUA
-49,461,-32,AGUA
-49,461,-31,AGUA
-49,461,-30,AGUA
-59,159,-17,AGUA
-52,445,-17,AGUA
-49,30,-19,AGUA
-64,167,-17,AGUA
-49,18,-32,AGUA
-49,18,-31,AGUA
-49,30,-20,AGUA
-49,30,-21,AGUA
-49,30,-26,AGUA
-49,30,-27,AGUA
-49,30,-28,AGUA
-49,30,-29,AGUA
-49,30,-22,AGUA
-62,441,-17,AGUA
-49,30,-23,AGUA
-49,30,-24,AGUA
-49,30,-25,AGUA
-53,71,-17,AGUA
-58,551,-17,AGUA
-63,405,-17,AGUA
-62,54,-17,AGUA
-49,30,-30,AGUA
-49,30,-31,AGUA
-49,30,-32,AGUA
-57,219,-17,AGUA
-62,499,-17,AGUA
-51,481,-17,AGUA
-49,88,-24,AGUA
-49,88,-23,AGUA
-49,18,-19,AGUA
-49,377,-28,AGUA
-49,88,-26,AGUA
-49,18,-18,AGUA
-49,377,-29,AGUA
-49,88,-25,AGUA
-49,18,-17,AGUA
-49,88,-20,AGUA
-63,35,-17,AGUA
-49,88,-22,AGUA
-49,88,-21,AGUA
-62,441,-32,AGUA
-51,196,-17,AGUA
-49,377,-30,AGUA
-49,377,-31,AGUA
-58,539,-17,AGUA
-49,377,-32,AGUA
-60,286,-17,AGUA
-49,88,-17,AGUA
-50,635,-17,AGUA
-49,88,-19,AGUA
-49,88,-18,AGUA
-49,377,-19,AGUA
-49,18,-29,AGUA
-49,377,-17,AGUA
-64,452,-17,AGUA
-49,18,-28,AGUA
-49,377,-18,AGUA
-49,18,-23,AGUA
-49,18,-22,AGUA
-53,137,-17,AGUA
-49,18,-21,AGUA
-49,18,-20,AGUA
-49,18,-27,AGUA
-49,18,-26,AGUA
-49,18,-25,AGUA
-49,18,-24,AGUA
-62,227,-17,AGUA
-49,18,-30,AGUA
-60,559,-17,AGUA
-49,377,-22,AGUA
-49,377,-23,AGUA
-49,377,-20,AGUA
-49,30,-17,AGUA
-49,377,-21,AGUA
-49,30,-18,AGUA
-49,377,-26,AGUA
-51,397,-32,AGUA
-49,377,-27,AGUA
-49,377,-24,AGUA
-49,377,-25,AGUA
-60,476,-17,AGUA
-60,654,-17,AGUA
-49,199,-17,AGUA
-49,199,-18,AGUA
-49,307,-30,AGUA
-49,307,-31,AGUA
-49,307,-21,AGUA
-49,307,-22,AGUA
-49,307,-23,AGUA
-49,307,-24,AGUA
-49,307,-25,AGUA
-49,307,-26,AGUA
-49,307,-27,AGUA
-49,307,-28,AGUA
-49,307,-29,AGUA
-52,397,-32,AGUA
-56,669,-17,AGUA
-49,199,-26,AGUA
-49,199,-27,AGUA
-49,199,-28,AGUA
-49,199,-29,AGUA
-62,286,-17,AGUA
-49,199,-22,AGUA
-49,199,-23,AGUA
-49,199,-24,AGUA
-49,199,-25,AGUA
-49,199,-20,AGUA
-49,199,-21,AGUA
-54,410,-32,AGUA
-49,307,-20,AGUA
-49,307,-17,AGUA
-49,307,-18,AGUA
-49,307,-19,AGUA
-58,504,-17,AGUA
-49,199,-19,AGUA
-49,199,-30,AGUA
-49,199,-31,AGUA
-62,77,-17,AGUA
-50,587,-17,AGUA
-61,524,-17,AGUA
-63,251,-17,AGUA
-49,65,-18,AGUA
-49,65,-17,AGUA
-58,479,-17,AGUA
-49,65,-19,AGUA
-49,65,-21,AGUA
-51,635,-17,AGUA
-49,65,-20,AGUA
-49,65,-23,AGUA
-49,65,-22,AGUA
-49,65,-25,AGUA
-49,65,-24,AGUA
-49,65,-27,AGUA
-52,422,-32,AGUA
-49,65,-26,AGUA
-57,539,-17,AGUA
-51,457,-17,AGUA
-63,227,-17,AGUA
-51,14,-17,AGUA
-62,464,-17,AGUA
-53,267,-17,AGUA
-58,326,-17,AGUA
-61,61,-17,AGUA
-55,433,-32,AGUA
-52,397,-17,AGUA
-63,334,-17,AGUA
-59,373,-17,AGUA
-49,65,-29,AGUA
-49,65,-28,AGUA
-49,65,-31,AGUA
-51,552,-17,AGUA
-49,65,-30,AGUA
-49,224,-29,AGUA
-60,91,-17,AGUA
-49,224,-27,AGUA
-49,402,-30,AGUA
-49,224,-28,AGUA
-49,402,-31,AGUA
-49,402,-32,AGUA
-61,417,-32,AGUA
-49,402,-25,AGUA
-49,224,-32,AGUA
-49,402,-26,AGUA
-49,402,-27,AGUA
-49,224,-30,AGUA
-49,402,-28,AGUA
-49,224,-31,AGUA
-49,402,-29,AGUA
-54,125,-17,AGUA
-61,417,-17,AGUA
-64,52,-17,AGUA
-62,179,-17,AGUA
-61,204,-17,AGUA
-60,180,-17,AGUA
-64,665,-17,AGUA
-49,224,-18,AGUA
-61,37,-17,AGUA
-49,224,-19,AGUA
-49,224,-17,AGUA
-59,349,-17,AGUA
-63,487,-17,AGUA
-49,224,-21,AGUA
-51,137,-17,AGUA
-49,224,-22,AGUA
-49,224,-20,AGUA
-49,224,-25,AGUA
-49,224,-26,AGUA
-49,224,-23,AGUA
-49,224,-24,AGUA
-57,563,-17,AGUA
-52,161,-17,AGUA
-56,15,-17,AGUA
-61,5,-17,AGUA
-64,535,-17,AGUA
-61,239,-17,AGUA
-50,351,-17,AGUA
-49,567,-30,AGUA
-49,567,-31,AGUA
-49,567,-32,AGUA
-49,402,-20,AGUA
-49,402,-21,AGUA
-60,369,-17,AGUA
-49,402,-22,AGUA
-49,402,-23,AGUA
-49,402,-24,AGUA
-49,402,-17,AGUA
-49,402,-18,AGUA
-49,402,-19,AGUA
-59,527,-17,AGUA
-49,567,-27,AGUA
-49,567,-28,AGUA
-49,567,-25,AGUA
-49,567,-26,AGUA
-49,567,-29,AGUA
-49,567,-20,AGUA
-49,567,-23,AGUA
-49,567,-24,AGUA
-49,567,-21,AGUA
-49,567,-22,AGUA
-54,87,-17,AGUA
-60,239,-17,AGUA
-55,385,-17,AGUA
-49,141,-20,AGUA
-61,180,-17,AGUA
-49,141,-24,AGUA
-49,141,-23,AGUA
-49,141,-22,AGUA
-49,141,-21,AGUA
-49,141,-28,AGUA
-49,141,-27,AGUA
-49,567,-17,AGUA
-49,141,-26,AGUA
-49,141,-25,AGUA
-50,79,-17,AGUA
-49,567,-18,AGUA
-49,141,-29,AGUA
-49,567,-19,AGUA
-56,433,-32,AGUA
-58,95,-17,AGUA
-49,141,-17,AGUA
-51,291,-17,AGUA
-49,141,-19,AGUA
-49,141,-18,AGUA
-55,385,-32,AGUA
-58,48,-17,AGUA
-59,479,-17,AGUA
-56,409,-32,AGUA
-56,409,-17,AGUA
-60,263,-17,AGUA
-49,141,-31,AGUA
-49,141,-30,AGUA
-63,12,-17,AGUA
-58,160,-17,AGUA
-54,623,-17,AGUA
-49,141,-32,AGUA
-58,113,-17,AGUA
-56,303,-17,AGUA
-62,204,-17,AGUA
-63,594,-17,AGUA
-62,547,-17,AGUA
-51,244,-17,AGUA
-63,642,-17,AGUA
-61,311,-17,AGUA
-52,137,-17,AGUA
-51,161,-17,AGUA
-58,219,-17,AGUA
-53,575,-17,AGUA
-58,586,-17,AGUA
-61,286,-17,AGUA
-49,615,-30,AGUA
-49,615,-31,AGUA
-61,441,-32,AGUA
-61,499,-17,AGUA
-49,484,-19,AGUA
-49,484,-18,AGUA
-49,484,-17,AGUA
-51,374,-32,AGUA
-49,615,-29,AGUA
-49,615,-25,AGUA
-49,615,-26,AGUA
-49,615,-27,AGUA
-49,615,-28,AGUA
-49,615,-21,AGUA
-49,615,-22,AGUA
-49,615,-23,AGUA
-49,615,-24,AGUA
-49,615,-20,AGUA
-49,484,-22,AGUA
-49,484,-21,AGUA
-49,484,-20,AGUA
-49,484,-26,AGUA
-49,484,-25,AGUA
-49,484,-24,AGUA
-49,484,-23,AGUA
-49,484,-29,AGUA
-49,484,-28,AGUA
-49,484,-27,AGUA
-55,255,-17,AGUA
-49,615,-18,AGUA
-49,615,-19,AGUA
-60,109,-17,AGUA
-49,615,-17,AGUA
-60,524,-17,AGUA
-53,445,-17,AGUA
-51,374,-17,AGUA
-60,393,-17,AGUA
-61,441,-17,AGUA
-58,243,-17,AGUA
-50,457,-17,AGUA
-60,44,-17,AGUA
-63,512,-17,AGUA
-59,551,-17,AGUA
-64,274,-17,AGUA
-53,445,-32,AGUA
-51,61,-17,AGUA
-52,267,-17,AGUA
-60,393,-32,AGUA
-62,334,-17,AGUA
-57,55,-17,AGUA
-58,373,-17,AGUA
-49,484,-31,AGUA
-49,484,-30,AGUA
-50,327,-17,AGUA
-57,611,-17,AGUA
-56,433,-17,AGUA
-63,381,-17,AGUA
-57,195,-17,AGUA
-51,505,-17,AGUA
-61,156,-17,AGUA
-57,669,-17,AGUA
-49,419,-27,AGUA
-49,192,-19,AGUA
-51,360,-17,AGUA
-49,419,-28,AGUA
-49,192,-18,AGUA
-49,419,-29,AGUA
-49,419,-20,AGUA
-49,419,-21,AGUA
-49,419,-22,AGUA
-49,419,-23,AGUA
-49,33,-29,AGUA
-49,419,-24,AGUA
-61,306,-17,AGUA
-49,33,-28,AGUA
-49,419,-25,AGUA
-49,192,-17,AGUA
-49,33,-27,AGUA
-49,419,-26,AGUA
-57,434,-32,AGUA
-49,33,-31,AGUA
-49,33,-30,AGUA
-63,445,-17,AGUA
-49,419,-17,AGUA
-49,419,-18,AGUA
-49,419,-19,AGUA
-63,32,-17,AGUA
-49,33,-19,AGUA
-49,33,-18,AGUA
-58,196,-17,AGUA
-49,33,-17,AGUA
-49,33,-26,AGUA
-54,441,-17,AGUA
-49,33,-25,AGUA
-49,33,-24,AGUA
-49,33,-23,AGUA
-49,33,-22,AGUA
-49,33,-21,AGUA
-49,33,-20,AGUA
-60,364,-17,AGUA
-49,192,-32,AGUA
-62,53,-17,AGUA
-63,79,-17,AGUA
-49,192,-31,AGUA
-49,192,-30,AGUA
-59,573,-17,AGUA
-49,192,-29,AGUA
-49,192,-22,AGUA
-49,419,-30,AGUA
-49,192,-21,AGUA
-49,419,-31,AGUA
-49,192,-24,AGUA
-49,419,-32,AGUA
-49,192,-23,AGUA
-49,192,-26,AGUA
-49,192,-25,AGUA
-49,192,-28,AGUA
-49,192,-27,AGUA
-58,284,-17,AGUA
-49,192,-20,AGUA
-52,349,-17,AGUA
-62,591,-17,AGUA
-51,272,-17,AGUA
-49,280,-18,AGUA
-49,280,-19,AGUA
-49,280,-17,AGUA
-53,199,-17,AGUA
-49,280,-20,AGUA
-62,156,-17,AGUA
-51,495,-17,AGUA
-49,280,-29,AGUA
-49,280,-27,AGUA
-49,280,-28,AGUA
-49,280,-25,AGUA
-49,280,-26,AGUA
-49,280,-23,AGUA
-52,437,-17,AGUA
-49,280,-24,AGUA
-49,280,-21,AGUA
-49,280,-22,AGUA
-60,499,-17,AGUA
-56,145,-17,AGUA
-60,452,-17,AGUA
-54,441,-32,AGUA
-59,397,-32,AGUA
-60,540,-17,AGUA
-49,631,-28,AGUA
-62,280,-17,AGUA
-49,631,-27,AGUA
-49,631,-29,AGUA
-49,631,-31,AGUA
-49,631,-30,AGUA
-49,631,-32,AGUA
-50,422,-32,AGUA
-49,631,-17,AGUA
-49,631,-19,AGUA
-49,631,-18,AGUA
-49,631,-24,AGUA
-49,631,-23,AGUA
-49,631,-26,AGUA
-49,631,-25,AGUA
-49,631,-20,AGUA
-49,631,-22,AGUA
-49,631,-21,AGUA
-49,280,-30,AGUA
-49,280,-31,AGUA
-64,383,-17,AGUA
-57,657,-17,AGUA
-60,675,-17,AGUA
-49,280,-32,AGUA
-60,276,-17,AGUA
-60,105,-17,AGUA
-63,621,-17,AGUA
-63,222,-17,AGUA
-52,437,-32,AGUA
-51,184,-17,AGUA
-56,321,-17,AGUA
-61,218,-17,AGUA
-62,192,-17,AGUA
-63,357,-17,AGUA
-59,449,-17,AGUA
-51,236,-17,AGUA
-54,33,-17,AGUA
-51,671,-17,AGUA
-50,645,-17,AGUA
-58,635,-17,AGUA
-59,397,-17,AGUA
-58,80,-17,AGUA
-61,653,-17,AGUA
-59,661,-17,AGUA
-54,353,-17,AGUA
-62,244,-17,AGUA
-57,17,-17,AGUA
-60,328,-17,AGUA
-52,385,-32,AGUA
-49,591,-22,AGUA
-49,591,-23,AGUA
-62,467,-17,AGUA
-49,591,-24,AGUA
-49,591,-25,AGUA
-49,591,-20,AGUA
-57,171,-17,AGUA
-49,591,-21,AGUA
-49,591,-26,AGUA
-49,591,-27,AGUA
-49,591,-28,AGUA
-49,591,-29,AGUA
-50,609,-17,AGUA
-59,11,-17,AGUA
-51,324,-17,AGUA
-49,591,-30,AGUA
-49,591,-31,AGUA
-53,463,-17,AGUA
-51,623,-17,AGUA
-61,477,-17,AGUA
-52,385,-17,AGUA
-59,402,-32,AGUA
-58,412,-17,AGUA
-55,331,-17,AGUA
-49,320,-30,AGUA
-49,320,-31,AGUA
-59,9,-17,AGUA
-49,591,-19,AGUA
-49,591,-17,AGUA
-49,591,-18,AGUA
-49,320,-22,AGUA
-49,320,-23,AGUA
-49,320,-24,AGUA
-49,320,-25,AGUA
-49,320,-26,AGUA
-49,320,-27,AGUA
-49,320,-28,AGUA
-49,320,-29,AGUA
-49,108,-20,AGUA
-49,108,-21,AGUA
-49,320,-20,AGUA
-49,320,-21,AGUA
-64,383,-32,AGUA
-49,108,-17,AGUA
-49,108,-18,AGUA
-51,96,-17,AGUA
-49,320,-19,AGUA
-49,108,-19,AGUA
-64,511,-17,AGUA
-63,134,-17,AGUA
-49,320,-17,AGUA
-49,320,-18,AGUA
-53,239,-17,AGUA
-55,119,-17,AGUA
-60,188,-17,AGUA
-52,75,-17,AGUA
-52,561,-17,AGUA
-55,59,-17,AGUA
-49,108,-31,AGUA
-49,108,-30,AGUA
-49,108,-24,AGUA
-49,108,-25,AGUA
-49,108,-22,AGUA
-49,108,-23,AGUA
-49,108,-28,AGUA
-49,108,-29,AGUA
-49,108,-26,AGUA
-49,108,-27,AGUA
-54,317,-17,AGUA
-49,232,-31,AGUA
-49,232,-30,AGUA
-60,141,-17,AGUA
-49,232,-19,AGUA
-49,232,-20,AGUA
-49,232,-21,AGUA
-49,332,-17,AGUA
-49,232,-24,AGUA
-49,232,-25,AGUA
-51,412,-32,AGUA
-49,232,-22,AGUA
-49,232,-23,AGUA
-49,232,-28,AGUA
-49,232,-29,AGUA
-49,232,-26,AGUA
-49,232,-27,AGUA
-54,229,-17,AGUA
-60,95,-17,AGUA
-59,485,-17,AGUA
-61,565,-17,AGUA
-55,291,-17,AGUA
-49,232,-17,AGUA
-49,232,-18,AGUA
-51,583,-17,AGUA
-51,412,-17,AGUA
-60,416,-17,AGUA
-49,507,-17,AGUA
-49,507,-19,AGUA
-49,507,-18,AGUA
-61,74,-17,AGUA
-63,533,-17,AGUA
-62,555,-17,AGUA
-61,178,-17,AGUA
-52,473,-17,AGUA
-52,63,-17,AGUA
-53,451,-17,AGUA
-64,295,-17,AGUA
-61,390,-17,AGUA
-58,324,-17,AGUA
-64,124,-17,AGUA
-49,678,-27,AGUA
-49,678,-26,AGUA
-56,181,-17,AGUA
-49,678,-25,AGUA
-49,678,-24,AGUA
-55,207,-17,AGUA
-49,678,-29,AGUA
-49,678,-28,AGUA
-53,551,-17,AGUA
-62,455,-17,AGUA
-49,678,-30,AGUA
-60,587,-17,AGUA
-58,424,-17,AGUA
-60,416,-32,AGUA
-49,507,-31,AGUA
-58,595,-17,AGUA
-49,507,-30,AGUA
-49,678,-32,AGUA
-49,678,-31,AGUA
-49,507,-32,AGUA
-49,678,-19,AGUA
-49,678,-18,AGUA
-49,678,-17,AGUA
-49,507,-28,AGUA
-49,507,-27,AGUA
-49,507,-29,AGUA
-49,507,-24,AGUA
-49,507,-23,AGUA
-49,507,-26,AGUA
-49,507,-25,AGUA
-49,678,-23,AGUA
-49,507,-20,AGUA
-55,378,-32,AGUA
-49,678,-22,AGUA
-49,678,-21,AGUA
-49,507,-22,AGUA
-49,678,-20,AGUA
-49,507,-21,AGUA
-58,559,-17,AGUA
-58,583,-17,AGUA
-61,489,-17,AGUA
-59,437,-32,AGUA
-52,485,-17,AGUA
-54,21,-17,AGUA
-62,320,-17,AGUA
-63,493,-17,AGUA
-57,65,-17,AGUA
-49,555,-27,AGUA
-49,555,-26,AGUA
-49,81,-31,AGUA
-49,555,-29,AGUA
-49,81,-30,AGUA
-58,148,-17,AGUA
-49,555,-28,AGUA
-49,555,-30,AGUA
-58,512,-17,AGUA
-49,555,-32,AGUA
-49,555,-31,AGUA
-50,211,-17,AGUA
-59,23,-17,AGUA
-53,89,-17,AGUA
-61,605,-17,AGUA
-49,555,-18,AGUA
-49,555,-17,AGUA
-49,555,-19,AGUA
-49,555,-21,AGUA
-49,555,-20,AGUA
-49,555,-23,AGUA
-49,555,-22,AGUA
-49,555,-25,AGUA
-54,305,-17,AGUA
-49,555,-24,AGUA
-62,367,-17,AGUA
-49,81,-18,AGUA
-49,81,-17,AGUA
-49,81,-19,AGUA
-64,300,-17,AGUA
-49,81,-29,AGUA
-49,81,-28,AGUA
-49,81,-27,AGUA
-49,81,-26,AGUA
-51,84,-17,AGUA
-49,81,-21,AGUA
-49,81,-20,AGUA
-49,81,-25,AGUA
-49,81,-24,AGUA
-49,81,-23,AGUA
-49,81,-22,AGUA
-64,523,-17,AGUA
-49,279,-20,AGUA
-49,279,-21,AGUA
-49,279,-22,AGUA
-49,279,-23,AGUA
-49,379,-32,AGUA
-52,601,-17,AGUA
-49,279,-24,AGUA
-49,379,-31,AGUA
-49,279,-25,AGUA
-49,379,-30,AGUA
-49,279,-26,AGUA
-53,363,-17,AGUA
-49,279,-17,AGUA
-49,279,-18,AGUA
-49,279,-19,AGUA
-49,379,-29,AGUA
-49,379,-28,AGUA
-49,379,-27,AGUA
-49,379,-26,AGUA
-49,379,-25,AGUA
-49,279,-30,AGUA
-49,379,-24,AGUA
-49,279,-31,AGUA
-49,379,-23,AGUA
-49,379,-22,AGUA
-49,379,-21,AGUA
-49,379,-20,AGUA
-49,208,-20,AGUA
-56,579,-17,AGUA
-49,208,-18,AGUA
-49,208,-19,AGUA
-57,394,-32,AGUA
-49,279,-27,AGUA
-64,371,-17,AGUA
-49,279,-28,AGUA
-55,343,-17,AGUA
-49,279,-29,AGUA
-50,509,-17,AGUA
-49,379,-19,AGUA
-49,379,-18,AGUA
-49,379,-17,AGUA
-49,208,-17,AGUA
-60,404,-32,AGUA
-60,575,-17,AGUA
-50,593,-17,AGUA
-51,571,-17,AGUA
-55,243,-17,AGUA
-49,244,-31,AGUA
-49,244,-30,AGUA
-56,221,-17,AGUA
-49,244,-32,AGUA
-51,400,-32,AGUA
-55,219,-17,AGUA
-49,244,-29,AGUA
-60,440,-32,AGUA
-51,500,-17,AGUA
-64,658,-17,AGUA
-59,613,-17,AGUA
-60,404,-17,AGUA
-61,166,-17,AGUA
-61,62,-17,AGUA
-62,631,-17,AGUA
-51,284,-17,AGUA
-60,440,-17,AGUA
-60,504,-17,AGUA
-61,131,-17,AGUA
-58,248,-17,AGUA
-61,266,-17,AGUA
-63,393,-17,AGUA
-63,322,-17,AGUA
-53,427,-32,AGUA
-54,405,-32,AGUA
-49,144,-30,AGUA
-49,144,-31,AGUA
-54,405,-17,AGUA
-63,80,-17,AGUA
-51,136,-17,AGUA
-49,244,-20,AGUA
-49,244,-24,AGUA
-63,409,-17,AGUA
-49,244,-23,AGUA
-49,244,-22,AGUA
-49,244,-21,AGUA
-49,244,-28,AGUA
-49,244,-27,AGUA
-49,244,-26,AGUA
-49,244,-25,AGUA
-53,427,-17,AGUA
-49,144,-18,AGUA
-49,244,-19,AGUA
-49,144,-17,AGUA
-49,244,-18,AGUA
-62,144,-17,AGUA
-61,318,-17,AGUA
-59,497,-17,AGUA
-51,400,-17,AGUA
-54,189,-17,AGUA
-63,309,-17,AGUA
-60,627,-17,AGUA
-58,161,-17,AGUA
-49,244,-17,AGUA
-49,144,-19,AGUA
-60,153,-17,AGUA
-49,144,-27,AGUA
-49,144,-26,AGUA
-49,144,-29,AGUA
-49,144,-28,AGUA
-61,389,-17,AGUA
-49,144,-23,AGUA
-49,144,-22,AGUA
-49,144,-25,AGUA
-53,327,-17,AGUA
-49,144,-24,AGUA
-49,144,-21,AGUA
-49,144,-20,AGUA
-59,537,-17,AGUA
-62,65,-17,AGUA
-49,68,-30,AGUA
-49,68,-31,AGUA
-49,68,-29,AGUA
-59,561,-17,AGUA
-49,68,-25,AGUA
-49,68,-26,AGUA
-49,68,-27,AGUA
-49,68,-28,AGUA
-58,79,-17,AGUA
-49,21,-26,AGUA
-49,21,-27,AGUA
-49,21,-24,AGUA
-62,491,-17,AGUA
-49,21,-25,AGUA
-49,21,-22,AGUA
-49,21,-23,AGUA
-58,32,-17,AGUA
-49,21,-20,AGUA
-49,21,-21,AGUA
-61,389,-32,AGUA
-61,342,-17,AGUA
-49,21,-19,AGUA
-49,21,-17,AGUA
-49,21,-18,AGUA
-60,464,-17,AGUA
-49,455,-19,AGUA
-49,455,-18,AGUA
-49,455,-17,AGUA
-62,420,-17,AGUA
-49,21,-31,AGUA
-49,21,-32,AGUA
-49,21,-30,AGUA
-49,455,-22,AGUA
-49,455,-21,AGUA
-49,455,-20,AGUA
-50,382,-32,AGUA
-49,455,-26,AGUA
-49,455,-25,AGUA
-49,21,-28,AGUA
-49,455,-24,AGUA
-49,21,-29,AGUA
-49,455,-23,AGUA
-49,455,-29,AGUA
-49,455,-28,AGUA
-49,455,-27,AGUA
-55,167,-17,AGUA
-57,557,-17,AGUA
-49,68,-21,AGUA
-49,68,-22,AGUA
-57,123,-17,AGUA
-49,68,-23,AGUA
-49,68,-24,AGUA
-64,558,-17,AGUA
-49,68,-20,AGUA
-49,68,-18,AGUA
-49,68,-19,AGUA
-49,68,-17,AGUA
-49,455,-32,AGUA
-49,455,-31,AGUA
-49,455,-30,AGUA
-52,27,-17,AGUA
-56,392,-32,AGUA
-64,23,-17,AGUA
-58,459,-17,AGUA
-50,469,-17,AGUA
-63,182,-17,AGUA
-56,245,-17,AGUA
-64,471,-17,AGUA
-60,60,-17,AGUA
-56,619,-17,AGUA
-56,408,-32,AGUA
-61,38,-17,AGUA
-60,47,-17,AGUA
-64,94,-17,AGUA
-64,247,-17,AGUA
-50,569,-17,AGUA
-63,269,-17,AGUA
-52,525,-17,AGUA
-51,547,-17,AGUA
-53,503,-17,AGUA
-62,507,-17,AGUA
-53,287,-17,AGUA
-54,265,-17,AGUA
-63,656,-17,AGUA
-61,529,-17,AGUA
-58,372,-17,AGUA
-57,223,-17,AGUA
-53,187,-17,AGUA
-61,429,-32,AGUA
-58,472,-17,AGUA
-64,347,-17,AGUA
-51,447,-32,AGUA
-53,603,-17,AGUA
-63,169,-17,AGUA
-50,69,-17,AGUA
-61,629,-17,AGUA
-53,403,-32,AGUA
-54,365,-17,AGUA
-61,429,-17,AGUA
-62,407,-17,AGUA
-54,45,-17,AGUA
-60,264,-17,AGUA
-58,92,-17,AGUA
-57,41,-17,AGUA
-51,447,-17,AGUA
-50,111,-17,AGUA
-52,425,-17,AGUA
-53,387,-32,AGUA
-51,260,-17,AGUA
-58,201,-17,AGUA
-61,442,-17,AGUA
-62,407,-32,AGUA
-63,369,-17,AGUA
-59,437,-17,AGUA
-58,272,-17,AGUA
-52,625,-17,AGUA
-51,460,-17,AGUA
-58,101,-17,AGUA
-62,607,-17,AGUA
-52,425,-32,AGUA
-53,387,-17,AGUA
-52,373,-17,AGUA
-52,87,-17,AGUA
-53,475,-17,AGUA
-58,400,-17,AGUA
-58,125,-17,AGUA
-50,394,-32,AGUA
-61,490,-17,AGUA
-56,421,-32,AGUA
-64,571,-17,AGUA
-51,0,-17,AGUA
-51,611,-17,AGUA
-61,377,-32,AGUA
-49,121,-24,AGUA
-49,121,-23,AGUA
-49,121,-26,AGUA
-49,121,-25,AGUA
-49,121,-28,AGUA
-49,121,-27,AGUA
-64,323,-17,AGUA
-49,121,-29,AGUA
-49,121,-20,AGUA
-49,121,-22,AGUA
-49,121,-21,AGUA
-56,421,-17,AGUA
-60,615,-17,AGUA
-61,377,-17,AGUA
-49,121,-17,AGUA
-57,183,-17,AGUA
-49,121,-19,AGUA
-49,121,-18,AGUA
-59,637,-17,AGUA
-57,593,-17,AGUA
-51,424,-17,AGUA
-53,563,-17,AGUA
-52,461,-17,AGUA
-57,111,-17,AGUA
-60,428,-17,AGUA
-51,201,-17,AGUA
-49,121,-31,AGUA
-49,121,-30,AGUA
-61,465,-17,AGUA
-50,581,-17,AGUA
-51,424,-32,AGUA
-52,15,-17,AGUA
-62,479,-17,AGUA
-59,414,-32,AGUA
-62,29,-17,AGUA
-49,380,-25,AGUA
-60,176,-17,AGUA
-49,380,-24,AGUA
-49,380,-27,AGUA
-49,380,-26,AGUA
-49,380,-21,AGUA
-49,380,-20,AGUA
-49,267,-29,AGUA
-49,380,-23,AGUA
-49,267,-28,AGUA
-49,380,-22,AGUA
-49,380,-29,AGUA
-49,380,-28,AGUA
-49,267,-30,AGUA
-51,113,-17,AGUA
-49,267,-31,AGUA
-50,93,-17,AGUA
-64,634,-17,AGUA
-51,72,-17,AGUA
-49,380,-18,AGUA
-49,380,-17,AGUA
-50,171,-17,AGUA
-49,380,-19,AGUA
-63,257,-17,AGUA
-55,267,-17,AGUA
-50,410,-32,AGUA
-58,384,-17,AGUA
-50,493,-17,AGUA
-55,231,-17,AGUA
-55,83,-17,AGUA
-62,666,-17,AGUA
-49,380,-32,AGUA
-49,267,-19,AGUA
-49,380,-31,AGUA
-49,267,-18,AGUA
-49,267,-17,AGUA
-60,428,-32,AGUA
-49,267,-27,AGUA
-49,267,-26,AGUA
-49,267,-25,AGUA
-49,380,-30,AGUA
-49,267,-24,AGUA
-49,267,-23,AGUA
-49,267,-22,AGUA
-49,267,-21,AGUA
-49,267,-20,AGUA
-60,205,-17,AGUA
-51,300,-17,AGUA
-49,519,-31,AGUA
-49,519,-32,AGUA
-49,519,-30,AGUA
-58,213,-17,AGUA
-60,304,-17,AGUA
-50,223,-17,AGUA
-63,509,-17,AGUA
-62,567,-17,AGUA
-58,312,-17,AGUA
-63,370,-17,AGUA
-57,509,-17,AGUA
-54,505,-17,AGUA
-54,253,-17,AGUA
-58,524,-17,AGUA
-51,395,-17,AGUA
-53,351,-17,AGUA
-57,147,-17,AGUA
-49,520,-17,AGUA
-49,520,-18,AGUA
-49,520,-19,AGUA
-50,633,-17,AGUA
-63,20,-17,AGUA
-49,520,-24,AGUA
-49,520,-25,AGUA
-49,520,-26,AGUA
-49,520,-27,AGUA
-49,520,-20,AGUA
-60,399,-32,AGUA
-49,520,-21,AGUA
-49,407,-19,AGUA
-49,520,-22,AGUA
-49,407,-18,AGUA
-49,520,-23,AGUA
-49,407,-17,AGUA
-49,45,-26,AGUA
-49,45,-27,AGUA
-58,56,-17,AGUA
-49,45,-28,AGUA
-49,519,-19,AGUA
-49,319,-31,AGUA
-49,45,-29,AGUA
-49,519,-17,AGUA
-49,519,-18,AGUA
-61,86,-17,AGUA
-63,158,-17,AGUA
-54,341,-17,AGUA
-49,45,-30,AGUA
-49,45,-31,AGUA
-49,45,-32,AGUA
-49,519,-28,AGUA
-49,519,-29,AGUA
-49,292,-19,AGUA
-49,519,-26,AGUA
-49,292,-18,AGUA
-49,519,-27,AGUA
-49,292,-17,AGUA
-49,519,-24,AGUA
-49,519,-25,AGUA
-49,519,-22,AGUA
-49,519,-23,AGUA
-49,519,-20,AGUA
-49,519,-21,AGUA
-59,103,-17,AGUA
-61,206,-17,AGUA
-59,673,-17,AGUA
-49,179,-30,AGUA
-59,473,-17,AGUA
-49,292,-29,AGUA
-49,292,-28,AGUA
-49,292,-27,AGUA
-49,319,-19,AGUA
-49,292,-26,AGUA
-49,292,-25,AGUA
-49,319,-17,AGUA
-49,179,-31,AGUA
-59,35,-17,AGUA
-49,292,-24,AGUA
-49,319,-18,AGUA
-49,292,-23,AGUA
-49,292,-22,AGUA
-58,436,-17,AGUA
-49,292,-21,AGUA
-49,292,-20,AGUA
-49,179,-28,AGUA
-49,179,-29,AGUA
-54,541,-17,AGUA
-60,599,-17,AGUA
-51,483,-17,AGUA
-63,92,-17,AGUA
-49,319,-22,AGUA
-49,319,-23,AGUA
-49,319,-20,AGUA
-49,319,-21,AGUA
-49,319,-26,AGUA
-61,406,-17,AGUA
-49,319,-27,AGUA
-49,319,-24,AGUA
-49,319,-25,AGUA
-49,179,-22,AGUA
-49,179,-23,AGUA
-49,319,-28,AGUA
-49,179,-20,AGUA
-49,319,-29,AGUA
-49,179,-21,AGUA
-49,179,-26,AGUA
-49,179,-27,AGUA
-49,179,-24,AGUA
-49,292,-32,AGUA
-59,585,-17,AGUA
-49,179,-25,AGUA
-49,292,-31,AGUA
-49,179,-19,AGUA
-49,292,-30,AGUA
-62,443,-17,AGUA
-49,179,-17,AGUA
-49,179,-18,AGUA
-62,168,-17,AGUA
-63,545,-17,AGUA
-54,428,-32,AGUA
-54,81,-17,AGUA
-56,51,-17,AGUA
-51,25,-17,AGUA
-49,319,-30,AGUA
-52,661,-17,AGUA
-58,296,-17,AGUA
-49,432,-29,AGUA
-49,432,-28,AGUA
-50,409,-17,AGUA
-49,432,-32,AGUA
-49,432,-31,AGUA
-49,432,-30,AGUA
-51,395,-32,AGUA
-60,399,-17,AGUA
-49,432,-19,AGUA
-50,409,-32,AGUA
-49,432,-18,AGUA
-49,432,-17,AGUA
-49,432,-27,AGUA
-49,432,-26,AGUA
-49,432,-25,AGUA
-49,432,-24,AGUA
-49,432,-23,AGUA
-49,432,-22,AGUA
-49,432,-21,AGUA
-62,443,-32,AGUA
-49,432,-20,AGUA
-51,595,-17,AGUA
-63,345,-17,AGUA
-60,117,-17,AGUA
-60,288,-17,AGUA
-49,607,-31,AGUA
-49,607,-30,AGUA
-49,208,-30,AGUA
-49,208,-31,AGUA
-51,512,-17,AGUA
-61,278,-17,AGUA
-62,256,-17,AGUA
-49,208,-29,AGUA
-53,139,-17,AGUA
-58,623,-17,AGUA
-49,208,-21,AGUA
-49,208,-22,AGUA
-49,208,-23,AGUA
-59,601,-17,AGUA
-49,208,-24,AGUA
-49,208,-25,AGUA
-49,208,-26,AGUA
-49,208,-27,AGUA
-50,135,-17,AGUA
-49,208,-28,AGUA
-49,607,-21,AGUA
-49,607,-20,AGUA
-49,607,-25,AGUA
-49,607,-24,AGUA
-49,607,-23,AGUA
-49,607,-22,AGUA
-60,24,-17,AGUA
-49,607,-29,AGUA
-49,607,-28,AGUA
-49,607,-27,AGUA
-49,607,-26,AGUA
-59,385,-32,AGUA
-49,208,-32,AGUA
-51,13,-17,AGUA
-52,402,-32,AGUA
-61,665,-17,AGUA
-52,103,-17,AGUA
-55,47,-17,AGUA
-52,573,-17,AGUA
-59,385,-17,AGUA
-58,495,-17,AGUA
-49,578,-32,AGUA
-49,578,-31,AGUA
-49,578,-30,AGUA
-49,578,-29,AGUA
-49,578,-26,AGUA
-49,578,-25,AGUA
-49,578,-28,AGUA
-49,578,-27,AGUA
-49,578,-22,AGUA
-49,578,-21,AGUA
-49,578,-24,AGUA
-49,45,-17,AGUA
-49,578,-23,AGUA
-49,45,-18,AGUA
-49,45,-19,AGUA
-49,578,-20,AGUA
-56,281,-17,AGUA
-49,578,-19,AGUA
-49,578,-18,AGUA
-63,146,-17,AGUA
-49,45,-20,AGUA
-49,45,-21,AGUA
-49,45,-22,AGUA
-60,487,-17,AGUA
-49,45,-23,AGUA
-49,45,-24,AGUA
-49,578,-17,AGUA
-49,45,-25,AGUA
-49,520,-28,AGUA
-49,520,-29,AGUA
-61,107,-17,AGUA
-49,607,-18,AGUA
-49,407,-30,AGUA
-49,607,-17,AGUA
-49,607,-19,AGUA
-49,407,-27,AGUA
-49,407,-26,AGUA
-49,407,-25,AGUA
-49,407,-24,AGUA
-49,520,-30,AGUA
-49,407,-23,AGUA
-49,407,-22,AGUA
-49,407,-21,AGUA
-49,407,-20,AGUA
-49,520,-31,AGUA
-49,407,-29,AGUA
-61,290,-17,AGUA
-49,407,-28,AGUA
-59,115,-17,AGUA
-62,355,-17,AGUA
-51,296,-17,AGUA
-60,516,-17,AGUA
-49,407,-32,AGUA
-49,407,-31,AGUA
-55,431,-17,AGUA
-62,30,-17,AGUA
-55,407,-17,AGUA
-56,193,-17,AGUA
-55,407,-32,AGUA
-60,316,-17,AGUA
-49,491,-29,AGUA
-53,339,-17,AGUA
-60,252,-17,AGUA
-49,491,-27,AGUA
-49,491,-28,AGUA
-49,491,-25,AGUA
-51,224,-17,AGUA
-49,491,-26,AGUA
-49,491,-23,AGUA
-49,491,-24,AGUA
-49,491,-21,AGUA
-49,491,-22,AGUA
-49,491,-20,AGUA
-51,312,-17,AGUA
-49,491,-30,AGUA
-49,491,-31,AGUA
-61,191,-17,AGUA
-63,510,-17,AGUA
-64,159,-17,AGUA
-63,55,-17,AGUA
-54,377,-32,AGUA
-61,3,-17,AGUA
-56,257,-17,AGUA
-49,491,-18,AGUA
-49,491,-19,AGUA
-61,577,-17,AGUA
-55,71,-17,AGUA
-49,491,-17,AGUA
-58,236,-17,AGUA
-52,237,-17,AGUA
-60,341,-17,AGUA
-61,354,-17,AGUA
-53,615,-17,AGUA
-54,377,-17,AGUA
-59,525,-17,AGUA
-56,380,-32,AGUA
-62,643,-17,AGUA
-60,228,-17,AGUA
-49,654,-18,AGUA
-49,654,-17,AGUA
-49,654,-19,AGUA
-62,221,-17,AGUA
-64,212,-17,AGUA
-63,234,-17,AGUA
-60,83,-17,AGUA
-54,117,-17,AGUA
-57,645,-17,AGUA
-49,654,-21,AGUA
-58,658,-17,AGUA
-49,654,-20,AGUA
-49,654,-23,AGUA
-56,667,-17,AGUA
-49,654,-22,AGUA
-49,654,-25,AGUA
-61,517,-17,AGUA
-49,654,-24,AGUA
-49,654,-27,AGUA
-49,654,-26,AGUA
-49,654,-29,AGUA
-49,654,-28,AGUA
-61,50,-17,AGUA
-49,6,-27,AGUA
-49,6,-28,AGUA
-49,6,-25,AGUA
-49,6,-26,AGUA
-49,6,-29,AGUA
-49,6,-30,AGUA
-49,6,-31,AGUA
-62,279,-17,AGUA
-49,6,-32,AGUA
-61,630,-17,AGUA
-49,654,-30,AGUA
-62,108,-17,AGUA
-49,654,-31,AGUA
-59,249,-17,AGUA
-58,600,-17,AGUA
-62,392,-17,AGUA
-50,446,-32,AGUA
-53,399,-17,AGUA
-53,275,-17,AGUA
-58,260,-17,AGUA
-62,619,-17,AGUA
-52,637,-17,AGUA
-52,513,-17,AGUA
-63,170,-17,AGUA
-53,399,-32,AGUA
-57,235,-17,AGUA
-64,183,-17,AGUA
-49,467,-22,AGUA
-49,467,-23,AGUA
-49,467,-24,AGUA
-49,467,-25,AGUA
-49,467,-20,AGUA
-49,467,-21,AGUA
-49,467,-19,AGUA
-49,467,-17,AGUA
-49,467,-18,AGUA
-63,592,-17,AGUA
-63,421,-17,AGUA
-51,459,-17,AGUA
-56,444,-32,AGUA
-55,431,-32,AGUA
-49,467,-30,AGUA
-49,467,-31,AGUA
-49,467,-26,AGUA
-49,467,-27,AGUA
-49,467,-28,AGUA
-49,467,-29,AGUA
-63,644,-17,AGUA
-56,109,-17,AGUA
-54,453,-17,AGUA
-52,497,-17,AGUA
-60,376,-32,AGUA
-58,184,-17,AGUA
-49,156,-17,AGUA
-63,481,-17,AGUA
-58,660,-17,AGUA
-49,156,-27,AGUA
-49,156,-28,AGUA
-49,156,-25,AGUA
-49,156,-26,AGUA
-51,348,-17,AGUA
-49,156,-23,AGUA
-49,156,-24,AGUA
-49,156,-21,AGUA
-49,156,-22,AGUA
-49,156,-20,AGUA
-62,332,-17,AGUA
-60,376,-17,AGUA
-57,422,-32,AGUA
-53,215,-17,AGUA
-51,259,-17,AGUA
-51,372,-17,AGUA
-62,88,-17,AGUA
-64,101,-17,AGUA
-58,547,-17,AGUA
-49,156,-18,AGUA
-49,156,-19,AGUA
-49,156,-32,AGUA
-49,156,-30,AGUA
-49,156,-31,AGUA
-63,457,-17,AGUA
-61,430,-17,AGUA
-57,29,-17,AGUA
-49,156,-29,AGUA
-53,415,-17,AGUA
-49,543,-30,AGUA
-49,543,-31,AGUA
-50,357,-17,AGUA
-63,294,-17,AGUA
-58,347,-17,AGUA
-58,460,-17,AGUA
-54,177,-17,AGUA
-49,343,-17,AGUA
-57,53,-17,AGUA
-49,543,-27,AGUA
-49,543,-28,AGUA
-49,543,-29,AGUA
-63,568,-17,AGUA
-62,419,-17,AGUA
-62,419,-32,AGUA
-49,180,-30,AGUA
-49,180,-31,AGUA
-49,343,-18,AGUA
-49,343,-19,AGUA
-49,343,-25,AGUA
-49,343,-26,AGUA
-62,219,-17,AGUA
-49,343,-27,AGUA
-49,343,-28,AGUA
-49,343,-21,AGUA
-49,343,-22,AGUA
-49,343,-23,AGUA
-49,343,-24,AGUA
-49,343,-20,AGUA
-52,297,-17,AGUA
-58,571,-17,AGUA
-54,57,-17,AGUA
-49,180,-20,AGUA
-49,180,-21,AGUA
-53,415,-32,AGUA
-49,6,-17,AGUA
-49,343,-29,AGUA
-49,6,-18,AGUA
-49,6,-19,AGUA
-49,6,-20,AGUA
-49,6,-23,AGUA
-49,343,-32,AGUA
-49,6,-24,AGUA
-49,6,-21,AGUA
-49,6,-22,AGUA
-49,180,-22,AGUA
-49,180,-23,AGUA
-49,180,-24,AGUA
-49,343,-30,AGUA
-49,180,-25,AGUA
-49,343,-31,AGUA
-49,180,-26,AGUA
-49,180,-27,AGUA
-49,180,-28,AGUA
-49,180,-29,AGUA
-49,543,-20,AGUA
-49,543,-21,AGUA
-49,543,-22,AGUA
-49,543,-23,AGUA
-49,543,-24,AGUA
-51,172,-17,AGUA
-49,543,-25,AGUA
-49,543,-26,AGUA
-62,308,-17,AGUA
-53,77,-17,AGUA
-49,180,-19,AGUA
-62,532,-17,AGUA
-51,646,-17,AGUA
-60,563,-17,AGUA
-49,543,-17,AGUA
-49,543,-18,AGUA
-49,543,-19,AGUA
-49,180,-17,AGUA
-51,535,-17,AGUA
-49,180,-18,AGUA
-61,243,-17,AGUA
-61,154,-17,AGUA
-62,132,-17,AGUA
-49,356,-29,AGUA
-49,356,-28,AGUA
-49,356,-27,AGUA
-49,356,-32,AGUA
-49,356,-31,AGUA
-51,148,-17,AGUA
-49,356,-30,AGUA
-63,110,-17,AGUA
-60,539,-17,AGUA
-60,652,-17,AGUA
-49,356,-19,AGUA
-49,356,-18,AGUA
-49,356,-17,AGUA
-64,359,-17,AGUA
-49,356,-22,AGUA
-49,356,-21,AGUA
-49,356,-20,AGUA
-49,356,-26,AGUA
-49,356,-25,AGUA
-49,356,-24,AGUA
-49,356,-23,AGUA
-64,35,-17,AGUA
-61,26,-17,AGUA
-57,311,-17,AGUA
-55,355,-17,AGUA
-60,59,-17,AGUA
-50,557,-17,AGUA
-61,541,-17,AGUA
-64,272,-17,AGUA
-57,369,-17,AGUA
-55,155,-17,AGUA
-56,607,-17,AGUA
-56,133,-17,AGUA
-55,629,-17,AGUA
-58,20,-17,AGUA
-63,281,-17,AGUA
-51,48,-17,AGUA
-63,310,-17,AGUA
-56,333,-17,AGUA
-57,569,-17,AGUA
-64,546,-17,AGUA
-59,251,-17,AGUA
-61,466,-17,AGUA
-55,390,-32,AGUA
-56,467,-17,AGUA
-59,413,-17,AGUA
-59,413,-32,AGUA
-52,597,-17,AGUA
-55,23,-17,AGUA
-57,247,-17,AGUA
-62,181,-17,AGUA
-55,455,-17,AGUA
-57,89,-17,AGUA
-53,251,-17,AGUA
-61,554,-17,AGUA
-49,444,-27,AGUA
-51,335,-17,AGUA
-49,444,-28,AGUA
-49,444,-29,AGUA
-59,325,-17,AGUA
-64,459,-17,AGUA
-60,116,-17,AGUA
-61,119,-17,AGUA
-49,444,-30,AGUA
-49,444,-31,AGUA
-49,444,-32,AGUA
-62,431,-17,AGUA
-56,63,-17,AGUA
-56,420,-32,AGUA
-63,193,-17,AGUA
-51,159,-17,AGUA
-64,412,-17,AGUA
-58,448,-17,AGUA
-62,120,-17,AGUA
-61,628,-17,AGUA
-60,339,-17,AGUA
-51,112,-17,AGUA
-64,412,-32,AGUA
-52,115,-17,AGUA
-49,518,-30,AGUA
-49,518,-31,AGUA
-61,189,-17,AGUA
-58,313,-17,AGUA
-51,423,-17,AGUA
-54,389,-17,AGUA
-56,393,-32,AGUA
-60,598,-17,AGUA
-52,185,-17,AGUA
-60,427,-17,AGUA
-62,566,-17,AGUA
-51,594,-17,AGUA
-53,127,-17,AGUA
-54,389,-32,AGUA
-51,423,-32,AGUA
-49,444,-17,AGUA
-49,444,-18,AGUA
-49,444,-19,AGUA
-53,663,-17,AGUA
-62,64,-17,AGUA
-49,444,-20,AGUA
-49,444,-21,AGUA
-62,431,-32,AGUA
-49,444,-22,AGUA
-49,444,-23,AGUA
-50,393,-32,AGUA
-53,627,-17,AGUA
-60,528,-17,AGUA
-49,444,-24,AGUA
-63,68,-17,AGUA
-49,444,-25,AGUA
-49,444,-26,AGUA
-58,383,-32,AGUA
-60,353,-17,AGUA
-64,635,-17,AGUA
-63,258,-17,AGUA
-50,393,-17,AGUA
-61,15,-17,AGUA
-61,230,-17,AGUA
-57,621,-17,AGUA
-56,393,-17,AGUA
-49,518,-17,AGUA
-49,518,-18,AGUA
-49,518,-19,AGUA
-62,667,-17,AGUA
-59,649,-17,AGUA
-58,383,-17,AGUA
-58,212,-17,AGUA
-49,518,-20,AGUA
-49,518,-21,AGUA
-49,518,-22,AGUA
-49,518,-23,AGUA
-49,518,-24,AGUA
-49,518,-25,AGUA
-49,518,-26,AGUA
-49,518,-27,AGUA
-63,321,-17,AGUA
-49,518,-28,AGUA
-49,518,-29,AGUA
-51,659,-17,AGUA
-50,323,-17,AGUA
-55,631,-17,AGUA
-61,85,-17,AGUA
-60,427,-32,AGUA
-55,419,-32,AGUA
-49,133,-19,AGUA
-60,603,-17,AGUA
-49,133,-24,AGUA
-49,133,-25,AGUA
-54,429,-17,AGUA
-49,133,-22,AGUA
-49,133,-23,AGUA
-61,365,-17,AGUA
-49,133,-28,AGUA
-49,133,-29,AGUA
-49,133,-26,AGUA
-49,133,-27,AGUA
-49,133,-20,AGUA
-49,133,-21,AGUA
-54,429,-32,AGUA
-52,361,-17,AGUA
-49,133,-31,AGUA
-49,133,-30,AGUA
-61,590,-17,AGUA
-60,287,-17,AGUA
-53,31,-17,AGUA
-58,137,-17,AGUA
-51,396,-32,AGUA
-55,419,-17,AGUA
-54,517,-17,AGUA
-55,279,-17,AGUA
-50,433,-32,AGUA
-51,213,-17,AGUA
-62,2,-17,AGUA
-50,521,-17,AGUA
-60,217,-17,AGUA
-60,36,-17,AGUA
-54,499,-17,AGUA
-51,524,-17,AGUA
-51,283,-17,AGUA
-59,95,-17,AGUA
-58,55,-17,AGUA
-63,145,-17,AGUA
-49,119,-30,AGUA
-49,119,-31,AGUA
-49,119,-27,AGUA
-49,119,-26,AGUA
-49,119,-29,AGUA
-49,119,-28,AGUA
-49,119,-23,AGUA
-49,119,-22,AGUA
-49,119,-25,AGUA
-49,119,-24,AGUA
-54,141,-17,AGUA
-49,119,-21,AGUA
-49,119,-20,AGUA
-49,119,-18,AGUA
-49,119,-17,AGUA
-60,199,-17,AGUA
-58,496,-17,AGUA
-49,119,-19,AGUA
-50,433,-17,AGUA
-64,569,-17,AGUA
-56,481,-17,AGUA
-51,195,-17,AGUA
-60,229,-17,AGUA
-49,207,-19,AGUA
-62,356,-17,AGUA
-64,669,-17,AGUA
-49,207,-17,AGUA
-49,207,-18,AGUA
-50,147,-17,AGUA
-62,28,-17,AGUA
-58,523,-17,AGUA
-49,207,-20,AGUA
-49,207,-21,AGUA
-55,491,-17,AGUA
-53,43,-17,AGUA
-49,207,-24,AGUA
-49,620,-18,AGUA
-49,207,-25,AGUA
-49,620,-19,AGUA
-49,207,-22,AGUA
-49,207,-23,AGUA
-49,620,-17,AGUA
-49,207,-28,AGUA
-49,207,-29,AGUA
-63,632,-17,AGUA
-49,207,-26,AGUA
-49,207,-27,AGUA
-49,620,-21,AGUA
-49,620,-22,AGUA
-49,620,-20,AGUA
-49,620,-25,AGUA
-49,207,-31,AGUA
-49,620,-26,AGUA
-49,207,-32,AGUA
-49,620,-23,AGUA
-49,620,-24,AGUA
-49,207,-30,AGUA
-62,255,-17,AGUA
-64,223,-17,AGUA
-59,285,-17,AGUA
-59,386,-32,AGUA
-57,9,-17,AGUA
-58,624,-17,AGUA
-64,394,-17,AGUA
-61,291,-17,AGUA
-51,396,-17,AGUA
-51,12,-17,AGUA
-62,456,-17,AGUA
-59,185,-17,AGUA
-51,225,-17,AGUA
-59,215,-17,AGUA
-64,595,-17,AGUA
-64,495,-17,AGUA
-49,620,-29,AGUA
-49,620,-27,AGUA
-49,620,-28,AGUA
-61,664,-17,AGUA
-49,620,-30,AGUA
-49,620,-31,AGUA
-49,133,-17,AGUA
-49,133,-18,AGUA
-56,555,-17,AGUA
-57,457,-17,AGUA
-62,391,-32,AGUA
-60,638,-17,AGUA
-64,184,-17,AGUA
-57,481,-17,AGUA
-64,113,-17,AGUA
-55,591,-17,AGUA
-63,422,-17,AGUA
-61,418,-17,AGUA
-61,353,-17,AGUA
-52,325,-17,AGUA
-60,388,-32,AGUA
-62,480,-17,AGUA
-51,634,-17,AGUA
-63,333,-17,AGUA
-56,419,-17,AGUA
-60,388,-17,AGUA
-56,621,-17,AGUA
-50,45,-17,AGUA
-59,203,-17,AGUA
-55,319,-17,AGUA
-49,308,-32,AGUA
-49,308,-31,AGUA
-49,308,-30,AGUA
-51,384,-17,AGUA
-57,383,-17,AGUA
-60,11,-17,AGUA
-49,308,-29,AGUA
-49,308,-28,AGUA
-49,308,-27,AGUA
-49,308,-26,AGUA
-49,308,-25,AGUA
-61,51,-17,AGUA
-49,308,-24,AGUA
-49,308,-23,AGUA
-49,308,-22,AGUA
-49,308,-21,AGUA
-49,308,-20,AGUA
-55,665,-17,AGUA
-61,27,-17,AGUA
-62,391,-17,AGUA
-49,308,-19,AGUA
-49,308,-18,AGUA
-49,308,-17,AGUA
-49,321,-17,AGUA
-49,492,-30,AGUA
-49,492,-31,AGUA
-50,669,-17,AGUA
-49,321,-18,AGUA
-64,258,-17,AGUA
-49,321,-19,AGUA
-55,565,-17,AGUA
-57,383,-32,AGUA
-49,321,-20,AGUA
-54,599,-17,AGUA
-49,492,-26,AGUA
-49,492,-27,AGUA
-49,492,-28,AGUA
-49,492,-29,AGUA
-49,321,-27,AGUA
-49,492,-22,AGUA
-49,321,-28,AGUA
-49,492,-23,AGUA
-49,492,-24,AGUA
-49,321,-25,AGUA
-56,419,-32,AGUA
-49,492,-25,AGUA
-49,321,-26,AGUA
-49,321,-23,AGUA
-49,321,-24,AGUA
-49,492,-20,AGUA
-49,321,-21,AGUA
-49,492,-21,AGUA
-49,321,-22,AGUA
-51,384,-32,AGUA
-51,458,-17,AGUA
-49,492,-19,AGUA
-49,492,-17,AGUA
-49,492,-18,AGUA
-56,345,-17,AGUA
-49,70,-17,AGUA
-49,70,-18,AGUA
-49,70,-19,AGUA
-60,253,-17,AGUA
-49,70,-26,AGUA
-49,70,-27,AGUA
-49,70,-28,AGUA
-49,70,-29,AGUA
-49,70,-20,AGUA
-49,70,-21,AGUA
-49,70,-22,AGUA
-61,505,-17,AGUA
-49,70,-23,AGUA
-49,70,-24,AGUA
-49,70,-25,AGUA
-53,527,-17,AGUA
-49,70,-30,AGUA
-49,70,-31,AGUA
-49,70,-32,AGUA
-49,566,-26,AGUA
-49,566,-27,AGUA
-49,566,-28,AGUA
-49,566,-29,AGUA
-51,536,-17,AGUA
-49,566,-30,AGUA
-49,566,-31,AGUA
-49,566,-32,AGUA
-52,585,-17,AGUA
-49,566,-19,AGUA
-49,57,-20,AGUA
-49,57,-22,AGUA
-49,57,-21,AGUA
-49,57,-24,AGUA
-49,566,-17,AGUA
-49,57,-23,AGUA
-49,566,-18,AGUA
-49,566,-22,AGUA
-49,566,-23,AGUA
-49,566,-24,AGUA
-49,57,-17,AGUA
-49,566,-25,AGUA
-49,57,-19,AGUA
-49,57,-18,AGUA
-49,566,-20,AGUA
-49,566,-21,AGUA
-52,414,-32,AGUA
-60,327,-17,AGUA
-60,475,-17,AGUA
-49,57,-31,AGUA
-60,84,-17,AGUA
-49,57,-30,AGUA
-49,57,-32,AGUA
-49,57,-26,AGUA
-49,57,-25,AGUA
-59,461,-17,AGUA
-49,57,-28,AGUA
-49,57,-27,AGUA
-49,57,-29,AGUA
-61,589,-17,AGUA
-54,289,-17,AGUA
-63,522,-17,AGUA
-51,471,-17,AGUA
-58,112,-17,AGUA
-56,121,-17,AGUA
-61,431,-17,AGUA
-57,357,-17,AGUA
-55,467,-17,AGUA
-63,569,-17,AGUA
-55,443,-32,AGUA
-54,565,-17,AGUA
-63,593,-17,AGUA
-56,521,-17,AGUA
-49,181,-30,AGUA
-49,181,-31,AGUA
-61,431,-32,AGUA
-49,181,-27,AGUA
-49,181,-28,AGUA
-49,181,-25,AGUA
-49,181,-26,AGUA
-49,181,-23,AGUA
-49,181,-24,AGUA
-49,181,-21,AGUA
-49,181,-22,AGUA
-57,283,-17,AGUA
-49,181,-29,AGUA
-49,181,-20,AGUA
-49,181,-17,AGUA
-50,311,-17,AGUA
-49,181,-18,AGUA
-49,181,-19,AGUA
-52,225,-17,AGUA
-50,269,-17,AGUA
-63,667,-17,AGUA
-49,655,-19,AGUA
-63,111,-17,AGUA
-49,655,-18,AGUA
-49,655,-17,AGUA
-58,185,-17,AGUA
-49,655,-24,AGUA
-49,655,-23,AGUA
-62,220,-17,AGUA
-49,655,-22,AGUA
-49,655,-21,AGUA
-49,655,-20,AGUA
-50,195,-17,AGUA
-54,663,-17,AGUA
-49,655,-29,AGUA
-49,655,-28,AGUA
-49,655,-27,AGUA
-49,655,-26,AGUA
-49,655,-25,AGUA
-57,423,-32,AGUA
-54,639,-17,AGUA
-49,655,-31,AGUA
-49,655,-30,AGUA
-56,432,-32,AGUA
-63,43,-17,AGUA
-55,443,-17,AGUA
-58,659,-17,AGUA
-62,291,-17,AGUA
-63,456,-17,AGUA
-57,423,-17,AGUA
-62,620,-17,AGUA
-60,451,-17,AGUA
-49,255,-17,AGUA
-51,660,-17,AGUA
-58,259,-17,AGUA
-63,382,-17,AGUA
-58,301,-17,AGUA
-60,664,-17,AGUA
-51,60,-17,AGUA
-52,251,-17,AGUA
-62,578,-17,AGUA
-51,160,-17,AGUA
-61,255,-17,AGUA
-63,211,-17,AGUA
-50,11,-17,AGUA
-60,564,-17,AGUA
-62,520,-17,AGUA
-63,282,-17,AGUA
-58,359,-17,AGUA
-49,355,-25,AGUA
-49,355,-24,AGUA
-49,355,-27,AGUA
-49,355,-26,AGUA
-49,355,-21,AGUA
-49,355,-20,AGUA
-49,355,-23,AGUA
-49,355,-22,AGUA
-61,155,-17,AGUA
-52,151,-17,AGUA
-49,355,-18,AGUA
-49,355,-17,AGUA
-49,355,-19,AGUA
-49,355,-32,AGUA
-49,355,-31,AGUA
-51,147,-17,AGUA
-52,396,-32,AGUA
-49,355,-30,AGUA
-59,137,-17,AGUA
-49,355,-29,AGUA
-49,355,-28,AGUA
-49,255,-30,AGUA
-49,255,-31,AGUA
-58,21,-17,AGUA
-49,255,-32,AGUA
-51,560,-17,AGUA
-53,487,-17,AGUA
-49,255,-29,AGUA
-61,229,-17,AGUA
-49,255,-20,AGUA
-62,76,-17,AGUA
-49,255,-27,AGUA
-49,255,-28,AGUA
-49,255,-25,AGUA
-49,255,-26,AGUA
-49,255,-23,AGUA
-49,255,-24,AGUA
-49,255,-21,AGUA
-49,255,-22,AGUA
-60,164,-17,AGUA
-49,255,-18,AGUA
-49,255,-19,AGUA
-61,329,-17,AGUA
-49,281,-17,AGUA
-49,281,-18,AGUA
-49,281,-19,AGUA
-49,168,-19,AGUA
-49,168,-18,AGUA
-49,168,-17,AGUA
-49,168,-27,AGUA
-49,168,-26,AGUA
-63,534,-17,AGUA
-49,168,-25,AGUA
-49,168,-24,AGUA
-61,217,-17,AGUA
-49,168,-23,AGUA
-49,168,-22,AGUA
-49,168,-21,AGUA
-49,168,-20,AGUA
-62,157,-17,AGUA
-63,356,-17,AGUA
-49,281,-28,AGUA
-49,281,-29,AGUA
-49,281,-24,AGUA
-49,281,-25,AGUA
-49,281,-26,AGUA
-49,281,-27,AGUA
-49,281,-20,AGUA
-49,281,-21,AGUA
-49,281,-22,AGUA
-61,330,-17,AGUA
-57,523,-17,AGUA
-49,281,-23,AGUA
-59,549,-17,AGUA
-58,9,-17,AGUA
-50,369,-17,AGUA
-57,345,-17,AGUA
-58,67,-17,AGUA
-53,153,-17,AGUA
-51,183,-17,AGUA
-63,608,-17,AGUA
-54,487,-17,AGUA
-62,99,-17,AGUA
-51,361,-17,AGUA
-50,421,-32,AGUA
-60,187,-17,AGUA
-54,417,-32,AGUA
-53,403,-17,AGUA
-57,271,-17,AGUA
-49,281,-31,AGUA
-54,165,-17,AGUA
-49,281,-30,AGUA
-54,417,-17,AGUA
-58,285,-17,AGUA
-51,435,-32,AGUA
-49,168,-29,AGUA
-49,168,-28,AGUA
-55,179,-17,AGUA
-49,168,-31,AGUA
-49,168,-30,AGUA
-50,421,-17,AGUA
-61,143,-17,AGUA
-49,666,-30,AGUA
-49,666,-31,AGUA
-62,531,-17,AGUA
-49,666,-27,AGUA
-49,666,-28,AGUA
-49,666,-25,AGUA
-49,666,-26,AGUA
-58,348,-17,AGUA
-49,666,-29,AGUA
-63,293,-17,AGUA
-51,36,-17,AGUA
-55,553,-17,AGUA
-49,344,-22,AGUA
-51,672,-17,AGUA
-49,344,-23,AGUA
-49,344,-20,AGUA
-49,344,-21,AGUA
-49,344,-26,AGUA
-49,344,-27,AGUA
-51,435,-17,AGUA
-49,344,-24,AGUA
-49,344,-25,AGUA
-56,209,-17,AGUA
-49,344,-19,AGUA
-49,344,-17,AGUA
-50,295,-17,AGUA
-49,344,-18,AGUA
-51,494,-17,AGUA
-52,197,-17,AGUA
-49,344,-31,AGUA
-49,344,-32,AGUA
-49,344,-30,AGUA
-63,122,-17,AGUA
-50,1,-17,AGUA
-49,344,-28,AGUA
-49,344,-29,AGUA
-60,498,-17,AGUA
-64,312,-17,AGUA
-49,666,-20,AGUA
-49,666,-23,AGUA
-49,666,-24,AGUA
-49,666,-21,AGUA
-49,666,-22,AGUA
-49,666,-17,AGUA
-62,418,-17,AGUA
-49,666,-18,AGUA
-49,666,-19,AGUA
-58,461,-17,AGUA
-52,127,-17,AGUA
-49,34,-30,AGUA
-49,531,-19,AGUA
-49,531,-18,AGUA
-49,34,-32,AGUA
-49,531,-17,AGUA
-49,34,-31,AGUA
-49,418,-19,AGUA
-49,418,-17,AGUA
-63,31,-17,AGUA
-49,418,-18,AGUA
-49,531,-27,AGUA
-49,531,-26,AGUA
-49,531,-25,AGUA
-62,344,-17,AGUA
-49,531,-24,AGUA
-49,34,-27,AGUA
-49,531,-23,AGUA
-49,34,-26,AGUA
-49,531,-22,AGUA
-53,227,-17,AGUA
-49,34,-29,AGUA
-49,531,-21,AGUA
-49,34,-28,AGUA
-49,531,-20,AGUA
-49,34,-23,AGUA
-49,34,-22,AGUA
-49,34,-25,AGUA
-49,34,-24,AGUA
-49,589,-17,AGUA
-49,589,-18,AGUA
-49,589,-19,AGUA
-49,418,-30,AGUA
-49,531,-29,AGUA
-49,34,-21,AGUA
-49,531,-28,AGUA
-49,34,-20,AGUA
-49,531,-30,AGUA
-49,418,-28,AGUA
-59,297,-17,AGUA
-49,418,-29,AGUA
-49,418,-22,AGUA
-49,418,-23,AGUA
-49,34,-19,AGUA
-49,418,-20,AGUA
-52,384,-32,AGUA
-49,589,-20,AGUA
-49,418,-21,AGUA
-49,418,-26,AGUA
-49,589,-21,AGUA
-49,418,-27,AGUA
-49,589,-22,AGUA
-49,589,-23,AGUA
-49,418,-24,AGUA
-49,34,-18,AGUA
-49,531,-32,AGUA
-49,589,-24,AGUA
-49,418,-25,AGUA
-49,34,-17,AGUA
-49,531,-31,AGUA
-49,589,-25,AGUA
-49,589,-26,AGUA
-49,589,-27,AGUA
-49,589,-28,AGUA
-49,589,-29,AGUA
-50,57,-17,AGUA
-51,622,-17,AGUA
-49,589,-30,AGUA
-49,418,-31,AGUA
-51,559,-17,AGUA
-49,589,-31,AGUA
-49,418,-32,AGUA
-56,493,-17,AGUA
-56,37,-17,AGUA
-58,535,-17,AGUA
-52,213,-17,AGUA
-50,545,-17,AGUA
-55,121,-17,AGUA
-62,193,-17,AGUA
-51,97,-17,AGUA
-64,125,-17,AGUA
-64,424,-32,AGUA
-63,19,-17,AGUA
-63,433,-17,AGUA
-52,449,-17,AGUA
-64,195,-17,AGUA
-57,446,-32,AGUA
-49,479,-29,AGUA
-49,592,-20,AGUA
-49,592,-23,AGUA
-49,479,-26,AGUA
-49,592,-24,AGUA
-49,479,-25,AGUA
-49,479,-28,AGUA
-49,592,-21,AGUA
-49,479,-27,AGUA
-49,592,-22,AGUA
-49,592,-27,AGUA
-49,391,-31,AGUA
-49,592,-28,AGUA
-56,567,-17,AGUA
-49,391,-32,AGUA
-49,592,-25,AGUA
-53,263,-17,AGUA
-49,592,-26,AGUA
-62,468,-17,AGUA
-49,592,-29,AGUA
-49,391,-30,AGUA
-49,479,-32,AGUA
-64,3,-17,AGUA
-49,479,-31,AGUA
-49,479,-30,AGUA
-49,391,-28,AGUA
-49,479,-19,AGUA
-49,592,-30,AGUA
-49,391,-29,AGUA
-49,479,-18,AGUA
-49,592,-31,AGUA
-58,411,-17,AGUA
-60,241,-17,AGUA
-49,479,-17,AGUA
-62,380,-17,AGUA
-49,391,-20,AGUA
-49,391,-21,AGUA
-49,391,-22,AGUA
-49,391,-23,AGUA
-49,391,-24,AGUA
-62,267,-17,AGUA
-49,391,-25,AGUA
-49,391,-26,AGUA
-49,391,-27,AGUA
-62,41,-17,AGUA
-51,323,-17,AGUA
-55,191,-17,AGUA
-58,612,-17,AGUA
-49,479,-22,AGUA
-49,479,-21,AGUA
-49,479,-24,AGUA
-49,479,-23,AGUA
-59,173,-17,AGUA
-49,479,-20,AGUA
-49,391,-17,AGUA
-49,391,-18,AGUA
-49,391,-19,AGUA
-61,566,-17,AGUA
-64,623,-17,AGUA
-57,259,-17,AGUA
-59,313,-17,AGUA
-59,374,-32,AGUA
-64,382,-17,AGUA
-60,128,-17,AGUA
-58,411,-32,AGUA
-52,501,-17,AGUA
-49,592,-17,AGUA
-49,592,-18,AGUA
-49,592,-19,AGUA
-63,620,-17,AGUA
-49,107,-17,AGUA
-49,107,-18,AGUA
-49,107,-19,AGUA
-56,381,-17,AGUA
-49,220,-17,AGUA
-49,220,-19,AGUA
-49,220,-18,AGUA
-49,107,-20,AGUA
-49,107,-21,AGUA
-49,107,-22,AGUA
-53,651,-17,AGUA
-51,311,-17,AGUA
-49,220,-20,AGUA
-49,220,-22,AGUA
-49,220,-21,AGUA
-59,187,-17,AGUA
-49,220,-24,AGUA
-49,220,-23,AGUA
-57,633,-17,AGUA
-49,220,-26,AGUA
-49,220,-25,AGUA
-64,71,-17,AGUA
-49,220,-28,AGUA
-49,220,-27,AGUA
-49,220,-29,AGUA
-49,220,-31,AGUA
-49,220,-30,AGUA
-49,278,-19,AGUA
-49,278,-17,AGUA
-49,278,-18,AGUA
-49,278,-22,AGUA
-63,246,-17,AGUA
-49,278,-23,AGUA
-56,381,-32,AGUA
-58,596,-17,AGUA
-58,425,-32,AGUA
-49,278,-20,AGUA
-49,278,-21,AGUA
-49,278,-26,AGUA
-49,278,-27,AGUA
-49,278,-24,AGUA
-49,278,-25,AGUA
-51,83,-17,AGUA
-63,2,-17,AGUA
-62,454,-17,AGUA
-49,107,-27,AGUA
-49,107,-28,AGUA
-49,107,-29,AGUA
-49,107,-23,AGUA
-49,107,-24,AGUA
-49,107,-25,AGUA
-49,107,-26,AGUA
-49,278,-28,AGUA
-58,425,-17,AGUA
-49,278,-29,AGUA
-58,395,-17,AGUA
-58,224,-17,AGUA
-49,278,-31,AGUA
-49,107,-30,AGUA
-62,655,-17,AGUA
-49,107,-31,AGUA
-49,107,-32,AGUA
-64,611,-17,AGUA
-64,59,-17,AGUA
-49,278,-30,AGUA
-51,124,-17,AGUA
-61,120,-17,AGUA
-64,424,-17,AGUA
-58,150,-17,AGUA
-56,455,-17,AGUA
-58,395,-32,AGUA
-60,315,-17,AGUA
-54,129,-17,AGUA
-55,420,-32,AGUA
-61,190,-17,AGUA
-55,307,-17,AGUA
-53,639,-17,AGUA
-57,77,-17,AGUA
-59,69,-17,AGUA
-59,93,-17,AGUA
-49,145,-31,AGUA
-49,145,-30,AGUA
-58,44,-17,AGUA
-49,145,-29,AGUA
-55,389,-32,AGUA
-57,411,-32,AGUA
-63,557,-17,AGUA
-63,468,-17,AGUA
-49,145,-17,AGUA
-50,281,-17,AGUA
-54,651,-17,AGUA
-63,581,-17,AGUA
-55,389,-17,AGUA
-54,553,-17,AGUA
-63,670,-17,AGUA
-49,145,-24,AGUA
-49,145,-23,AGUA
-57,209,-17,AGUA
-49,145,-22,AGUA
-51,295,-17,AGUA
-49,145,-21,AGUA
-49,145,-28,AGUA
-49,145,-27,AGUA
-57,411,-17,AGUA
-49,145,-26,AGUA
-53,499,-17,AGUA
-49,145,-25,AGUA
-49,145,-20,AGUA
-49,145,-19,AGUA
-58,173,-17,AGUA
-49,145,-18,AGUA
-56,25,-17,AGUA
-60,48,-17,AGUA
-58,582,-17,AGUA
-60,299,-17,AGUA
-49,219,-32,AGUA
-58,671,-17,AGUA
-50,533,-17,AGUA
-62,321,-17,AGUA
-49,243,-30,AGUA
-49,243,-31,AGUA
-54,529,-17,AGUA
-58,558,-17,AGUA
-49,643,-24,AGUA
-49,554,-22,AGUA
-49,643,-25,AGUA
-49,554,-21,AGUA
-49,554,-20,AGUA
-49,643,-22,AGUA
-49,643,-23,AGUA
-49,554,-26,AGUA
-49,643,-20,AGUA
-49,219,-20,AGUA
-49,554,-25,AGUA
-49,643,-21,AGUA
-49,554,-24,AGUA
-49,554,-23,AGUA
-49,332,-19,AGUA
-49,332,-18,AGUA
-49,332,-22,AGUA
-49,332,-21,AGUA
-49,332,-24,AGUA
-49,219,-19,AGUA
-62,208,-17,AGUA
-49,332,-23,AGUA
-49,219,-18,AGUA
-49,332,-26,AGUA
-62,543,-17,AGUA
-49,332,-25,AGUA
-49,332,-28,AGUA
-62,632,-17,AGUA
-49,332,-27,AGUA
-49,554,-19,AGUA
-49,554,-18,AGUA
-49,554,-17,AGUA
-49,643,-19,AGUA
-53,515,-17,AGUA
-49,643,-17,AGUA
-49,219,-17,AGUA
-49,643,-18,AGUA
-49,332,-20,AGUA
-49,554,-31,AGUA
-58,247,-17,AGUA
-49,554,-30,AGUA
-50,257,-17,AGUA
-49,219,-31,AGUA
-49,219,-30,AGUA
-63,394,-17,AGUA
-49,332,-29,AGUA
-49,332,-32,AGUA
-49,219,-29,AGUA
-49,219,-24,AGUA
-49,554,-29,AGUA
-49,219,-23,AGUA
-49,554,-28,AGUA
-49,219,-22,AGUA
-49,554,-27,AGUA
-49,219,-21,AGUA
-49,219,-28,AGUA
-49,219,-27,AGUA
-49,219,-26,AGUA
-49,332,-31,AGUA
-49,219,-25,AGUA
-49,332,-30,AGUA
-64,522,-17,AGUA
-57,609,-17,AGUA
-53,597,-17,AGUA
-58,484,-17,AGUA
-58,336,-17,AGUA
-58,360,-17,AGUA
-56,357,-17,AGUA
-51,24,-17,AGUA
-54,153,-17,AGUA
-49,619,-30,AGUA
-49,619,-31,AGUA
-63,81,-17,AGUA
-49,480,-19,AGUA
-49,480,-18,AGUA
-49,480,-17,AGUA
-62,519,-17,AGUA
-49,243,-19,AGUA
-49,367,-18,AGUA
-52,263,-17,AGUA
-49,367,-19,AGUA
-49,367,-17,AGUA
-49,367,-25,AGUA
-49,619,-21,AGUA
-49,367,-26,AGUA
-49,619,-22,AGUA
-49,619,-23,AGUA
-49,367,-23,AGUA
-49,243,-21,AGUA
-49,619,-24,AGUA
-49,367,-24,AGUA
-49,243,-20,AGUA
-49,367,-21,AGUA
-49,367,-22,AGUA
-49,619,-20,AGUA
-49,367,-20,AGUA
-49,243,-27,AGUA
-49,619,-29,AGUA
-49,243,-26,AGUA
-49,243,-29,AGUA
-49,243,-28,AGUA
-49,243,-23,AGUA
-49,619,-25,AGUA
-49,619,-26,AGUA
-49,243,-22,AGUA
-49,619,-27,AGUA
-49,243,-25,AGUA
-49,619,-28,AGUA
-49,243,-24,AGUA
-60,152,-17,AGUA
-49,480,-29,AGUA
-49,480,-28,AGUA
-49,480,-27,AGUA
-49,480,-22,AGUA
-49,480,-21,AGUA
-49,480,-20,AGUA
-49,480,-26,AGUA
-49,480,-25,AGUA
-49,480,-24,AGUA
-49,480,-23,AGUA
-49,619,-18,AGUA
-49,619,-19,AGUA
-49,243,-18,AGUA
-49,243,-17,AGUA
-60,3,-17,AGUA
-49,619,-17,AGUA
-55,35,-17,AGUA
-53,19,-17,AGUA
-49,480,-32,AGUA
-49,480,-31,AGUA
-49,480,-30,AGUA
-49,20,-17,AGUA
-60,505,-17,AGUA
-63,66,-17,AGUA
-49,20,-20,AGUA
-62,143,-17,AGUA
-49,20,-21,AGUA
-49,20,-22,AGUA
-49,20,-23,AGUA
-49,20,-24,AGUA
-49,367,-29,AGUA
-49,20,-25,AGUA
-49,20,-26,AGUA
-49,367,-27,AGUA
-49,20,-27,AGUA
-49,367,-28,AGUA
-49,20,-28,AGUA
-49,20,-18,AGUA
-49,20,-19,AGUA
-51,501,-17,AGUA
-49,367,-30,AGUA
-49,367,-31,AGUA
-54,627,-17,AGUA
-49,20,-30,AGUA
-49,20,-31,AGUA
-49,20,-29,AGUA
-49,293,-17,AGUA
-63,492,-17,AGUA
-49,293,-19,AGUA
-49,293,-18,AGUA
-58,149,-17,AGUA
-63,157,-17,AGUA
-61,267,-17,AGUA
-63,270,-17,AGUA
-51,59,-17,AGUA
-50,159,-17,AGUA
-57,135,-17,AGUA
-61,454,-17,AGUA
-59,425,-32,AGUA
-63,410,-17,AGUA
-64,148,-17,AGUA
-57,493,-17,AGUA
-53,375,-32,AGUA
-59,425,-17,AGUA
-57,469,-17,AGUA
-64,172,-17,AGUA
-61,388,-17,AGUA
-56,633,-17,AGUA
-53,375,-17,AGUA
-52,426,-32,AGUA
-62,17,-17,AGUA
-60,626,-17,AGUA
-64,261,-17,AGUA
-61,641,-17,AGUA
-62,379,-17,AGUA
-62,492,-17,AGUA
-56,591,-17,AGUA
-52,613,-17,AGUA
-49,93,-30,AGUA
-59,149,-17,AGUA
-58,500,-17,AGUA
-49,93,-31,AGUA
-49,69,-26,AGUA
-49,69,-27,AGUA
-49,69,-24,AGUA
-49,69,-25,AGUA
-49,69,-28,AGUA
-49,69,-29,AGUA
-49,93,-29,AGUA
-49,93,-25,AGUA
-59,351,-17,AGUA
-49,93,-26,AGUA
-49,93,-27,AGUA
-49,93,-28,AGUA
-49,93,-21,AGUA
-49,93,-22,AGUA
-49,69,-30,AGUA
-61,528,-17,AGUA
-49,93,-23,AGUA
-49,93,-24,AGUA
-49,69,-31,AGUA
-49,93,-20,AGUA
-49,69,-32,AGUA
-60,439,-17,AGUA
-62,379,-32,AGUA
-51,101,-17,AGUA
-49,69,-19,AGUA
-49,69,-17,AGUA
-49,69,-18,AGUA
-60,463,-17,AGUA
-54,390,-32,AGUA
-49,69,-22,AGUA
-49,69,-23,AGUA
-60,552,-17,AGUA
-49,69,-20,AGUA
-49,69,-21,AGUA
-52,337,-17,AGUA
-63,223,-17,AGUA
-61,617,-17,AGUA
-60,439,-32,AGUA
-62,590,-17,AGUA
-63,181,-17,AGUA
-49,643,-31,AGUA
-49,643,-30,AGUA
-54,277,-17,AGUA
-56,233,-17,AGUA
-64,646,-17,AGUA
-49,643,-28,AGUA
-49,643,-29,AGUA
-49,643,-26,AGUA
-49,643,-27,AGUA
-62,608,-17,AGUA
-49,93,-18,AGUA
-49,93,-19,AGUA
-62,119,-17,AGUA
-49,93,-17,AGUA
-50,183,-17,AGUA
-57,395,-32,AGUA
-62,232,-17,AGUA
-51,248,-17,AGUA
-61,97,-17,AGUA
-58,647,-17,AGUA
-58,271,-17,AGUA
-58,100,-17,AGUA
-64,246,-17,AGUA
-50,657,-17,AGUA
-60,365,-17,AGUA
-57,395,-17,AGUA
-50,81,-17,AGUA
-63,655,-17,AGUA
-60,72,-17,AGUA
-53,115,-17,AGUA
-49,456,-21,AGUA
-49,456,-20,AGUA
-49,456,-23,AGUA
-49,456,-22,AGUA
-49,456,-25,AGUA
-49,456,-24,AGUA
-49,456,-18,AGUA
-49,456,-17,AGUA
-49,456,-19,AGUA
-56,75,-17,AGUA
-52,41,-17,AGUA
-58,91,-17,AGUA
-49,456,-30,AGUA
-49,456,-32,AGUA
-61,241,-17,AGUA
-49,456,-31,AGUA
-49,456,-27,AGUA
-49,456,-26,AGUA
-49,456,-29,AGUA
-49,456,-28,AGUA
-52,99,-17,AGUA
-55,529,-17,AGUA
-52,187,-17,AGUA
-58,311,-17,AGUA
-49,257,-21,AGUA
-50,145,-17,AGUA
-49,257,-22,AGUA
-49,257,-20,AGUA
-53,661,-17,AGUA
-49,257,-25,AGUA
-49,257,-26,AGUA
-49,257,-23,AGUA
-49,257,-24,AGUA
-49,257,-18,AGUA
-49,257,-19,AGUA
-49,257,-17,AGUA
-62,521,-17,AGUA
-49,210,-17,AGUA
-49,210,-18,AGUA
-53,129,-17,AGUA
-62,568,-17,AGUA
-49,257,-32,AGUA
-49,257,-30,AGUA
-49,257,-31,AGUA
-49,257,-29,AGUA
-49,257,-27,AGUA
-49,257,-28,AGUA
-55,365,-17,AGUA
-61,288,-17,AGUA
-51,425,-32,AGUA
-62,433,-32,AGUA
-64,225,-17,AGUA
-55,133,-17,AGUA
-60,526,-17,AGUA
-59,45,-17,AGUA
-51,425,-17,AGUA
-51,610,-17,AGUA
-63,519,-17,AGUA
-51,513,-17,AGUA
-60,290,-17,AGUA
-58,126,-17,AGUA
-61,153,-17,AGUA
-64,572,-17,AGUA
-54,19,-17,AGUA
-62,318,-17,AGUA
-52,275,-17,AGUA
-61,232,-17,AGUA
-56,307,-17,AGUA
-49,210,-26,AGUA
-49,210,-27,AGUA
-58,8,-17,AGUA
-49,210,-28,AGUA
-49,210,-29,AGUA
-49,210,-22,AGUA
-59,647,-17,AGUA
-49,210,-23,AGUA
-49,210,-24,AGUA
-49,210,-25,AGUA
-49,210,-20,AGUA
-49,210,-21,AGUA
-54,418,-32,AGUA
-50,83,-17,AGUA
-49,131,-31,AGUA
-49,210,-19,AGUA
-49,131,-30,AGUA
-54,603,-17,AGUA
-63,283,-17,AGUA
-49,210,-30,AGUA
-49,210,-31,AGUA
-49,210,-32,AGUA
-58,358,-17,AGUA
-49,131,-28,AGUA
-49,131,-29,AGUA
-49,131,-26,AGUA
-49,131,-27,AGUA
-49,131,-24,AGUA
-49,131,-25,AGUA
-49,131,-22,AGUA
-49,131,-23,AGUA
-49,131,-20,AGUA
-49,131,-21,AGUA
-49,530,-17,AGUA
-64,484,-17,AGUA
-56,431,-32,AGUA
-61,367,-17,AGUA
-53,449,-17,AGUA
-57,87,-17,AGUA
-62,39,-17,AGUA
-53,341,-17,AGUA
-53,67,-17,AGUA
-60,605,-17,AGUA
-57,157,-17,AGUA
-60,303,-17,AGUA
-53,305,-17,AGUA
-60,206,-17,AGUA
-50,395,-17,AGUA
-55,453,-17,AGUA
-58,561,-17,AGUA
-62,489,-17,AGUA
-60,641,-17,AGUA
-62,4,-17,AGUA
-49,345,-17,AGUA
-55,619,-17,AGUA
-49,345,-18,AGUA
-49,345,-19,AGUA
-49,345,-20,AGUA
-49,345,-21,AGUA
-49,345,-22,AGUA
-49,345,-23,AGUA
-49,345,-24,AGUA
-49,345,-25,AGUA
-49,345,-26,AGUA
-50,395,-32,AGUA
-58,10,-17,AGUA
-51,71,-17,AGUA
-50,359,-17,AGUA
-51,337,-17,AGUA
-61,117,-17,AGUA
-63,371,-17,AGUA
-49,530,-32,AGUA
-49,530,-31,AGUA
-49,530,-30,AGUA
-64,313,-17,AGUA
-49,530,-29,AGUA
-51,258,-17,AGUA
-49,530,-22,AGUA
-49,530,-21,AGUA
-49,530,-24,AGUA
-49,530,-23,AGUA
-49,530,-26,AGUA
-49,530,-25,AGUA
-49,530,-28,AGUA
-49,530,-27,AGUA
-49,345,-27,AGUA
-49,345,-28,AGUA
-49,345,-29,AGUA
-49,530,-20,AGUA
-49,345,-30,AGUA
-49,345,-31,AGUA
-54,55,-17,AGUA
-60,34,-17,AGUA
-49,530,-19,AGUA
-49,530,-18,AGUA
-58,613,-17,AGUA
-59,375,-17,AGUA
-51,123,-17,AGUA
-61,407,-32,AGUA
-53,625,-17,AGUA
-55,667,-17,AGUA
-62,169,-17,AGUA
-61,639,-17,AGUA
-54,387,-17,AGUA
-62,266,-17,AGUA
-50,447,-32,AGUA
-55,73,-17,AGUA
-59,81,-17,AGUA
-58,482,-17,AGUA
-59,375,-32,AGUA
-62,170,-17,AGUA
-63,344,-17,AGUA
-54,589,-17,AGUA
-52,201,-17,AGUA
-61,407,-17,AGUA
-51,596,-17,AGUA
-60,118,-17,AGUA
-54,299,-17,AGUA
-63,634,-17,AGUA
-58,297,-17,AGUA
-62,354,-17,AGUA
-54,387,-32,AGUA
-50,408,-32,AGUA
-49,665,-26,AGUA
-49,665,-27,AGUA
-49,665,-28,AGUA
-59,287,-17,AGUA
-49,665,-29,AGUA
-64,396,-17,AGUA
-53,537,-17,AGUA
-51,394,-17,AGUA
-49,665,-30,AGUA
-49,665,-31,AGUA
-53,253,-17,AGUA
-49,665,-32,AGUA
-57,535,-17,AGUA
-49,309,-17,AGUA
-49,309,-19,AGUA
-49,309,-18,AGUA
-63,159,-17,AGUA
-56,13,-17,AGUA
-49,309,-28,AGUA
-56,99,-17,AGUA
-61,87,-17,AGUA
-49,309,-27,AGUA
-49,309,-29,AGUA
-49,309,-24,AGUA
-49,309,-23,AGUA
-49,309,-26,AGUA
-49,309,-25,AGUA
-49,309,-20,AGUA
-49,309,-22,AGUA
-49,309,-21,AGUA
-49,178,-17,AGUA
-49,665,-19,AGUA
-49,665,-17,AGUA
-49,665,-18,AGUA
-49,309,-31,AGUA
-49,309,-30,AGUA
-49,309,-32,AGUA
-50,447,-17,AGUA
-49,665,-22,AGUA
-49,665,-23,AGUA
-49,665,-24,AGUA
-52,459,-17,AGUA
-49,665,-25,AGUA
-49,665,-20,AGUA
-49,665,-21,AGUA
-49,178,-29,AGUA
-49,577,-29,AGUA
-49,577,-28,AGUA
-60,486,-17,AGUA
-49,577,-27,AGUA
-49,577,-26,AGUA
-49,131,-19,AGUA
-49,131,-17,AGUA
-49,178,-30,AGUA
-49,131,-18,AGUA
-49,178,-31,AGUA
-49,577,-32,AGUA
-49,577,-31,AGUA
-49,577,-30,AGUA
-62,40,-17,AGUA
-49,178,-32,AGUA
-51,382,-32,AGUA
-49,178,-18,AGUA
-49,178,-19,AGUA
-49,577,-19,AGUA
-49,577,-18,AGUA
-49,577,-17,AGUA
-49,577,-25,AGUA
-49,577,-24,AGUA
-49,577,-23,AGUA
-49,178,-20,AGUA
-49,577,-22,AGUA
-49,577,-21,AGUA
-49,577,-20,AGUA
-49,178,-25,AGUA
-49,178,-26,AGUA
-49,178,-27,AGUA
-49,178,-28,AGUA
-49,178,-21,AGUA
-49,178,-22,AGUA
-49,178,-23,AGUA
-49,178,-24,AGUA
-49,406,-29,AGUA
-49,433,-31,AGUA
-49,433,-30,AGUA
-51,382,-17,AGUA
-49,433,-32,AGUA
-49,406,-22,AGUA
-49,406,-21,AGUA
-49,406,-24,AGUA
-49,406,-23,AGUA
-49,406,-26,AGUA
-49,406,-25,AGUA
-49,406,-28,AGUA
-49,406,-27,AGUA
-60,242,-17,AGUA
-49,406,-31,AGUA
-49,406,-30,AGUA
-49,433,-28,AGUA
-49,433,-27,AGUA
-49,433,-29,AGUA
-49,433,-24,AGUA
-49,433,-23,AGUA
-49,433,-26,AGUA
-49,433,-25,AGUA
-49,433,-20,AGUA
-49,433,-22,AGUA
-49,433,-21,AGUA
-49,406,-32,AGUA
-60,342,-17,AGUA
-49,433,-17,AGUA
-49,433,-19,AGUA
-57,245,-17,AGUA
-49,433,-18,AGUA
-51,211,-17,AGUA
-58,525,-17,AGUA
-57,547,-17,AGUA
-49,406,-19,AGUA
-49,406,-18,AGUA
-56,382,-32,AGUA
-49,406,-17,AGUA
-49,406,-20,AGUA
-50,47,-17,AGUA
-63,247,-17,AGUA
-59,559,-17,AGUA
-58,57,-17,AGUA
-57,447,-32,AGUA
-56,111,-17,AGUA
-63,432,-17,AGUA
-64,194,-17,AGUA
-61,491,-17,AGUA
-57,447,-17,AGUA
-62,656,-17,AGUA
-61,320,-17,AGUA
-63,332,-17,AGUA
-58,394,-17,AGUA
-58,223,-17,AGUA
-58,648,-17,AGUA
-60,662,-17,AGUA
-56,87,-17,AGUA
-61,578,-17,AGUA
-59,301,-17,AGUA
-61,105,-17,AGUA
-64,621,-17,AGUA
-59,363,-17,AGUA
-49,653,-31,AGUA
-49,653,-30,AGUA
-49,653,-29,AGUA
-49,653,-28,AGUA
-49,653,-27,AGUA
-51,23,-17,AGUA
-49,653,-22,AGUA
-49,653,-21,AGUA
-49,653,-20,AGUA
-54,67,-17,AGUA
-63,100,-17,AGUA
-49,653,-26,AGUA
-49,653,-25,AGUA
-49,653,-24,AGUA
-49,653,-23,AGUA
-49,653,-19,AGUA
-49,653,-18,AGUA
-49,653,-17,AGUA
-63,235,-17,AGUA
-60,82,-17,AGUA
-52,559,-17,AGUA
-59,595,-17,AGUA
-50,347,-17,AGUA
-52,583,-17,AGUA
-63,520,-17,AGUA
-58,45,-17,AGUA
-56,123,-17,AGUA
-61,516,-17,AGUA
-53,437,-32,AGUA
-57,359,-17,AGUA
-64,282,-17,AGUA
-53,525,-17,AGUA
-61,540,-17,AGUA
-62,278,-17,AGUA
-59,339,-17,AGUA
-49,481,-27,AGUA
-49,481,-26,AGUA
-49,481,-29,AGUA
-49,481,-28,AGUA
-51,223,-17,AGUA
-58,601,-17,AGUA
-63,467,-17,AGUA
-49,481,-21,AGUA
-49,481,-20,AGUA
-54,287,-17,AGUA
-49,481,-23,AGUA
-49,481,-22,AGUA
-49,481,-25,AGUA
-49,481,-24,AGUA
-57,75,-17,AGUA
-51,473,-17,AGUA
-58,174,-17,AGUA
-63,567,-17,AGUA
-49,481,-18,AGUA
-49,481,-17,AGUA
-51,294,-17,AGUA
-49,481,-19,AGUA
-62,231,-17,AGUA
-63,420,-17,AGUA
-49,468,-17,AGUA
-49,468,-18,AGUA
-49,468,-19,AGUA
-55,417,-32,AGUA
-49,468,-20,AGUA
-49,468,-23,AGUA
-49,468,-24,AGUA
-57,459,-17,AGUA
-49,468,-21,AGUA
-49,468,-22,AGUA
-63,45,-17,AGUA
-56,179,-17,AGUA
-54,331,-17,AGUA
-64,111,-17,AGUA
-53,353,-17,AGUA
-60,377,-17,AGUA
-49,481,-30,AGUA
-49,481,-32,AGUA
-49,481,-31,AGUA
-51,394,-32,AGUA
-49,55,-31,AGUA
-58,235,-17,AGUA
-49,55,-30,AGUA
-63,591,-17,AGUA
-49,55,-28,AGUA
-49,55,-27,AGUA
-49,55,-29,AGUA
-64,436,-17,AGUA
-56,443,-32,AGUA
-49,468,-27,AGUA
-49,5,-22,AGUA
-49,468,-28,AGUA
-49,5,-23,AGUA
-55,417,-17,AGUA
-49,5,-24,AGUA
-49,468,-25,AGUA
-60,377,-32,AGUA
-49,5,-25,AGUA
-49,468,-26,AGUA
-49,468,-29,AGUA
-49,5,-20,AGUA
-49,5,-21,AGUA
-49,55,-24,AGUA
-49,55,-23,AGUA
-49,55,-26,AGUA
-49,55,-25,AGUA
-49,55,-20,AGUA
-49,55,-22,AGUA
-49,55,-21,AGUA
-49,55,-17,AGUA
-49,55,-19,AGUA
-49,55,-18,AGUA
-49,5,-19,AGUA
-49,468,-30,AGUA
-49,468,-31,AGUA
-49,5,-17,AGUA
-49,468,-32,AGUA
-49,5,-18,AGUA
-49,5,-30,AGUA
-49,5,-31,AGUA
-50,35,-17,AGUA
-60,13,-17,AGUA
-56,443,-17,AGUA
-64,436,-32,AGUA
-49,5,-26,AGUA
-49,5,-27,AGUA
-49,5,-28,AGUA
-49,5,-29,AGUA
-64,584,-17,AGUA
-55,145,-17,AGUA
-63,200,-17,AGUA
-55,317,-17,AGUA
-64,60,-17,AGUA
-55,567,-17,AGUA
-57,39,-17,AGUA
-62,87,-17,AGUA
-53,205,-17,AGUA
-50,193,-17,AGUA
-59,33,-17,AGUA
-51,358,-17,AGUA
-50,667,-17,AGUA
-49,110,-30,AGUA
-49,110,-31,AGUA
-50,95,-17,AGUA
-50,471,-17,AGUA
-61,640,-17,AGUA
-61,40,-17,AGUA
-49,110,-21,AGUA
-49,110,-22,AGUA
-60,190,-17,AGUA
-49,110,-20,AGUA
-49,110,-29,AGUA
-49,110,-27,AGUA
-49,110,-28,AGUA
-49,110,-25,AGUA
-49,110,-26,AGUA
-49,110,-23,AGUA
-49,110,-24,AGUA
-62,218,-17,AGUA
-49,110,-18,AGUA
-49,110,-19,AGUA
-49,110,-17,AGUA
-60,562,-17,AGUA
-51,171,-17,AGUA
-50,495,-17,AGUA
-62,533,-17,AGUA
-63,295,-17,AGUA
-61,253,-17,AGUA
-58,346,-17,AGUA
-51,645,-17,AGUA
-53,229,-17,AGUA
-49,357,-30,AGUA
-63,480,-17,AGUA
-49,310,-19,AGUA
-49,310,-18,AGUA
-49,357,-31,AGUA
-62,107,-17,AGUA
-61,455,-17,AGUA
-62,131,-17,AGUA
-49,381,-32,AGUA
-49,381,-31,AGUA
-49,381,-30,AGUA
-49,310,-20,AGUA
-49,357,-27,AGUA
-49,310,-24,AGUA
-49,310,-23,AGUA
-49,357,-26,AGUA
-49,357,-29,AGUA
-49,310,-22,AGUA
-59,424,-32,AGUA
-49,357,-28,AGUA
-49,310,-21,AGUA
-49,310,-28,AGUA
-49,310,-27,AGUA
-49,310,-26,AGUA
-49,310,-25,AGUA
-49,357,-21,AGUA
-49,310,-29,AGUA
-49,357,-20,AGUA
-49,357,-23,AGUA
-49,357,-22,AGUA
-49,357,-25,AGUA
-49,357,-24,AGUA
-58,661,-17,AGUA
-49,310,-31,AGUA
-49,310,-30,AGUA
-49,357,-18,AGUA
-49,357,-17,AGUA
-49,310,-32,AGUA
-49,357,-19,AGUA
-53,585,-17,AGUA
-59,57,-17,AGUA
-57,583,-17,AGUA
-49,381,-19,AGUA
-49,381,-18,AGUA
-49,381,-17,AGUA
-52,412,-32,AGUA
-51,302,-17,AGUA
-59,239,-17,AGUA
-60,166,-17,AGUA
-49,381,-22,AGUA
-49,381,-21,AGUA
-49,381,-20,AGUA
-49,381,-26,AGUA
-49,381,-25,AGUA
-49,381,-24,AGUA
-49,381,-23,AGUA
-60,390,-17,AGUA
-49,381,-29,AGUA
-49,381,-28,AGUA
-49,381,-27,AGUA
-49,310,-17,AGUA
-57,483,-17,AGUA
-57,181,-17,AGUA
-49,542,-28,AGUA
-49,542,-29,AGUA
-64,158,-17,AGUA
-49,542,-31,AGUA
-49,542,-30,AGUA
-49,529,-19,AGUA
-49,529,-18,AGUA
-49,529,-17,AGUA
-61,355,-17,AGUA
-55,441,-32,AGUA
-60,438,-17,AGUA
-57,412,-32,AGUA
-57,281,-17,AGUA
-49,542,-19,AGUA
-52,85,-17,AGUA
-49,542,-17,AGUA
-49,542,-18,AGUA
-49,542,-22,AGUA
-49,542,-23,AGUA
-60,338,-17,AGUA
-49,542,-20,AGUA
-49,542,-21,AGUA
-49,542,-26,AGUA
-49,542,-27,AGUA
-49,542,-24,AGUA
-49,542,-25,AGUA
-51,47,-17,AGUA
-61,129,-17,AGUA
-49,629,-18,AGUA
-49,629,-17,AGUA
-49,629,-19,AGUA
-62,433,-17,AGUA
-60,438,-32,AGUA
-58,446,-17,AGUA
-60,538,-17,AGUA
-63,669,-17,AGUA
-63,195,-17,AGUA
-57,381,-17,AGUA
-55,25,-17,AGUA
-49,529,-22,AGUA
-49,529,-21,AGUA
-49,529,-20,AGUA
-49,529,-26,AGUA
-49,529,-25,AGUA
-57,99,-17,AGUA
-49,529,-24,AGUA
-49,529,-23,AGUA
-49,629,-30,AGUA
-49,529,-29,AGUA
-49,529,-28,AGUA
-49,629,-32,AGUA
-49,529,-27,AGUA
-49,629,-31,AGUA
-49,629,-27,AGUA
-49,629,-26,AGUA
-49,629,-29,AGUA
-49,529,-31,AGUA
-49,629,-28,AGUA
-49,529,-30,AGUA
-49,629,-21,AGUA
-49,629,-20,AGUA
-49,629,-23,AGUA
-57,381,-32,AGUA
-49,629,-22,AGUA
-49,629,-25,AGUA
-49,629,-24,AGUA
-55,441,-17,AGUA
-54,399,-17,AGUA
-53,637,-17,AGUA
-51,271,-17,AGUA
-60,131,-17,AGUA
-50,59,-17,AGUA
-51,158,-17,AGUA
-55,109,-17,AGUA
-54,577,-17,AGUA
-63,124,-17,AGUA
-50,459,-17,AGUA
-61,539,-17,AGUA
-51,496,-17,AGUA
-61,652,-17,AGUA
-53,9,-17,AGUA
-63,4,-17,AGUA
-59,227,-17,AGUA
-49,32,-29,AGUA
-49,32,-28,AGUA
-57,435,-32,AGUA
-62,409,-17,AGUA
-64,645,-17,AGUA
-49,32,-30,AGUA
-49,32,-32,AGUA
-49,32,-31,AGUA
-49,32,-18,AGUA
-49,32,-17,AGUA
-49,32,-19,AGUA
-60,462,-17,AGUA
-58,470,-17,AGUA
-49,32,-21,AGUA
-63,33,-17,AGUA
-49,32,-20,AGUA
-49,32,-23,AGUA
-49,32,-22,AGUA
-49,32,-25,AGUA
-49,32,-24,AGUA
-49,32,-27,AGUA
-49,32,-26,AGUA
-64,170,-17,AGUA
-58,537,-17,AGUA
-63,212,-17,AGUA
-62,52,-17,AGUA
-54,399,-32,AGUA
-59,299,-17,AGUA
-61,555,-17,AGUA
-57,667,-17,AGUA
-62,342,-17,AGUA
-62,592,-17,AGUA
-62,409,-32,AGUA
-60,230,-17,AGUA
-58,69,-17,AGUA
-49,445,-28,AGUA
-49,166,-18,AGUA
-61,332,-17,AGUA
-60,354,-17,AGUA
-49,445,-29,AGUA
-49,166,-17,AGUA
-49,445,-26,AGUA
-49,445,-27,AGUA
-49,445,-31,AGUA
-49,445,-32,AGUA
-49,445,-30,AGUA
-59,547,-17,AGUA
-49,166,-21,AGUA
-49,166,-20,AGUA
-49,166,-25,AGUA
-49,166,-24,AGUA
-49,166,-23,AGUA
-49,166,-22,AGUA
-49,166,-29,AGUA
-49,166,-28,AGUA
-49,166,-27,AGUA
-49,166,-26,AGUA
-49,166,-19,AGUA
-57,559,-17,AGUA
-54,431,-17,AGUA
-58,197,-17,AGUA
-63,444,-17,AGUA
-63,320,-17,AGUA
-54,489,-17,AGUA
-61,219,-17,AGUA
-57,435,-17,AGUA
-64,48,-17,AGUA
-53,549,-17,AGUA
-55,193,-17,AGUA
-61,64,-17,AGUA
-59,398,-32,AGUA
-49,166,-31,AGUA
-49,166,-30,AGUA
-57,257,-17,AGUA
-63,622,-17,AGUA
-49,445,-19,AGUA
-49,445,-17,AGUA
-49,445,-18,AGUA
-49,445,-24,AGUA
-49,445,-25,AGUA
-49,445,-22,AGUA
-49,445,-23,AGUA
-49,445,-20,AGUA
-49,445,-21,AGUA
-49,109,-21,AGUA
-50,293,-17,AGUA
-55,377,-17,AGUA
-49,109,-22,AGUA
-49,109,-23,AGUA
-49,109,-24,AGUA
-49,109,-25,AGUA
-49,109,-26,AGUA
-49,109,-27,AGUA
-49,109,-28,AGUA
-49,109,-29,AGUA
-49,222,-19,AGUA
-49,222,-18,AGUA
-54,615,-17,AGUA
-49,222,-26,AGUA
-49,222,-25,AGUA
-49,222,-28,AGUA
-49,222,-27,AGUA
-49,222,-22,AGUA
-49,222,-21,AGUA
-49,222,-24,AGUA
-49,222,-23,AGUA
-49,222,-20,AGUA
-54,79,-17,AGUA
-49,109,-30,AGUA
-49,109,-31,AGUA
-50,432,-32,AGUA
-49,245,-18,AGUA
-49,245,-17,AGUA
-49,245,-19,AGUA
-51,194,-17,AGUA
-49,222,-17,AGUA
-49,245,-21,AGUA
-49,245,-20,AGUA
-49,245,-23,AGUA
-49,245,-22,AGUA
-49,245,-25,AGUA
-49,245,-24,AGUA
-49,245,-27,AGUA
-61,16,-17,AGUA
-49,245,-26,AGUA
-60,189,-17,AGUA
-62,243,-17,AGUA
-50,335,-17,AGUA
-51,525,-17,AGUA
-55,377,-32,AGUA
-63,271,-17,AGUA
-51,58,-17,AGUA
-58,636,-17,AGUA
-63,160,-17,AGUA
-49,109,-17,AGUA
-49,109,-18,AGUA
-49,109,-19,AGUA
-52,287,-17,AGUA
-49,222,-29,AGUA
-49,222,-32,AGUA
-49,222,-31,AGUA
-49,222,-30,AGUA
-49,109,-20,AGUA
-54,431,-32,AGUA
-54,187,-17,AGUA
-62,644,-17,AGUA
-53,425,-32,AGUA
-53,55,-17,AGUA
-60,2,-17,AGUA
-55,305,-17,AGUA
-60,69,-17,AGUA
-57,133,-17,AGUA
-60,674,-17,AGUA
-53,425,-17,AGUA
-49,506,-19,AGUA
-49,321,-29,AGUA
-49,506,-18,AGUA
-49,506,-17,AGUA
-61,391,-17,AGUA
-49,321,-30,AGUA
-49,321,-31,AGUA
-60,415,-17,AGUA
-58,70,-17,AGUA
-61,177,-17,AGUA
-63,532,-17,AGUA
-59,659,-17,AGUA
-49,333,-27,AGUA
-49,677,-22,AGUA
-49,333,-26,AGUA
-49,677,-21,AGUA
-49,677,-24,AGUA
-49,333,-25,AGUA
-49,677,-23,AGUA
-49,333,-24,AGUA
-49,333,-23,AGUA
-49,333,-22,AGUA
-49,677,-20,AGUA
-49,333,-21,AGUA
-49,333,-20,AGUA
-49,506,-31,AGUA
-49,677,-19,AGUA
-49,677,-18,AGUA
-53,151,-17,AGUA
-60,586,-17,AGUA
-49,333,-19,AGUA
-49,677,-17,AGUA
-49,333,-18,AGUA
-54,199,-17,AGUA
-49,333,-17,AGUA
-55,607,-17,AGUA
-49,333,-30,AGUA
-63,419,-17,AGUA
-49,506,-29,AGUA
-49,506,-28,AGUA
-49,506,-27,AGUA
-52,447,-17,AGUA
-60,415,-32,AGUA
-49,506,-26,AGUA
-49,677,-32,AGUA
-49,506,-25,AGUA
-49,506,-24,AGUA
-49,506,-23,AGUA
-49,506,-22,AGUA
-57,63,-17,AGUA
-49,506,-21,AGUA
-49,677,-31,AGUA
-49,333,-32,AGUA
-49,506,-20,AGUA
-49,677,-30,AGUA
-49,333,-31,AGUA
-49,506,-30,AGUA
-49,677,-29,AGUA
-49,677,-26,AGUA
-49,677,-25,AGUA
-49,677,-28,AGUA
-49,333,-29,AGUA
-49,677,-27,AGUA
-49,333,-28,AGUA
-53,437,-17,AGUA
-56,311,-17,AGUA
-61,420,-17,AGUA
-51,325,-17,AGUA
-52,447,-32,AGUA
-58,594,-17,AGUA
-56,369,-17,AGUA
-61,307,-17,AGUA
-61,478,-17,AGUA
-61,391,-32,AGUA
-63,78,-17,AGUA
-61,591,-17,AGUA
-57,347,-17,AGUA
-64,294,-17,AGUA
-59,401,-17,AGUA
-52,503,-17,AGUA
-61,220,-17,AGUA
-59,459,-17,AGUA
-53,265,-17,AGUA
-59,401,-32,AGUA
-58,138,-17,AGUA
-62,182,-17,AGUA
-55,229,-17,AGUA
-55,253,-17,AGUA
-61,675,-17,AGUA
-49,393,-19,AGUA
-49,369,-17,AGUA
-61,443,-32,AGUA
-49,393,-17,AGUA
-49,369,-18,AGUA
-49,393,-18,AGUA
-49,369,-19,AGUA
-49,369,-20,AGUA
-49,369,-23,AGUA
-49,369,-24,AGUA
-49,369,-21,AGUA
-49,369,-22,AGUA
-50,579,-17,AGUA
-49,393,-22,AGUA
-49,393,-23,AGUA
-49,393,-24,AGUA
-49,393,-25,AGUA
-57,393,-32,AGUA
-49,393,-20,AGUA
-49,393,-21,AGUA
-49,393,-26,AGUA
-58,423,-17,AGUA
-49,393,-27,AGUA
-49,393,-28,AGUA
-49,393,-29,AGUA
-51,401,-17,AGUA
-51,135,-17,AGUA
-60,154,-17,AGUA
-52,163,-17,AGUA
-49,393,-30,AGUA
-49,393,-31,AGUA
-49,393,-32,AGUA
-58,423,-32,AGUA
-61,443,-17,AGUA
-57,393,-17,AGUA
-61,99,-17,AGUA
-55,61,-17,AGUA
-59,436,-32,AGUA
-55,37,-17,AGUA
-56,631,-17,AGUA
-49,565,-32,AGUA
-49,565,-30,AGUA
-49,565,-31,AGUA
-49,369,-27,AGUA
-49,369,-28,AGUA
-49,369,-25,AGUA
-49,369,-26,AGUA
-49,369,-29,AGUA
-61,265,-17,AGUA
-49,369,-30,AGUA
-60,389,-32,AGUA
-49,369,-31,AGUA
-49,369,-32,AGUA
-64,533,-17,AGUA
-49,565,-29,AGUA
-49,565,-27,AGUA
-49,565,-28,AGUA
-60,503,-17,AGUA
-54,91,-17,AGUA
-64,337,-17,AGUA
-49,143,-29,AGUA
-49,143,-28,AGUA
-49,143,-27,AGUA
-49,143,-26,AGUA
-49,143,-25,AGUA
-49,143,-24,AGUA
-49,143,-23,AGUA
-60,389,-17,AGUA
-49,143,-22,AGUA
-49,143,-21,AGUA
-50,259,-17,AGUA
-49,143,-20,AGUA
-60,628,-17,AGUA
-49,565,-25,AGUA
-49,143,-19,AGUA
-49,565,-26,AGUA
-49,143,-18,AGUA
-49,565,-23,AGUA
-49,143,-17,AGUA
-49,565,-24,AGUA
-49,565,-21,AGUA
-49,565,-22,AGUA
-49,565,-20,AGUA
-60,474,-17,AGUA
-49,565,-18,AGUA
-49,565,-19,AGUA
-49,565,-17,AGUA
-60,218,-17,AGUA
-57,109,-17,AGUA
-64,95,-17,AGUA
-63,10,-17,AGUA
-58,111,-17,AGUA
-58,162,-17,AGUA
-51,609,-17,AGUA
-49,143,-31,AGUA
-49,143,-30,AGUA
-62,15,-17,AGUA
-64,509,-17,AGUA
-49,91,-20,AGUA
-58,584,-17,AGUA
-58,413,-32,AGUA
-57,571,-17,AGUA
-49,91,-21,AGUA
-57,400,-32,AGUA
-49,91,-22,AGUA
-49,91,-23,AGUA
-49,91,-24,AGUA
-49,91,-25,AGUA
-49,91,-26,AGUA
-49,91,-27,AGUA
-49,91,-28,AGUA
-49,91,-29,AGUA
-63,136,-17,AGUA
-63,308,-17,AGUA
-51,401,-32,AGUA
-51,572,-17,AGUA
-49,91,-30,AGUA
-49,91,-31,AGUA
-49,91,-32,AGUA
-63,479,-17,AGUA
-61,419,-17,AGUA
-49,245,-29,AGUA
-49,245,-28,AGUA
-51,437,-17,AGUA
-52,199,-17,AGUA
-49,245,-30,AGUA
-59,175,-17,AGUA
-49,245,-32,AGUA
-49,245,-31,AGUA
-61,504,-17,AGUA
-50,201,-17,AGUA
-62,466,-17,AGUA
-60,326,-17,AGUA
-61,419,-32,AGUA
-62,545,-17,AGUA
-58,334,-17,AGUA
-58,413,-17,AGUA
-54,275,-17,AGUA
-54,406,-32,AGUA
-51,437,-32,AGUA
-61,39,-17,AGUA
-49,617,-30,AGUA
-49,617,-31,AGUA
-62,290,-17,AGUA
-49,617,-32,AGUA
-49,641,-28,AGUA
-49,641,-29,AGUA
-62,421,-32,AGUA
-53,513,-17,AGUA
-49,641,-30,AGUA
-49,641,-31,AGUA
-55,555,-17,AGUA
-60,278,-17,AGUA
-49,617,-17,AGUA
-49,617,-18,AGUA
-49,617,-19,AGUA
-53,117,-17,AGUA
-51,461,-17,AGUA
-60,46,-17,AGUA
-49,91,-17,AGUA
-49,91,-18,AGUA
-49,91,-19,AGUA
-49,617,-27,AGUA
-49,617,-28,AGUA
-49,617,-29,AGUA
-50,181,-17,AGUA
-49,617,-20,AGUA
-49,617,-21,AGUA
-49,617,-22,AGUA
-49,617,-23,AGUA
-49,617,-24,AGUA
-49,617,-25,AGUA
-49,617,-26,AGUA
-63,383,-17,AGUA
-58,258,-17,AGUA
-51,35,-17,AGUA
-58,371,-17,AGUA
-49,22,-17,AGUA
-49,22,-18,AGUA
-49,22,-19,AGUA
-49,22,-23,AGUA
-49,22,-24,AGUA
-49,22,-25,AGUA
-49,22,-26,AGUA
-49,22,-20,AGUA
-49,22,-21,AGUA
-49,22,-22,AGUA
-63,657,-17,AGUA
-62,508,-17,AGUA
-58,33,-17,AGUA
-62,621,-17,AGUA
-57,169,-17,AGUA
-56,431,-17,AGUA
-58,458,-17,AGUA
-60,70,-17,AGUA
-54,31,-17,AGUA
-50,157,-17,AGUA
-50,23,-17,AGUA
-63,183,-17,AGUA
-57,193,-17,AGUA
-53,141,-17,AGUA
-52,97,-17,AGUA
-55,281,-17,AGUA
-64,448,-17,AGUA
-49,22,-27,AGUA
-49,22,-28,AGUA
-49,22,-29,AGUA
-49,22,-30,AGUA
-49,22,-31,AGUA
-62,421,-17,AGUA
-60,265,-17,AGUA
-53,317,-17,AGUA
-58,93,-17,AGUA
-55,1,-17,AGUA
-62,75,-17,AGUA
-52,395,-32,AGUA
-50,283,-17,AGUA
-64,472,-17,AGUA
-57,495,-17,AGUA
-58,200,-17,AGUA
-58,286,-17,AGUA
-56,407,-17,AGUA
-63,555,-17,AGUA
-50,655,-17,AGUA
-56,407,-32,AGUA
-52,424,-32,AGUA
-64,146,-17,AGUA
-49,67,-28,AGUA
-49,67,-29,AGUA
-49,67,-26,AGUA
-49,67,-27,AGUA
-51,661,-17,AGUA
-51,246,-17,AGUA
-61,615,-17,AGUA
-49,67,-31,AGUA
-49,67,-30,AGUA
-62,377,-17,AGUA
-62,490,-17,AGUA
-62,206,-17,AGUA
-52,595,-17,AGUA
-53,573,-17,AGUA
-58,502,-17,AGUA
-58,673,-17,AGUA
-49,641,-19,AGUA
-49,641,-17,AGUA
-61,141,-17,AGUA
-49,641,-18,AGUA
-52,395,-17,AGUA
-52,139,-17,AGUA
-50,483,-17,AGUA
-55,429,-17,AGUA
-49,641,-22,AGUA
-49,641,-23,AGUA
-49,641,-20,AGUA
-49,641,-21,AGUA
-49,641,-26,AGUA
-49,641,-27,AGUA
-49,641,-24,AGUA
-49,641,-25,AGUA
-49,67,-19,AGUA
-49,67,-17,AGUA
-49,67,-18,AGUA
-62,377,-32,AGUA
-55,429,-32,AGUA
-51,633,-17,AGUA
-49,67,-24,AGUA
-49,67,-25,AGUA
-51,548,-17,AGUA
-49,67,-22,AGUA
-49,67,-23,AGUA
-60,550,-17,AGUA
-49,67,-20,AGUA
-49,67,-21,AGUA
-51,182,-17,AGUA
-58,471,-17,AGUA
-55,543,-17,AGUA
-51,200,-17,AGUA
-62,408,-17,AGUA
-50,420,-32,AGUA
-50,555,-17,AGUA
-51,673,-17,AGUA
-55,205,-17,AGUA
-54,531,-17,AGUA
-56,323,-17,AGUA
-62,343,-17,AGUA
-58,536,-17,AGUA
-55,293,-17,AGUA
-62,478,-17,AGUA
-59,483,-17,AGUA
-54,175,-17,AGUA
-49,167,-19,AGUA
-49,167,-18,AGUA
-58,401,-17,AGUA
-49,606,-24,AGUA
-49,606,-23,AGUA
-49,606,-26,AGUA
-49,606,-25,AGUA
-49,606,-20,AGUA
-49,167,-20,AGUA
-49,606,-22,AGUA
-49,606,-21,AGUA
-49,167,-22,AGUA
-49,167,-21,AGUA
-49,167,-24,AGUA
-49,167,-23,AGUA
-49,606,-28,AGUA
-49,167,-26,AGUA
-49,606,-27,AGUA
-49,167,-25,AGUA
-49,167,-28,AGUA
-49,167,-27,AGUA
-49,606,-29,AGUA
-63,355,-17,AGUA
-49,606,-31,AGUA
-49,606,-30,AGUA
-50,235,-17,AGUA
-60,130,-17,AGUA
-58,401,-32,AGUA
-49,167,-17,AGUA
-49,676,-19,AGUA
-49,676,-18,AGUA
-63,3,-17,AGUA
-49,676,-17,AGUA
-54,105,-17,AGUA
-49,120,-27,AGUA
-49,120,-26,AGUA
-49,120,-25,AGUA
-49,120,-24,AGUA
-56,235,-17,AGUA
-49,120,-29,AGUA
-49,120,-28,AGUA
-49,676,-25,AGUA
-63,123,-17,AGUA
-49,676,-24,AGUA
-49,676,-23,AGUA
-49,676,-22,AGUA
-49,120,-23,AGUA
-49,676,-21,AGUA
-49,676,-20,AGUA
-49,120,-22,AGUA
-49,120,-21,AGUA
-52,401,-32,AGUA
-49,120,-20,AGUA
-49,676,-29,AGUA
-49,676,-28,AGUA
-51,46,-17,AGUA
-49,676,-27,AGUA
-49,676,-26,AGUA
-60,177,-17,AGUA
-61,651,-17,AGUA
-49,120,-19,AGUA
-49,120,-18,AGUA
-49,120,-17,AGUA
-49,676,-32,AGUA
-49,676,-31,AGUA
-49,676,-30,AGUA
-63,544,-17,AGUA
-49,417,-18,AGUA
-49,417,-19,AGUA
-49,417,-17,AGUA
-49,417,-20,AGUA
-49,593,-30,AGUA
-49,593,-31,AGUA
-49,593,-32,AGUA
-63,609,-17,AGUA
-63,508,-17,AGUA
-49,417,-29,AGUA
-52,383,-32,AGUA
-49,417,-25,AGUA
-49,417,-26,AGUA
-49,417,-27,AGUA
-49,417,-28,AGUA
-57,335,-17,AGUA
-49,417,-21,AGUA
-49,417,-22,AGUA
-49,417,-23,AGUA
-49,417,-24,AGUA
-57,436,-32,AGUA
-49,417,-30,AGUA
-49,417,-31,AGUA
-49,593,-20,AGUA
-49,593,-21,AGUA
-49,593,-22,AGUA
-49,593,-23,AGUA
-49,593,-24,AGUA
-49,593,-25,AGUA
-49,593,-26,AGUA
-49,593,-27,AGUA
-49,593,-28,AGUA
-49,593,-29,AGUA
-56,643,-17,AGUA
-49,417,-32,AGUA
-57,371,-17,AGUA
-64,135,-17,AGUA
-49,593,-17,AGUA
-49,593,-18,AGUA
-49,593,-19,AGUA
-49,167,-29,AGUA
-51,621,-17,AGUA
-49,167,-31,AGUA
-49,167,-30,AGUA
-49,167,-32,AGUA
-52,383,-17,AGUA
-62,51,-17,AGUA
-53,377,-17,AGUA
-64,556,-17,AGUA
-52,313,-17,AGUA
-60,231,-17,AGUA
-51,270,-17,AGUA
-62,158,-17,AGUA
-61,331,-17,AGUA
-53,413,-17,AGUA
-51,371,-17,AGUA
-49,588,-31,AGUA
-49,588,-30,AGUA
-49,588,-28,AGUA
-49,588,-29,AGUA
-49,588,-26,AGUA
-49,588,-27,AGUA
-52,615,-17,AGUA
-53,377,-32,AGUA
-58,198,-17,AGUA
-49,588,-20,AGUA
-49,588,-21,AGUA
-49,588,-24,AGUA
-49,588,-25,AGUA
-49,588,-22,AGUA
-49,588,-23,AGUA
-49,588,-17,AGUA
-49,588,-18,AGUA
-49,588,-19,AGUA
-53,413,-32,AGUA
-60,497,-17,AGUA
-58,68,-17,AGUA
-63,443,-17,AGUA
-51,484,-17,AGUA
-63,91,-17,AGUA
-59,197,-17,AGUA
-62,645,-17,AGUA
-54,430,-32,AGUA
-61,63,-17,AGUA
-60,585,-17,AGUA
-59,399,-32,AGUA
-55,489,-17,AGUA
-62,444,-17,AGUA
-58,435,-17,AGUA
-49,44,-21,AGUA
-49,44,-22,AGUA
-49,44,-20,AGUA
-49,44,-25,AGUA
-49,44,-26,AGUA
-49,44,-23,AGUA
-49,44,-24,AGUA
-49,44,-18,AGUA
-49,44,-19,AGUA
-49,44,-17,AGUA
-59,127,-17,AGUA
-60,1,-17,AGUA
-62,580,-17,AGUA
-61,567,-17,AGUA
-50,591,-17,AGUA
-49,221,-18,AGUA
-49,221,-17,AGUA
-49,505,-17,AGUA
-49,505,-19,AGUA
-49,505,-18,AGUA
-50,519,-17,AGUA
-52,9,-17,AGUA
-49,505,-20,AGUA
-49,221,-29,AGUA
-49,221,-28,AGUA
-58,637,-17,AGUA
-49,221,-27,AGUA
-49,221,-26,AGUA
-49,221,-25,AGUA
-49,221,-24,AGUA
-49,221,-23,AGUA
-49,221,-22,AGUA
-49,221,-21,AGUA
-49,44,-32,AGUA
-49,221,-20,AGUA
-49,44,-30,AGUA
-49,44,-31,AGUA
-64,236,-17,AGUA
-49,44,-29,AGUA
-49,44,-27,AGUA
-49,44,-28,AGUA
-63,21,-17,AGUA
-62,510,-17,AGUA
-49,221,-19,AGUA
-49,505,-32,AGUA
-49,221,-32,AGUA
-49,221,-31,AGUA
-49,221,-30,AGUA
-58,369,-17,AGUA
-56,442,-32,AGUA
-63,272,-17,AGUA
-55,376,-32,AGUA
-62,242,-17,AGUA
-49,505,-22,AGUA
-49,505,-21,AGUA
-49,505,-24,AGUA
-57,607,-17,AGUA
-49,505,-23,AGUA
-49,505,-26,AGUA
-49,505,-25,AGUA
-49,505,-28,AGUA
-49,291,-17,AGUA
-49,505,-27,AGUA
-49,291,-19,AGUA
-49,505,-29,AGUA
-49,291,-18,AGUA
-59,399,-17,AGUA
-49,505,-31,AGUA
-49,505,-30,AGUA
-49,291,-22,AGUA
-49,291,-21,AGUA
-49,291,-24,AGUA
-49,291,-23,AGUA
-49,291,-26,AGUA
-58,151,-17,AGUA
-49,291,-25,AGUA
-49,291,-28,AGUA
-59,400,-32,AGUA
-49,291,-27,AGUA
-49,291,-29,AGUA
-52,347,-17,AGUA
-52,401,-17,AGUA
-49,291,-20,AGUA
-53,465,-17,AGUA
-53,163,-17,AGUA
-61,479,-17,AGUA
-61,308,-17,AGUA
-49,120,-30,AGUA
-63,319,-17,AGUA
-62,98,-17,AGUA
-64,425,-17,AGUA
-49,291,-31,AGUA
-49,120,-32,AGUA
-59,571,-17,AGUA
-49,291,-30,AGUA
-49,120,-31,AGUA
-60,129,-17,AGUA
-60,314,-17,AGUA
-61,106,-17,AGUA
-60,515,-17,AGUA
-55,577,-17,AGUA
-49,606,-17,AGUA
-49,606,-19,AGUA
-49,606,-18,AGUA
-61,579,-17,AGUA
-54,241,-17,AGUA
-60,23,-17,AGUA
-61,277,-17,AGUA
-51,98,-17,AGUA
-57,519,-17,AGUA
-55,507,-17,AGUA
-51,82,-17,AGUA
-49,334,-28,AGUA
-49,334,-27,AGUA
-49,334,-29,AGUA
-60,616,-17,AGUA
-63,360,-17,AGUA
-61,378,-17,AGUA
-49,334,-31,AGUA
-49,334,-30,AGUA
-56,269,-17,AGUA
-49,334,-32,AGUA
-49,334,-17,AGUA
-61,207,-17,AGUA
-49,334,-19,AGUA
-49,334,-18,AGUA
-59,501,-17,AGUA
-49,334,-24,AGUA
-49,334,-23,AGUA
-49,334,-26,AGUA
-49,334,-25,AGUA
-49,334,-20,AGUA
-49,334,-22,AGUA
-49,334,-21,AGUA
-56,169,-17,AGUA
-51,402,-32,AGUA
-58,672,-17,AGUA
-63,171,-17,AGUA
-50,419,-17,AGUA
-61,2,-17,AGUA
-54,376,-32,AGUA
-56,371,-17,AGUA
-62,207,-17,AGUA
-62,142,-17,AGUA
-59,499,-17,AGUA
-49,10,-23,AGUA
-49,10,-22,AGUA
-49,10,-21,AGUA
-49,10,-20,AGUA
-62,544,-17,AGUA
-61,176,-17,AGUA
-49,10,-27,AGUA
-49,10,-26,AGUA
-49,10,-25,AGUA
-49,10,-24,AGUA
-62,633,-17,AGUA
-54,465,-17,AGUA
-50,419,-32,AGUA
-58,335,-17,AGUA
-49,10,-19,AGUA
-49,10,-18,AGUA
-49,10,-17,AGUA
-63,395,-17,AGUA
-55,477,-17,AGUA
-49,10,-31,AGUA
-49,10,-30,AGUA
-49,10,-29,AGUA
-49,10,-28,AGUA
-50,371,-17,AGUA
-60,58,-17,AGUA
-60,485,-17,AGUA
-49,405,-32,AGUA
-49,405,-31,AGUA
-49,405,-30,AGUA
-52,549,-17,AGUA
-51,134,-17,AGUA
-58,246,-17,AGUA
-60,414,-17,AGUA
-49,405,-25,AGUA
-49,405,-24,AGUA
-49,405,-23,AGUA
-55,406,-32,AGUA
-49,405,-22,AGUA
-57,401,-17,AGUA
-49,405,-29,AGUA
-49,392,-18,AGUA
-49,405,-28,AGUA
-49,392,-19,AGUA
-49,405,-27,AGUA
-49,405,-26,AGUA
-49,392,-17,AGUA
-49,368,-22,AGUA
-59,435,-17,AGUA
-49,368,-23,AGUA
-49,368,-24,AGUA
-49,368,-25,AGUA
-49,368,-20,AGUA
-49,368,-21,AGUA
-58,270,-17,AGUA
-51,313,-17,AGUA
-51,402,-17,AGUA
-49,392,-25,AGUA
-62,609,-17,AGUA
-49,392,-26,AGUA
-49,392,-23,AGUA
-49,392,-24,AGUA
-63,556,-17,AGUA
-49,392,-21,AGUA
-49,392,-22,AGUA
-58,163,-17,AGUA
-49,392,-20,AGUA
-49,368,-19,AGUA
-49,392,-29,AGUA
-49,392,-27,AGUA
-49,368,-17,AGUA
-49,392,-28,AGUA
-49,368,-18,AGUA
-62,118,-17,AGUA
-49,392,-32,AGUA
-49,392,-30,AGUA
-49,392,-31,AGUA
-61,444,-17,AGUA
-61,98,-17,AGUA
-52,649,-17,AGUA
-60,414,-32,AGUA
-64,336,-17,AGUA
-53,329,-17,AGUA
-49,368,-30,AGUA
-49,368,-31,AGUA
-63,478,-17,AGUA
-63,307,-17,AGUA
-59,435,-32,AGUA
-49,368,-26,AGUA
-49,368,-27,AGUA
-49,368,-28,AGUA
-49,368,-29,AGUA
-52,483,-17,AGUA
-50,271,-17,AGUA
-49,553,-18,AGUA
-49,553,-17,AGUA
-63,645,-17,AGUA
-49,553,-19,AGUA
-49,553,-25,AGUA
-49,553,-24,AGUA
-49,553,-27,AGUA
-49,553,-26,AGUA
-49,553,-21,AGUA
-49,553,-20,AGUA
-49,553,-23,AGUA
-49,553,-22,AGUA
-55,430,-32,AGUA
-63,491,-17,AGUA
-56,543,-17,AGUA
-49,553,-29,AGUA
-49,553,-28,AGUA
-49,553,-32,AGUA
-49,553,-31,AGUA
-49,553,-30,AGUA
-57,401,-32,AGUA
-53,105,-17,AGUA
-49,618,-31,AGUA
-49,618,-32,AGUA
-49,618,-30,AGUA
-55,388,-32,AGUA
-58,483,-17,AGUA
-49,618,-24,AGUA
-49,618,-25,AGUA
-49,618,-22,AGUA
-49,618,-23,AGUA
-58,435,-32,AGUA
-49,618,-20,AGUA
-49,618,-21,AGUA
-49,618,-28,AGUA
-49,618,-29,AGUA
-49,618,-26,AGUA
-49,618,-27,AGUA
-63,343,-17,AGUA
-64,96,-17,AGUA
-58,298,-17,AGUA
-49,618,-19,AGUA
-64,508,-17,AGUA
-49,618,-17,AGUA
-49,618,-18,AGUA
-62,16,-17,AGUA
-49,92,-28,AGUA
-53,401,-32,AGUA
-49,92,-29,AGUA
-49,92,-26,AGUA
-61,616,-17,AGUA
-49,92,-27,AGUA
-49,92,-24,AGUA
-49,92,-25,AGUA
-51,573,-17,AGUA
-49,92,-22,AGUA
-61,527,-17,AGUA
-49,92,-23,AGUA
-49,92,-20,AGUA
-49,92,-21,AGUA
-58,370,-17,AGUA
-62,289,-17,AGUA
-63,224,-17,AGUA
-62,378,-17,AGUA
-50,567,-17,AGUA
-51,502,-17,AGUA
-58,501,-17,AGUA
-49,92,-31,AGUA
-49,92,-30,AGUA
-55,241,-17,AGUA
-54,139,-17,AGUA
-51,100,-17,AGUA
-51,436,-17,AGUA
-59,263,-17,AGUA
-60,449,-17,AGUA
-51,549,-17,AGUA
-57,655,-17,AGUA
-51,34,-17,AGUA
-58,572,-17,AGUA
-62,307,-17,AGUA
-55,643,-17,AGUA
-49,268,-31,AGUA
-49,268,-30,AGUA
-50,543,-17,AGUA
-49,268,-28,AGUA
-49,470,-31,AGUA
-49,268,-27,AGUA
-49,268,-29,AGUA
-49,470,-30,AGUA
-51,436,-32,AGUA
-54,205,-17,AGUA
-49,470,-24,AGUA
-49,470,-25,AGUA
-49,470,-22,AGUA
-49,470,-23,AGUA
-49,470,-20,AGUA
-49,470,-21,AGUA
-49,470,-28,AGUA
-49,470,-29,AGUA
-49,470,-26,AGUA
-49,470,-27,AGUA
-54,407,-17,AGUA
-60,277,-17,AGUA
-49,470,-19,AGUA
-62,331,-17,AGUA
-49,470,-17,AGUA
-49,470,-18,AGUA
-49,92,-19,AGUA
-49,92,-17,AGUA
-49,92,-18,AGUA
-58,548,-17,AGUA
-49,268,-24,AGUA
-49,268,-23,AGUA
-49,268,-26,AGUA
-49,268,-25,AGUA
-49,268,-20,AGUA
-56,519,-17,AGUA
-49,268,-22,AGUA
-49,268,-21,AGUA
-62,509,-17,AGUA
-54,407,-32,AGUA
-49,268,-17,AGUA
-49,268,-19,AGUA
-49,268,-18,AGUA
-58,34,-17,AGUA
-64,573,-17,AGUA
-64,360,-17,AGUA
-57,323,-17,AGUA
-60,71,-17,AGUA
-64,100,-17,AGUA
-63,580,-17,AGUA
-49,457,-24,AGUA
-49,457,-23,AGUA
-49,457,-22,AGUA
-49,457,-21,AGUA
-49,457,-20,AGUA
-55,169,-17,AGUA
-49,642,-20,AGUA
-49,642,-21,AGUA
-49,642,-22,AGUA
-49,642,-23,AGUA
-53,91,-17,AGUA
-49,642,-24,AGUA
-49,642,-25,AGUA
-49,642,-26,AGUA
-64,171,-17,AGUA
-49,642,-17,AGUA
-49,642,-18,AGUA
-49,642,-19,AGUA
-49,457,-19,AGUA
-49,457,-18,AGUA
-49,457,-17,AGUA
-60,366,-17,AGUA
-49,457,-31,AGUA
-49,457,-30,AGUA
-60,551,-17,AGUA
-61,142,-17,AGUA
-49,457,-29,AGUA
-49,457,-28,AGUA
-49,457,-27,AGUA
-49,457,-26,AGUA
-49,457,-25,AGUA
-59,163,-17,AGUA
-63,56,-17,AGUA
-61,242,-17,AGUA
-55,341,-17,AGUA
-49,642,-30,AGUA
-50,169,-17,AGUA
-49,642,-31,AGUA
-49,155,-17,AGUA
-49,155,-18,AGUA
-49,642,-27,AGUA
-49,642,-28,AGUA
-49,642,-29,AGUA
-56,577,-17,AGUA
-60,651,-17,AGUA
-64,302,-17,AGUA
-49,155,-20,AGUA
-49,155,-21,AGUA
-49,155,-22,AGUA
-49,155,-23,AGUA
-53,401,-17,AGUA
-49,155,-24,AGUA
-49,155,-25,AGUA
-49,155,-26,AGUA
-49,155,-27,AGUA
-49,155,-28,AGUA
-49,155,-29,AGUA
-49,155,-19,AGUA
-51,347,-17,AGUA
-49,155,-30,AGUA
-49,155,-31,AGUA
-49,155,-32,AGUA
-54,163,-17,AGUA
-56,406,-32,AGUA
-51,247,-17,AGUA
-62,319,-17,AGUA
-62,610,-17,AGUA
-51,70,-17,AGUA
-58,447,-32,AGUA
-62,432,-17,AGUA
-59,387,-32,AGUA
-61,75,-17,AGUA
-63,259,-17,AGUA
-55,519,-17,AGUA
-63,372,-17,AGUA
-58,269,-17,AGUA
-62,254,-17,AGUA
-58,447,-17,AGUA
-51,514,-17,AGUA
-58,625,-17,AGUA
-57,507,-17,AGUA
-51,336,-17,AGUA
-63,194,-17,AGUA
-49,79,-24,AGUA
-49,79,-23,AGUA
-49,79,-22,AGUA
-49,79,-21,AGUA
-49,79,-20,AGUA
-49,79,-19,AGUA
-49,79,-18,AGUA
-49,79,-17,AGUA
-59,387,-17,AGUA
-54,442,-32,AGUA
-54,329,-17,AGUA
-49,79,-32,AGUA
-49,79,-31,AGUA
-49,79,-30,AGUA
-58,382,-17,AGUA
-49,517,-31,AGUA
-49,79,-29,AGUA
-49,517,-32,AGUA
-49,79,-28,AGUA
-49,79,-27,AGUA
-49,79,-26,AGUA
-49,79,-25,AGUA
-51,111,-17,AGUA
-60,302,-17,AGUA
-54,43,-17,AGUA
-59,139,-17,AGUA
-49,191,-19,AGUA
-60,106,-17,AGUA
-49,191,-18,AGUA
-64,449,-17,AGUA
-49,191,-17,AGUA
-61,627,-17,AGUA
-55,269,-17,AGUA
-60,266,-17,AGUA
-52,301,-17,AGUA
-62,389,-17,AGUA
-49,191,-32,AGUA
-49,191,-31,AGUA
-49,191,-30,AGUA
-53,241,-17,AGUA
-49,191,-21,AGUA
-49,191,-20,AGUA
-58,560,-17,AGUA
-62,63,-17,AGUA
-51,584,-17,AGUA
-54,507,-17,AGUA
-49,191,-25,AGUA
-49,191,-24,AGUA
-49,191,-23,AGUA
-49,191,-22,AGUA
-49,191,-29,AGUA
-49,191,-28,AGUA
-49,191,-27,AGUA
-49,191,-26,AGUA
-58,127,-17,AGUA
-53,299,-17,AGUA
-61,118,-17,AGUA
-53,477,-17,AGUA
-60,390,-32,AGUA
-61,231,-17,AGUA
-58,81,-17,AGUA
-60,35,-17,AGUA
-59,583,-17,AGUA
-55,13,-17,AGUA
-52,537,-17,AGUA
-61,467,-17,AGUA
-62,389,-32,AGUA
-63,579,-17,AGUA
-49,630,-27,AGUA
-49,630,-26,AGUA
-49,630,-25,AGUA
-49,630,-24,AGUA
-54,649,-17,AGUA
-49,630,-23,AGUA
-49,630,-22,AGUA
-55,589,-17,AGUA
-49,630,-21,AGUA
-60,426,-17,AGUA
-49,630,-20,AGUA
-49,517,-30,AGUA
-56,394,-32,AGUA
-49,517,-22,AGUA
-49,517,-23,AGUA
-49,517,-20,AGUA
-49,517,-21,AGUA
-49,517,-26,AGUA
-49,517,-27,AGUA
-49,517,-24,AGUA
-49,517,-25,AGUA
-49,517,-28,AGUA
-49,517,-29,AGUA
-61,188,-17,AGUA
-56,430,-32,AGUA
-49,630,-19,AGUA
-49,630,-18,AGUA
-49,630,-17,AGUA
-61,580,-17,AGUA
-53,561,-17,AGUA
-49,630,-31,AGUA
-49,630,-30,AGUA
-61,289,-17,AGUA
-60,640,-17,AGUA
-60,597,-17,AGUA
-49,517,-19,AGUA
-49,517,-17,AGUA
-49,517,-18,AGUA
-52,51,-17,AGUA
-49,630,-29,AGUA
-49,630,-28,AGUA
-52,436,-32,AGUA
-60,527,-17,AGUA
-59,412,-32,AGUA
-55,217,-17,AGUA
-62,171,-17,AGUA
-63,67,-17,AGUA
-56,223,-17,AGUA
-51,212,-17,AGUA
-62,556,-17,AGUA
-62,3,-17,AGUA
-63,135,-17,AGUA
-51,11,-17,AGUA
-63,201,-17,AGUA
-61,663,-17,AGUA
-50,407,-17,AGUA
-52,105,-17,AGUA
-64,609,-17,AGUA
-51,169,-17,AGUA
-59,513,-17,AGUA
-51,282,-17,AGUA
-50,71,-17,AGUA
-64,656,-17,AGUA
-58,211,-17,AGUA
-56,157,-17,AGUA
-62,668,-17,AGUA
-49,576,-28,AGUA
-49,576,-27,AGUA
-49,576,-29,AGUA
-55,465,-17,AGUA
-49,576,-31,AGUA
-61,366,-17,AGUA
-49,576,-30,AGUA
-60,403,-32,AGUA
-49,576,-32,AGUA
-49,576,-17,AGUA
-49,576,-19,AGUA
-49,576,-18,AGUA
-61,165,-17,AGUA
-51,413,-32,AGUA
-64,84,-17,AGUA
-60,604,-17,AGUA
-49,576,-20,AGUA
-49,576,-22,AGUA
-49,576,-21,AGUA
-49,576,-24,AGUA
-49,576,-23,AGUA
-49,576,-26,AGUA
-49,576,-25,AGUA
-60,473,-17,AGUA
-60,403,-17,AGUA
-51,413,-17,AGUA
-52,371,-17,AGUA
-54,388,-32,AGUA
-52,175,-17,AGUA
-63,331,-17,AGUA
-52,673,-17,AGUA
-56,655,-17,AGUA
-57,145,-17,AGUA
-52,359,-17,AGUA
-59,21,-17,AGUA
-49,405,-21,AGUA
-49,405,-20,AGUA
-50,247,-17,AGUA
-49,132,-30,AGUA
-49,132,-31,AGUA
-49,132,-32,AGUA
-49,405,-19,AGUA
-64,496,-17,AGUA
-49,405,-18,AGUA
-49,405,-17,AGUA
-49,132,-27,AGUA
-49,132,-28,AGUA
-49,132,-29,AGUA
-49,132,-23,AGUA
-49,132,-24,AGUA
-49,132,-25,AGUA
-49,132,-26,AGUA
-64,325,-17,AGUA
-49,132,-20,AGUA
-49,132,-21,AGUA
-49,132,-22,AGUA
-49,132,-17,AGUA
-49,132,-18,AGUA
-49,132,-19,AGUA
-49,233,-30,AGUA
-49,233,-31,AGUA
-49,434,-18,AGUA
-49,434,-17,AGUA
-60,142,-17,AGUA
-49,434,-19,AGUA
-50,407,-32,AGUA
-49,233,-29,AGUA
-49,434,-21,AGUA
-49,434,-20,AGUA
-49,434,-25,AGUA
-49,434,-24,AGUA
-49,434,-23,AGUA
-49,434,-22,AGUA
-56,53,-17,AGUA
-49,233,-20,AGUA
-49,434,-29,AGUA
-49,233,-21,AGUA
-49,434,-28,AGUA
-49,233,-22,AGUA
-49,434,-27,AGUA
-49,233,-23,AGUA
-52,603,-17,AGUA
-49,233,-24,AGUA
-49,434,-26,AGUA
-49,233,-25,AGUA
-49,233,-26,AGUA
-49,233,-27,AGUA
-49,233,-28,AGUA
-49,233,-18,AGUA
-49,434,-32,AGUA
-49,233,-19,AGUA
-49,434,-31,AGUA
-49,434,-30,AGUA
-53,365,-17,AGUA
-64,395,-32,AGUA
-61,408,-17,AGUA
-49,233,-17,AGUA
-58,323,-17,AGUA
-62,27,-17,AGUA
-60,343,-17,AGUA
-59,471,-17,AGUA
-54,543,-17,AGUA
-63,633,-17,AGUA
-56,211,-17,AGUA
-60,94,-17,AGUA
-57,643,-17,AGUA
-49,56,-18,AGUA
-49,56,-17,AGUA
-49,56,-19,AGUA
-63,260,-17,AGUA
-49,4,-29,AGUA
-49,4,-27,AGUA
-49,4,-28,AGUA
-49,80,-17,AGUA
-49,4,-32,AGUA
-49,80,-19,AGUA
-49,4,-30,AGUA
-58,494,-17,AGUA
-49,80,-18,AGUA
-49,4,-31,AGUA
-49,56,-21,AGUA
-49,56,-20,AGUA
-49,56,-25,AGUA
-51,537,-17,AGUA
-57,619,-17,AGUA
-49,56,-24,AGUA
-49,56,-23,AGUA
-49,56,-22,AGUA
-49,56,-29,AGUA
-49,56,-28,AGUA
-49,56,-27,AGUA
-50,621,-17,AGUA
-51,448,-17,AGUA
-49,56,-26,AGUA
-63,147,-17,AGUA
-51,69,-17,AGUA
-49,80,-28,AGUA
-49,80,-27,AGUA
-49,80,-29,AGUA
-51,383,-17,AGUA
-49,80,-24,AGUA
-49,56,-32,AGUA
-61,515,-17,AGUA
-49,80,-23,AGUA
-49,56,-31,AGUA
-49,80,-26,AGUA
-49,56,-30,AGUA
-49,80,-25,AGUA
-49,80,-20,AGUA
-49,80,-22,AGUA
-49,80,-21,AGUA
-51,561,-17,AGUA
-61,52,-17,AGUA
-62,277,-17,AGUA
-49,209,-19,AGUA
-49,209,-17,AGUA
-49,209,-18,AGUA
-51,359,-17,AGUA
-58,602,-17,AGUA
-49,322,-24,AGUA
-49,322,-25,AGUA
-49,322,-26,AGUA
-49,322,-27,AGUA
-49,322,-20,AGUA
-49,322,-21,AGUA
-49,322,-22,AGUA
-51,383,-32,AGUA
-49,322,-23,AGUA
-62,390,-17,AGUA
-49,322,-17,AGUA
-49,322,-18,AGUA
-49,322,-19,AGUA
-51,472,-17,AGUA
-49,322,-30,AGUA
-60,574,-17,AGUA
-60,663,-17,AGUA
-49,209,-31,AGUA
-49,209,-32,AGUA
-49,322,-31,AGUA
-49,322,-28,AGUA
-49,322,-29,AGUA
-55,181,-17,AGUA
-49,209,-26,AGUA
-49,209,-27,AGUA
-49,209,-24,AGUA
-49,209,-25,AGUA
-49,209,-22,AGUA
-49,209,-23,AGUA
-49,209,-20,AGUA
-49,209,-21,AGUA
-60,378,-17,AGUA
-54,217,-17,AGUA
-49,209,-28,AGUA
-49,209,-29,AGUA
-61,28,-17,AGUA
-49,209,-30,AGUA
-55,157,-17,AGUA
-56,589,-17,AGUA
-55,655,-17,AGUA
-60,378,-32,AGUA
-51,644,-17,AGUA
-56,531,-17,AGUA
-52,413,-17,AGUA
-64,283,-17,AGUA
-64,461,-17,AGUA
-52,235,-17,AGUA
-60,12,-17,AGUA
-53,175,-17,AGUA
-50,123,-17,AGUA
-59,447,-32,AGUA
-49,493,-30,AGUA
-49,493,-31,AGUA
-62,86,-17,AGUA
-56,418,-32,AGUA
-61,319,-17,AGUA
-63,521,-17,AGUA
-49,493,-27,AGUA
-49,493,-28,AGUA
-49,493,-25,AGUA
-49,493,-26,AGUA
-54,519,-17,AGUA
-49,493,-29,AGUA
-61,432,-17,AGUA
-49,493,-20,AGUA
-52,413,-32,AGUA
-49,493,-23,AGUA
-60,289,-17,AGUA
-57,471,-17,AGUA
-49,493,-24,AGUA
-49,493,-21,AGUA
-49,493,-22,AGUA
-59,447,-17,AGUA
-62,194,-17,AGUA
-63,408,-17,AGUA
-49,493,-17,AGUA
-49,493,-18,AGUA
-49,493,-19,AGUA
-55,418,-32,AGUA
-60,254,-17,AGUA
-55,531,-17,AGUA
-56,293,-17,AGUA
-62,366,-17,AGUA
-50,301,-17,AGUA
-51,170,-17,AGUA
-58,234,-17,AGUA
-58,513,-17,AGUA
-64,585,-17,AGUA
-63,236,-17,AGUA
-49,4,-18,AGUA
-49,4,-19,AGUA
-49,4,-17,AGUA
-52,39,-17,AGUA
-49,4,-25,AGUA
-49,4,-26,AGUA
-49,4,-23,AGUA
-49,4,-24,AGUA
-49,4,-21,AGUA
-59,275,-17,AGUA
-61,604,-17,AGUA
-49,4,-22,AGUA
-49,4,-20,AGUA
-51,650,-17,AGUA
-52,299,-17,AGUA
-61,130,-17,AGUA
-62,106,-17,AGUA
-62,130,-17,AGUA
-64,37,-17,AGUA
-51,146,-17,AGUA
-53,649,-17,AGUA
-60,426,-32,AGUA
-63,44,-17,AGUA
-51,235,-17,AGUA
-51,301,-17,AGUA
-49,469,-20,AGUA
-49,469,-21,AGUA
-49,469,-22,AGUA
-49,469,-23,AGUA
-49,469,-17,AGUA
-49,469,-18,AGUA
-49,469,-19,AGUA
-55,353,-17,AGUA
-58,300,-17,AGUA
-61,343,-17,AGUA
-60,207,-17,AGUA
-64,633,-17,AGUA
-62,579,-17,AGUA
-64,348,-17,AGUA
-54,477,-17,AGUA
-49,469,-30,AGUA
-61,254,-17,AGUA
-49,469,-31,AGUA
-49,469,-32,AGUA
-49,469,-24,AGUA
-49,469,-25,AGUA
-56,335,-17,AGUA
-49,469,-26,AGUA
-49,469,-27,AGUA
-49,469,-28,AGUA
-49,469,-29,AGUA
-59,151,-17,AGUA
-57,293,-17,AGUA
-64,544,-17,AGUA
-63,112,-17,AGUA
-59,625,-17,AGUA
-63,455,-17,AGUA
-55,95,-17,AGUA
-52,495,-17,AGUA
-57,269,-17,AGUA
-53,79,-17,AGUA
-57,424,-32,AGUA
-57,211,-17,AGUA
-63,668,-17,AGUA
-58,22,-17,AGUA
-63,610,-17,AGUA
-64,259,-17,AGUA
-61,556,-17,AGUA
-57,382,-32,AGUA
-60,165,-17,AGUA
-57,595,-17,AGUA
-56,1,-17,AGUA
-59,323,-17,AGUA
-64,201,-17,AGUA
-64,372,-17,AGUA
-53,217,-17,AGUA
-60,639,-17,AGUA
-58,186,-17,AGUA
-56,507,-17,AGUA
-49,541,-25,AGUA
-49,541,-26,AGUA
-49,541,-27,AGUA
-60,337,-17,AGUA
-49,541,-28,AGUA
-49,541,-21,AGUA
-49,256,-17,AGUA
-49,541,-22,AGUA
-49,256,-18,AGUA
-49,541,-23,AGUA
-49,256,-19,AGUA
-49,541,-24,AGUA
-49,541,-20,AGUA
-60,450,-17,AGUA
-49,256,-24,AGUA
-49,256,-25,AGUA
-49,256,-26,AGUA
-49,256,-27,AGUA
-49,256,-20,AGUA
-49,541,-18,AGUA
-49,256,-21,AGUA
-49,541,-19,AGUA
-49,256,-22,AGUA
-49,256,-23,AGUA
-49,541,-17,AGUA
-49,256,-28,AGUA
-49,256,-29,AGUA
-55,442,-32,AGUA
-50,383,-32,AGUA
-55,329,-17,AGUA
-49,256,-30,AGUA
-56,47,-17,AGUA
-49,256,-31,AGUA
-53,673,-17,AGUA
-49,80,-31,AGUA
-49,80,-30,AGUA
-49,80,-32,AGUA
-49,541,-30,AGUA
-49,541,-31,AGUA
-50,383,-17,AGUA
-53,21,-17,AGUA
-49,541,-29,AGUA
-49,516,-25,AGUA
-49,516,-26,AGUA
-49,516,-27,AGUA
-49,516,-28,AGUA
-49,516,-21,AGUA
-49,516,-22,AGUA
-49,516,-23,AGUA
-51,263,-17,AGUA
-49,516,-24,AGUA
-61,209,-17,AGUA
-49,516,-29,AGUA
-63,542,-17,AGUA
-49,516,-30,AGUA
-53,629,-17,AGUA
-49,516,-31,AGUA
-63,589,-17,AGUA
-49,516,-17,AGUA
-52,205,-17,AGUA
-58,293,-17,AGUA
-60,267,-17,AGUA
-49,516,-18,AGUA
-49,516,-19,AGUA
-59,235,-17,AGUA
-56,483,-17,AGUA
-60,461,-17,AGUA
-49,516,-20,AGUA
-55,439,-32,AGUA
-57,531,-17,AGUA
-62,62,-17,AGUA
-60,220,-17,AGUA
-50,307,-17,AGUA
-50,13,-17,AGUA
-50,501,-17,AGUA
-64,637,-17,AGUA
-49,622,-29,AGUA
-61,315,-17,AGUA
-49,622,-27,AGUA
-59,341,-17,AGUA
-49,622,-28,AGUA
-49,622,-25,AGUA
-49,622,-26,AGUA
-54,673,-17,AGUA
-59,388,-32,AGUA
-49,622,-30,AGUA
-49,622,-31,AGUA
-49,669,-30,AGUA
-49,669,-31,AGUA
-49,669,-32,AGUA
-58,381,-32,AGUA
-49,669,-26,AGUA
-49,669,-27,AGUA
-49,669,-28,AGUA
-57,249,-17,AGUA
-49,669,-29,AGUA
-49,669,-22,AGUA
-49,669,-23,AGUA
-49,669,-24,AGUA
-49,669,-25,AGUA
-49,669,-20,AGUA
-49,669,-21,AGUA
-49,669,-19,AGUA
-49,669,-17,AGUA
-49,669,-18,AGUA
-49,622,-18,AGUA
-52,311,-17,AGUA
-49,622,-19,AGUA
-60,373,-17,AGUA
-49,622,-17,AGUA
-49,622,-23,AGUA
-49,622,-24,AGUA
-49,622,-21,AGUA
-49,622,-22,AGUA
-49,622,-20,AGUA
-58,381,-17,AGUA
-61,65,-17,AGUA
-62,388,-17,AGUA
-54,567,-17,AGUA
-55,545,-17,AGUA
-57,513,-17,AGUA
-51,508,-17,AGUA
-61,626,-17,AGUA
-58,275,-17,AGUA
-52,428,-32,AGUA
-56,571,-17,AGUA
-51,157,-17,AGUA
-50,431,-32,AGUA
-62,494,-17,AGUA
-54,655,-17,AGUA
-58,140,-17,AGUA
-63,436,-17,AGUA
-51,592,-17,AGUA
-55,439,-17,AGUA
-62,271,-17,AGUA
-64,198,-17,AGUA
-54,497,-17,AGUA
-61,574,-17,AGUA
-61,468,-17,AGUA
-56,465,-17,AGUA
-56,65,-17,AGUA
-63,88,-17,AGUA
-51,486,-17,AGUA
-61,139,-17,AGUA
-63,659,-17,AGUA
-54,414,-32,AGUA
-52,241,-17,AGUA
-58,451,-17,AGUA
-51,227,-17,AGUA
-59,271,-17,AGUA
-64,567,-17,AGUA
-57,461,-17,AGUA
-63,506,-17,AGUA
-53,665,-17,AGUA
-64,268,-17,AGUA
-62,26,-17,AGUA
-50,237,-17,AGUA
-50,431,-17,AGUA
-60,197,-17,AGUA
-59,49,-17,AGUA
-58,498,-17,AGUA
-50,391,-32,AGUA
-56,641,-17,AGUA
-62,516,-17,AGUA
-58,41,-17,AGUA
-63,278,-17,AGUA
-50,179,-17,AGUA
-60,531,-17,AGUA
-51,556,-17,AGUA
-63,472,-17,AGUA
-55,651,-17,AGUA
-62,670,-17,AGUA
-50,391,-17,AGUA
-62,458,-17,AGUA
-51,10,-17,AGUA
-58,88,-17,AGUA
-51,193,-17,AGUA
-49,464,-29,AGUA
-61,17,-17,AGUA
-49,60,-31,AGUA
-49,60,-30,AGUA
-61,293,-17,AGUA
-49,464,-32,AGUA
-49,60,-32,AGUA
-49,464,-30,AGUA
-49,464,-31,AGUA
-55,475,-17,AGUA
-51,57,-17,AGUA
-62,129,-17,AGUA
-52,271,-17,AGUA
-49,464,-18,AGUA
-49,464,-19,AGUA
-55,593,-17,AGUA
-49,464,-23,AGUA
-49,60,-20,AGUA
-49,464,-24,AGUA
-49,464,-21,AGUA
-49,464,-22,AGUA
-49,464,-27,AGUA
-49,60,-24,AGUA
-49,464,-28,AGUA
-49,60,-23,AGUA
-49,464,-25,AGUA
-49,60,-22,AGUA
-49,464,-26,AGUA
-49,60,-21,AGUA
-49,60,-28,AGUA
-49,60,-27,AGUA
-49,60,-26,AGUA
-49,60,-25,AGUA
-61,662,-17,AGUA
-49,464,-20,AGUA
-49,60,-29,AGUA
-62,669,-17,AGUA
-56,329,-17,AGUA
-49,464,-17,AGUA
-49,60,-17,AGUA
-49,60,-19,AGUA
-49,60,-18,AGUA
-49,135,-28,AGUA
-49,135,-29,AGUA
-61,421,-17,AGUA
-49,135,-30,AGUA
-50,461,-17,AGUA
-63,161,-17,AGUA
-62,183,-17,AGUA
-62,411,-32,AGUA
-49,135,-31,AGUA
-49,135,-19,AGUA
-49,135,-17,AGUA
-49,135,-18,AGUA
-58,239,-17,AGUA
-49,147,-32,AGUA
-49,147,-31,AGUA
-49,147,-30,AGUA
-49,147,-29,AGUA
-49,147,-28,AGUA
-49,147,-27,AGUA
-49,135,-26,AGUA
-49,135,-27,AGUA
-49,135,-24,AGUA
-49,135,-25,AGUA
-49,135,-22,AGUA
-49,135,-23,AGUA
-49,135,-20,AGUA
-49,135,-21,AGUA
-58,626,-17,AGUA
-49,476,-32,AGUA
-49,476,-31,AGUA
-58,139,-17,AGUA
-49,147,-26,AGUA
-49,147,-25,AGUA
-49,147,-24,AGUA
-49,147,-23,AGUA
-49,147,-22,AGUA
-49,476,-30,AGUA
-49,147,-21,AGUA
-49,147,-20,AGUA
-62,411,-17,AGUA
-49,147,-19,AGUA
-49,147,-18,AGUA
-49,147,-17,AGUA
-55,509,-17,AGUA
-49,476,-29,AGUA
-49,476,-28,AGUA
-49,476,-23,AGUA
-49,476,-22,AGUA
-49,476,-21,AGUA
-49,476,-20,AGUA
-63,173,-17,AGUA
-49,476,-27,AGUA
-49,476,-26,AGUA
-49,476,-25,AGUA
-49,476,-24,AGUA
-49,205,-28,AGUA
-49,205,-29,AGUA
-49,205,-26,AGUA
-49,205,-27,AGUA
-49,205,-24,AGUA
-49,205,-25,AGUA
-49,205,-31,AGUA
-49,205,-30,AGUA
-59,129,-17,AGUA
-62,341,-17,AGUA
-49,476,-19,AGUA
-49,476,-18,AGUA
-49,476,-17,AGUA
-49,205,-19,AGUA
-49,205,-17,AGUA
-49,205,-18,AGUA
-58,568,-17,AGUA
-49,205,-22,AGUA
-49,205,-23,AGUA
-49,205,-20,AGUA
-49,205,-21,AGUA
-52,117,-17,AGUA
-60,38,-17,AGUA
-60,114,-17,AGUA
-63,231,-17,AGUA
-51,110,-17,AGUA
-64,480,-17,AGUA
-53,15,-17,AGUA
-61,421,-32,AGUA
-60,601,-17,AGUA
-57,319,-17,AGUA
-61,0,-17,AGUA
-61,363,-17,AGUA
-59,85,-17,AGUA
-49,72,-17,AGUA
-49,72,-18,AGUA
-49,72,-19,AGUA
-62,14,-17,AGUA
-58,110,-17,AGUA
-49,323,-29,AGUA
-63,600,-17,AGUA
-49,323,-27,AGUA
-49,323,-28,AGUA
-64,362,-17,AGUA
-49,323,-32,AGUA
-60,219,-17,AGUA
-49,323,-30,AGUA
-49,323,-31,AGUA
-49,72,-31,AGUA
-49,72,-32,AGUA
-61,281,-17,AGUA
-62,552,-17,AGUA
-49,564,-30,AGUA
-49,72,-30,AGUA
-49,564,-31,AGUA
-49,564,-28,AGUA
-49,564,-29,AGUA
-49,72,-20,AGUA
-49,72,-21,AGUA
-49,72,-22,AGUA
-49,72,-23,AGUA
-64,338,-17,AGUA
-59,428,-32,AGUA
-49,72,-28,AGUA
-64,532,-17,AGUA
-49,72,-29,AGUA
-49,72,-24,AGUA
-49,72,-25,AGUA
-49,72,-26,AGUA
-49,72,-27,AGUA
-63,647,-17,AGUA
-50,273,-17,AGUA
-61,210,-17,AGUA
-53,131,-17,AGUA
-60,6,-17,AGUA
-50,61,-17,AGUA
-49,564,-20,AGUA
-49,564,-21,AGUA
-49,564,-22,AGUA
-49,564,-23,AGUA
-49,564,-24,AGUA
-49,564,-25,AGUA
-49,564,-26,AGUA
-49,564,-27,AGUA
-49,564,-17,AGUA
-49,564,-18,AGUA
-49,564,-19,AGUA
-50,167,-17,AGUA
-56,453,-17,AGUA
-52,416,-32,AGUA
-60,162,-17,AGUA
-58,309,-17,AGUA
-61,433,-17,AGUA
-63,484,-17,AGUA
-50,9,-17,AGUA
-62,195,-17,AGUA
-53,107,-17,AGUA
-63,137,-17,AGUA
-56,523,-17,AGUA
-61,433,-32,AGUA
-57,285,-17,AGUA
-58,263,-17,AGUA
-61,29,-17,AGUA
-58,333,-17,AGUA
-62,446,-17,AGUA
-49,12,-31,AGUA
-49,12,-30,AGUA
-49,12,-29,AGUA
-49,12,-28,AGUA
-49,12,-27,AGUA
-49,12,-26,AGUA
-61,351,-17,AGUA
-49,12,-25,AGUA
-52,129,-17,AGUA
-57,501,-17,AGUA
-49,12,-24,AGUA
-49,12,-23,AGUA
-49,12,-22,AGUA
-49,12,-21,AGUA
-49,12,-20,AGUA
-49,12,-19,AGUA
-49,12,-18,AGUA
-51,438,-17,AGUA
-49,12,-17,AGUA
-64,408,-17,AGUA
-63,243,-17,AGUA
-60,319,-17,AGUA
-49,394,-17,AGUA
-58,53,-17,AGUA
-49,394,-18,AGUA
-49,394,-19,AGUA
-56,417,-17,AGUA
-61,674,-17,AGUA
-58,227,-17,AGUA
-51,438,-32,AGUA
-49,323,-18,AGUA
-49,323,-19,AGUA
-49,323,-17,AGUA
-59,311,-17,AGUA
-49,394,-30,AGUA
-49,394,-31,AGUA
-51,215,-17,AGUA
-56,417,-32,AGUA
-49,394,-32,AGUA
-49,323,-21,AGUA
-49,323,-22,AGUA
-51,321,-17,AGUA
-49,323,-20,AGUA
-49,323,-25,AGUA
-49,323,-26,AGUA
-49,323,-23,AGUA
-49,323,-24,AGUA
-49,394,-20,AGUA
-49,394,-23,AGUA
-49,394,-24,AGUA
-49,394,-21,AGUA
-49,394,-22,AGUA
-49,394,-27,AGUA
-64,256,-17,AGUA
-49,394,-28,AGUA
-64,408,-32,AGUA
-49,394,-25,AGUA
-49,394,-26,AGUA
-60,232,-17,AGUA
-49,394,-29,AGUA
-54,607,-17,AGUA
-60,425,-17,AGUA
-62,622,-17,AGUA
-49,253,-18,AGUA
-49,253,-19,AGUA
-49,253,-17,AGUA
-63,384,-17,AGUA
-54,380,-32,AGUA
-49,36,-21,AGUA
-49,36,-20,AGUA
-49,36,-23,AGUA
-49,36,-22,AGUA
-49,610,-30,AGUA
-53,559,-17,AGUA
-49,610,-31,AGUA
-61,140,-17,AGUA
-49,610,-27,AGUA
-49,610,-26,AGUA
-49,610,-29,AGUA
-49,610,-28,AGUA
-50,343,-17,AGUA
-49,36,-18,AGUA
-49,36,-17,AGUA
-49,36,-19,AGUA
-49,36,-30,AGUA
-49,36,-32,AGUA
-49,36,-31,AGUA
-49,610,-23,AGUA
-61,187,-17,AGUA
-49,610,-22,AGUA
-49,610,-25,AGUA
-49,610,-24,AGUA
-57,179,-17,AGUA
-49,610,-21,AGUA
-49,610,-20,AGUA
-49,610,-19,AGUA
-59,165,-17,AGUA
-49,610,-18,AGUA
-51,662,-17,AGUA
-49,610,-17,AGUA
-49,36,-25,AGUA
-49,36,-24,AGUA
-49,36,-27,AGUA
-49,36,-26,AGUA
-60,496,-17,AGUA
-49,36,-29,AGUA
-49,36,-28,AGUA
-55,51,-17,AGUA
-52,394,-32,AGUA
-64,602,-17,AGUA
-52,153,-17,AGUA
-56,35,-17,AGUA
-61,544,-17,AGUA
-64,432,-17,AGUA
-62,74,-17,AGUA
-60,86,-17,AGUA
-51,145,-17,AGUA
-62,235,-17,AGUA
-57,355,-17,AGUA
-49,253,-25,AGUA
-49,253,-26,AGUA
-49,253,-23,AGUA
-49,253,-24,AGUA
-49,253,-29,AGUA
-49,253,-27,AGUA
-49,253,-28,AGUA
-49,253,-21,AGUA
-49,253,-22,AGUA
-49,253,-20,AGUA
-61,327,-17,AGUA
-63,424,-17,AGUA
-51,608,-17,AGUA
-60,425,-32,AGUA
-54,133,-17,AGUA
-60,149,-17,AGUA
-49,253,-30,AGUA
-49,253,-31,AGUA
-55,369,-17,AGUA
-56,377,-32,AGUA
-49,670,-19,AGUA
-49,670,-17,AGUA
-49,670,-18,AGUA
-53,201,-17,AGUA
-61,614,-17,AGUA
-60,636,-17,AGUA
-49,9,-20,AGUA
-49,9,-21,AGUA
-58,674,-17,AGUA
-63,354,-17,AGUA
-49,9,-17,AGUA
-49,9,-18,AGUA
-49,9,-19,AGUA
-62,376,-17,AGUA
-61,398,-17,AGUA
-49,670,-30,AGUA
-56,377,-17,AGUA
-49,670,-31,AGUA
-62,305,-17,AGUA
-55,615,-17,AGUA
-64,673,-17,AGUA
-54,591,-17,AGUA
-61,127,-17,AGUA
-49,670,-22,AGUA
-49,670,-23,AGUA
-49,670,-20,AGUA
-49,670,-21,AGUA
-49,670,-26,AGUA
-49,670,-27,AGUA
-49,670,-24,AGUA
-49,670,-25,AGUA
-53,63,-17,AGUA
-49,670,-28,AGUA
-49,670,-29,AGUA
-52,323,-17,AGUA
-51,632,-17,AGUA
-60,566,-17,AGUA
-49,657,-26,AGUA
-49,183,-18,AGUA
-49,657,-25,AGUA
-49,183,-19,AGUA
-49,657,-24,AGUA
-49,657,-23,AGUA
-49,183,-17,AGUA
-49,657,-29,AGUA
-49,657,-28,AGUA
-49,657,-27,AGUA
-49,657,-32,AGUA
-49,657,-31,AGUA
-49,657,-30,AGUA
-58,403,-32,AGUA
-57,425,-32,AGUA
-49,183,-21,AGUA
-58,403,-17,AGUA
-49,183,-22,AGUA
-49,183,-20,AGUA
-57,425,-17,AGUA
-49,183,-25,AGUA
-49,183,-26,AGUA
-49,183,-23,AGUA
-49,183,-24,AGUA
-49,183,-29,AGUA
-49,183,-27,AGUA
-49,183,-28,AGUA
-49,657,-19,AGUA
-49,657,-18,AGUA
-49,657,-17,AGUA
-49,657,-22,AGUA
-61,257,-17,AGUA
-60,279,-17,AGUA
-49,657,-21,AGUA
-49,657,-20,AGUA
-49,183,-32,AGUA
-50,513,-17,AGUA
-49,183,-30,AGUA
-49,183,-31,AGUA
-64,519,-17,AGUA
-49,9,-30,AGUA
-49,9,-31,AGUA
-49,9,-32,AGUA
-49,9,-26,AGUA
-61,53,-17,AGUA
-49,9,-27,AGUA
-49,9,-28,AGUA
-51,275,-17,AGUA
-49,9,-29,AGUA
-49,9,-22,AGUA
-49,9,-23,AGUA
-49,9,-24,AGUA
-49,9,-25,AGUA
-63,554,-17,AGUA
-58,187,-17,AGUA
-63,41,-17,AGUA
-58,109,-17,AGUA
-59,405,-17,AGUA
-49,346,-24,AGUA
-50,331,-17,AGUA
-49,346,-25,AGUA
-49,346,-22,AGUA
-49,346,-23,AGUA
-49,346,-20,AGUA
-49,346,-21,AGUA
-49,540,-19,AGUA
-49,540,-28,AGUA
-49,540,-29,AGUA
-49,540,-26,AGUA
-49,346,-19,AGUA
-60,437,-32,AGUA
-49,540,-27,AGUA
-49,540,-24,AGUA
-49,346,-17,AGUA
-61,233,-17,AGUA
-49,540,-25,AGUA
-49,346,-18,AGUA
-49,540,-22,AGUA
-49,540,-23,AGUA
-49,540,-20,AGUA
-49,540,-21,AGUA
-64,555,-17,AGUA
-49,587,-27,AGUA
-63,291,-17,AGUA
-49,587,-28,AGUA
-49,587,-29,AGUA
-58,544,-17,AGUA
-49,540,-17,AGUA
-49,540,-18,AGUA
-49,95,-17,AGUA
-49,95,-18,AGUA
-49,95,-19,AGUA
-53,653,-17,AGUA
-59,405,-32,AGUA
-49,587,-30,AGUA
-49,587,-31,AGUA
-49,587,-32,AGUA
-49,587,-17,AGUA
-49,587,-18,AGUA
-49,587,-19,AGUA
-50,297,-17,AGUA
-49,587,-23,AGUA
-49,587,-24,AGUA
-49,587,-25,AGUA
-49,587,-26,AGUA
-58,463,-17,AGUA
-49,587,-20,AGUA
-49,587,-21,AGUA
-49,587,-22,AGUA
-62,657,-17,AGUA
-55,15,-17,AGUA
-49,346,-31,AGUA
-55,141,-17,AGUA
-49,346,-30,AGUA
-49,346,-28,AGUA
-49,346,-29,AGUA
-49,346,-26,AGUA
-49,346,-27,AGUA
-49,540,-31,AGUA
-49,540,-30,AGUA
-62,247,-17,AGUA
-51,45,-17,AGUA
-49,371,-28,AGUA
-49,371,-29,AGUA
-49,371,-26,AGUA
-49,371,-27,AGUA
-49,371,-24,AGUA
-49,371,-25,AGUA
-49,371,-22,AGUA
-62,504,-17,AGUA
-49,371,-23,AGUA
-49,371,-20,AGUA
-49,371,-21,AGUA
-58,357,-17,AGUA
-61,386,-17,AGUA
-53,225,-17,AGUA
-49,371,-31,AGUA
-49,371,-30,AGUA
-51,674,-17,AGUA
-56,547,-17,AGUA
-52,382,-32,AGUA
-58,650,-17,AGUA
-63,266,-17,AGUA
-51,620,-17,AGUA
-56,653,-17,AGUA
-51,345,-17,AGUA
-63,518,-17,AGUA
-53,331,-17,AGUA
-62,159,-17,AGUA
-51,415,-17,AGUA
-52,177,-17,AGUA
-50,473,-17,AGUA
-62,317,-17,AGUA
-51,451,-17,AGUA
-61,77,-17,AGUA
-58,7,-17,AGUA
-64,650,-17,AGUA
-51,415,-32,AGUA
-60,349,-17,AGUA
-63,113,-17,AGUA
-53,155,-17,AGUA
-51,579,-17,AGUA
-57,343,-17,AGUA
-49,371,-19,AGUA
-49,371,-17,AGUA
-49,371,-18,AGUA
-50,367,-17,AGUA
-51,521,-17,AGUA
-59,511,-17,AGUA
-61,481,-17,AGUA
-49,159,-17,AGUA
-49,159,-18,AGUA
-49,159,-19,AGUA
-52,283,-17,AGUA
-53,261,-17,AGUA
-49,159,-20,AGUA
-49,159,-21,AGUA
-49,159,-22,AGUA
-49,159,-23,AGUA
-49,159,-24,AGUA
-58,614,-17,AGUA
-49,159,-25,AGUA
-49,594,-30,AGUA
-49,594,-31,AGUA
-49,159,-26,AGUA
-49,159,-27,AGUA
-49,159,-28,AGUA
-49,159,-29,AGUA
-63,17,-17,AGUA
-49,594,-29,AGUA
-49,159,-30,AGUA
-49,594,-27,AGUA
-49,159,-31,AGUA
-49,594,-28,AGUA
-49,159,-32,AGUA
-49,594,-25,AGUA
-49,594,-26,AGUA
-49,594,-23,AGUA
-49,594,-24,AGUA
-49,594,-21,AGUA
-54,203,-17,AGUA
-49,594,-22,AGUA
-62,38,-17,AGUA
-49,594,-20,AGUA
-60,126,-17,AGUA
-52,141,-17,AGUA
-59,376,-32,AGUA
-62,5,-17,AGUA
-49,594,-18,AGUA
-49,594,-19,AGUA
-49,594,-17,AGUA
-57,485,-17,AGUA
-59,153,-17,AGUA
-53,583,-17,AGUA
-61,303,-17,AGUA
-58,427,-17,AGUA
-54,95,-17,AGUA
-56,495,-17,AGUA
-59,189,-17,AGUA
-61,551,-17,AGUA
-60,255,-17,AGUA
-63,577,-17,AGUA
-55,393,-17,AGUA
-63,0,-17,AGUA
-62,211,-17,AGUA
-59,441,-32,AGUA
-58,427,-32,AGUA
-64,397,-32,AGUA
-52,675,-17,AGUA
-54,631,-17,AGUA
-62,587,-17,AGUA
-58,393,-17,AGUA
-63,361,-17,AGUA
-56,441,-32,AGUA
-55,675,-17,AGUA
-57,631,-17,AGUA
-51,81,-17,AGUA
-55,105,-17,AGUA
-58,393,-32,AGUA
-51,122,-17,AGUA
-63,207,-17,AGUA
-56,441,-17,AGUA
-60,385,-32,AGUA
-52,247,-17,AGUA
-58,152,-17,AGUA
-61,638,-17,AGUA
-55,393,-32,AGUA
-55,533,-17,AGUA
-56,295,-17,AGUA
-63,149,-17,AGUA
-59,441,-17,AGUA
-63,635,-17,AGUA
-58,321,-17,AGUA
-51,251,-17,AGUA
-50,319,-17,AGUA
-64,397,-17,AGUA
-50,119,-17,AGUA
-53,191,-17,AGUA
-51,99,-17,AGUA
-56,511,-17,AGUA
-63,318,-17,AGUA
-57,273,-17,AGUA
-64,44,-17,AGUA
-60,385,-17,AGUA
-50,73,-17,AGUA
-51,381,-32,AGUA
-61,163,-17,AGUA
-60,185,-17,AGUA
-64,467,-17,AGUA
-49,276,-31,AGUA
-49,276,-30,AGUA
-56,583,-17,AGUA
-55,463,-17,AGUA
-54,485,-17,AGUA
-63,448,-17,AGUA
-62,97,-17,AGUA
-49,276,-19,AGUA
-49,276,-28,AGUA
-49,276,-29,AGUA
-49,276,-26,AGUA
-51,181,-17,AGUA
-49,276,-27,AGUA
-49,276,-24,AGUA
-49,276,-25,AGUA
-49,276,-22,AGUA
-49,276,-23,AGUA
-49,276,-20,AGUA
-49,276,-21,AGUA
-60,401,-17,AGUA
-58,580,-17,AGUA
-60,243,-17,AGUA
-54,643,-17,AGUA
-49,276,-17,AGUA
-49,276,-18,AGUA
-51,381,-17,AGUA
-61,508,-17,AGUA
-58,251,-17,AGUA
-55,663,-17,AGUA
-50,261,-17,AGUA
-60,51,-17,AGUA
-64,625,-17,AGUA
-60,401,-32,AGUA
-64,281,-17,AGUA
-58,486,-17,AGUA
-57,473,-17,AGUA
-49,48,-18,AGUA
-49,48,-19,AGUA
-49,48,-17,AGUA
-62,599,-17,AGUA
-61,586,-17,AGUA
-49,48,-21,AGUA
-49,48,-22,AGUA
-49,48,-20,AGUA
-50,249,-17,AGUA
-58,28,-17,AGUA
-54,402,-32,AGUA
-49,645,-30,AGUA
-54,619,-17,AGUA
-49,645,-31,AGUA
-49,645,-32,AGUA
-51,8,-17,AGUA
-55,440,-32,AGUA
-49,241,-18,AGUA
-49,241,-17,AGUA
-49,241,-19,AGUA
-49,645,-26,AGUA
-49,645,-27,AGUA
-49,645,-24,AGUA
-62,471,-17,AGUA
-49,645,-25,AGUA
-49,645,-28,AGUA
-62,294,-17,AGUA
-49,645,-29,AGUA
-49,241,-25,AGUA
-49,241,-24,AGUA
-49,241,-27,AGUA
-49,241,-26,AGUA
-49,241,-29,AGUA
-49,241,-28,AGUA
-62,117,-17,AGUA
-53,595,-17,AGUA
-49,241,-21,AGUA
-49,241,-20,AGUA
-49,241,-23,AGUA
-49,241,-22,AGUA
-62,141,-17,AGUA
-60,74,-17,AGUA
-50,525,-17,AGUA
-53,27,-17,AGUA
-56,429,-17,AGUA
-58,649,-17,AGUA
-63,101,-17,AGUA
-51,287,-17,AGUA
-56,429,-32,AGUA
-58,521,-17,AGUA
-61,104,-17,AGUA
-63,64,-17,AGUA
-59,283,-17,AGUA
-60,307,-17,AGUA
-52,405,-17,AGUA
-53,167,-17,AGUA
-49,48,-25,AGUA
-49,48,-26,AGUA
-49,48,-23,AGUA
-49,48,-24,AGUA
-60,484,-17,AGUA
-49,48,-29,AGUA
-49,48,-27,AGUA
-64,444,-32,AGUA
-55,416,-32,AGUA
-49,48,-28,AGUA
-49,48,-32,AGUA
-49,48,-30,AGUA
-49,48,-31,AGUA
-53,51,-17,AGUA
-49,422,-32,AGUA
-55,603,-17,AGUA
-49,422,-30,AGUA
-49,422,-31,AGUA
-61,339,-17,AGUA
-50,418,-32,AGUA
-63,672,-17,AGUA
-49,422,-29,AGUA
-49,422,-27,AGUA
-49,422,-28,AGUA
-54,555,-17,AGUA
-49,422,-21,AGUA
-49,422,-22,AGUA
-49,422,-20,AGUA
-49,422,-25,AGUA
-49,422,-26,AGUA
-49,422,-23,AGUA
-51,357,-17,AGUA
-49,422,-24,AGUA
-49,171,-21,AGUA
-49,171,-20,AGUA
-49,171,-23,AGUA
-49,171,-22,AGUA
-49,171,-25,AGUA
-49,171,-24,AGUA
-60,331,-17,AGUA
-49,171,-27,AGUA
-59,353,-17,AGUA
-49,171,-26,AGUA
-49,171,-29,AGUA
-49,422,-18,AGUA
-49,171,-28,AGUA
-49,422,-19,AGUA
-49,422,-17,AGUA
-56,23,-17,AGUA
-58,175,-17,AGUA
-57,378,-32,AGUA
-49,171,-30,AGUA
-61,41,-17,AGUA
-49,171,-31,AGUA
-54,145,-17,AGUA
-49,217,-32,AGUA
-49,217,-31,AGUA
-49,217,-30,AGUA
-49,217,-29,AGUA
-49,217,-28,AGUA
-49,217,-27,AGUA
-49,217,-26,AGUA
-49,217,-25,AGUA
-49,217,-24,AGUA
-49,217,-23,AGUA
-63,342,-17,AGUA
-49,217,-22,AGUA
-49,217,-21,AGUA
-49,217,-20,AGUA
-49,645,-22,AGUA
-49,645,-23,AGUA
-49,645,-20,AGUA
-57,543,-17,AGUA
-49,645,-21,AGUA
-60,554,-17,AGUA
-61,532,-17,AGUA
-51,544,-17,AGUA
-49,171,-18,AGUA
-49,217,-19,AGUA
-49,171,-17,AGUA
-49,217,-18,AGUA
-49,217,-17,AGUA
-49,171,-19,AGUA
-49,645,-19,AGUA
-49,645,-17,AGUA
-49,645,-18,AGUA
-52,335,-17,AGUA
-51,22,-17,AGUA
-58,556,-17,AGUA
-60,661,-17,AGUA
-52,3,-17,AGUA
-56,365,-17,AGUA
-49,552,-32,AGUA
-49,311,-21,AGUA
-49,552,-31,AGUA
-49,311,-20,AGUA
-49,552,-30,AGUA
-49,311,-23,AGUA
-49,311,-22,AGUA
-49,311,-25,AGUA
-49,311,-24,AGUA
-49,311,-27,AGUA
-49,311,-26,AGUA
-49,311,-18,AGUA
-49,311,-17,AGUA
-49,311,-19,AGUA
-62,564,-17,AGUA
-49,528,-32,AGUA
-49,528,-31,AGUA
-64,520,-17,AGUA
-64,374,-32,AGUA
-60,14,-17,AGUA
-49,552,-29,AGUA
-49,552,-28,AGUA
-49,552,-27,AGUA
-49,552,-26,AGUA
-49,552,-25,AGUA
-49,552,-24,AGUA
-49,552,-23,AGUA
-49,552,-22,AGUA
-49,311,-30,AGUA
-49,552,-21,AGUA
-49,552,-20,AGUA
-49,311,-31,AGUA
-49,528,-30,AGUA
-49,311,-29,AGUA
-49,528,-25,AGUA
-49,311,-28,AGUA
-49,528,-24,AGUA
-49,528,-27,AGUA
-49,528,-26,AGUA
-57,85,-17,AGUA
-49,528,-21,AGUA
-49,528,-20,AGUA
-49,528,-23,AGUA
-49,528,-22,AGUA
-59,73,-17,AGUA
-59,223,-17,AGUA
-49,528,-29,AGUA
-49,528,-28,AGUA
-49,552,-19,AGUA
-49,552,-18,AGUA
-49,552,-17,AGUA
-57,1,-17,AGUA
-64,374,-17,AGUA
-54,438,-32,AGUA
-60,280,-17,AGUA
-49,124,-19,AGUA
-49,124,-18,AGUA
-49,124,-17,AGUA
-61,269,-17,AGUA
-49,124,-23,AGUA
-49,124,-22,AGUA
-49,124,-21,AGUA
-60,150,-17,AGUA
-49,124,-20,AGUA
-49,124,-27,AGUA
-49,124,-26,AGUA
-49,124,-25,AGUA
-49,124,-24,AGUA
-62,364,-17,AGUA
-57,413,-17,AGUA
-60,507,-17,AGUA
-57,413,-32,AGUA
-61,602,-17,AGUA
-58,204,-17,AGUA
-60,591,-17,AGUA
-62,434,-17,AGUA
-63,412,-17,AGUA
-49,441,-17,AGUA
-49,441,-18,AGUA
-51,474,-17,AGUA
-64,91,-17,AGUA
-63,196,-17,AGUA
-64,174,-17,AGUA
-49,441,-20,AGUA
-49,441,-21,AGUA
-49,441,-28,AGUA
-49,441,-29,AGUA
-49,441,-26,AGUA
-49,441,-27,AGUA
-49,441,-24,AGUA
-49,441,-25,AGUA
-49,441,-22,AGUA
-49,441,-23,AGUA
-60,350,-17,AGUA
-49,441,-19,AGUA
-49,111,-17,AGUA
-49,111,-18,AGUA
-62,160,-17,AGUA
-56,77,-17,AGUA
-49,111,-19,AGUA
-58,65,-17,AGUA
-49,111,-20,AGUA
-49,111,-21,AGUA
-60,624,-17,AGUA
-49,111,-26,AGUA
-49,111,-27,AGUA
-49,111,-28,AGUA
-49,111,-29,AGUA
-49,111,-22,AGUA
-49,111,-23,AGUA
-49,111,-24,AGUA
-49,111,-25,AGUA
-64,244,-17,AGUA
-49,111,-30,AGUA
-49,111,-31,AGUA
-49,111,-32,AGUA
-61,456,-17,AGUA
-49,241,-30,AGUA
-57,380,-32,AGUA
-49,241,-32,AGUA
-49,241,-31,AGUA
-62,634,-17,AGUA
-63,612,-17,AGUA
-49,441,-31,AGUA
-49,441,-32,AGUA
-63,396,-17,AGUA
-49,441,-30,AGUA
-49,499,-19,AGUA
-49,499,-18,AGUA
-49,499,-17,AGUA
-49,95,-23,AGUA
-49,499,-26,AGUA
-49,95,-24,AGUA
-49,499,-25,AGUA
-49,499,-24,AGUA
-49,95,-25,AGUA
-49,499,-23,AGUA
-49,95,-26,AGUA
-49,95,-27,AGUA
-49,499,-22,AGUA
-49,95,-28,AGUA
-49,499,-21,AGUA
-49,95,-29,AGUA
-49,499,-20,AGUA
-60,437,-17,AGUA
-49,528,-18,AGUA
-49,95,-20,AGUA
-49,528,-17,AGUA
-49,95,-21,AGUA
-49,95,-22,AGUA
-49,528,-19,AGUA
-49,499,-29,AGUA
-49,499,-28,AGUA
-49,499,-27,AGUA
-54,392,-32,AGUA
-49,499,-31,AGUA
-49,499,-30,AGUA
-59,1,-17,AGUA
-49,95,-30,AGUA
-49,95,-31,AGUA
-49,95,-32,AGUA
-61,199,-17,AGUA
-58,439,-32,AGUA
-62,505,-17,AGUA
-61,128,-17,AGUA
-63,623,-17,AGUA
-49,370,-20,AGUA
-49,370,-21,AGUA
-49,370,-22,AGUA
-49,370,-23,AGUA
-49,370,-24,AGUA
-49,370,-25,AGUA
-49,370,-26,AGUA
-63,267,-17,AGUA
-49,370,-27,AGUA
-49,370,-28,AGUA
-49,370,-29,AGUA
-62,246,-17,AGUA
-61,563,-17,AGUA
-62,37,-17,AGUA
-53,501,-17,AGUA
-49,370,-30,AGUA
-49,370,-31,AGUA
-54,263,-17,AGUA
-57,191,-17,AGUA
-63,16,-17,AGUA
-49,96,-20,AGUA
-49,96,-21,AGUA
-49,96,-28,AGUA
-49,96,-29,AGUA
-49,96,-26,AGUA
-49,96,-27,AGUA
-49,96,-24,AGUA
-49,96,-25,AGUA
-49,96,-22,AGUA
-49,96,-23,AGUA
-49,96,-19,AGUA
-53,307,-17,AGUA
-63,220,-17,AGUA
-49,96,-31,AGUA
-56,629,-17,AGUA
-49,96,-30,AGUA
-60,436,-17,AGUA
-64,385,-17,AGUA
-57,121,-17,AGUA
-49,347,-29,AGUA
-49,264,-17,AGUA
-52,259,-17,AGUA
-49,264,-19,AGUA
-49,264,-18,AGUA
-49,347,-25,AGUA
-49,347,-26,AGUA
-49,347,-27,AGUA
-49,347,-28,AGUA
-62,611,-17,AGUA
-64,56,-17,AGUA
-63,373,-17,AGUA
-55,381,-32,AGUA
-49,347,-32,AGUA
-53,571,-17,AGUA
-49,347,-30,AGUA
-49,347,-31,AGUA
-60,436,-32,AGUA
-49,264,-28,AGUA
-49,264,-27,AGUA
-49,264,-29,AGUA
-49,264,-24,AGUA
-49,264,-23,AGUA
-61,76,-17,AGUA
-49,264,-26,AGUA
-49,264,-25,AGUA
-56,129,-17,AGUA
-49,264,-20,AGUA
-49,96,-17,AGUA
-49,96,-18,AGUA
-49,264,-22,AGUA
-49,264,-21,AGUA
-49,300,-19,AGUA
-49,300,-17,AGUA
-49,300,-18,AGUA
-49,300,-26,AGUA
-49,300,-27,AGUA
-49,300,-24,AGUA
-49,300,-25,AGUA
-49,300,-22,AGUA
-49,300,-23,AGUA
-49,300,-20,AGUA
-49,300,-21,AGUA
-64,315,-17,AGUA
-49,264,-31,AGUA
-49,264,-30,AGUA
-49,264,-32,AGUA
-49,300,-28,AGUA
-55,381,-17,AGUA
-49,300,-29,AGUA
-62,658,-17,AGUA
-55,311,-17,AGUA
-49,300,-31,AGUA
-50,643,-17,AGUA
-49,300,-30,AGUA
-49,347,-18,AGUA
-49,347,-19,AGUA
-49,347,-17,AGUA
-62,575,-17,AGUA
-60,589,-17,AGUA
-49,347,-21,AGUA
-49,347,-22,AGUA
-49,370,-17,AGUA
-49,347,-23,AGUA
-49,370,-18,AGUA
-49,347,-24,AGUA
-49,370,-19,AGUA
-49,347,-20,AGUA
-49,611,-17,AGUA
-60,362,-17,AGUA
-61,480,-17,AGUA
-49,611,-19,AGUA
-52,509,-17,AGUA
-49,453,-29,AGUA
-49,611,-18,AGUA
-60,125,-17,AGUA
-49,453,-31,AGUA
-49,453,-30,AGUA
-49,611,-20,AGUA
-49,611,-24,AGUA
-49,611,-23,AGUA
-49,611,-22,AGUA
-49,611,-21,AGUA
-49,611,-28,AGUA
-49,611,-27,AGUA
-49,611,-26,AGUA
-49,611,-25,AGUA
-49,453,-19,AGUA
-49,611,-29,AGUA
-49,453,-18,AGUA
-51,121,-17,AGUA
-58,356,-17,AGUA
-49,453,-20,AGUA
-59,377,-17,AGUA
-49,453,-28,AGUA
-49,611,-31,AGUA
-49,453,-27,AGUA
-49,611,-30,AGUA
-49,453,-26,AGUA
-49,453,-25,AGUA
-49,453,-24,AGUA
-49,453,-23,AGUA
-49,453,-22,AGUA
-49,453,-21,AGUA
-60,27,-17,AGUA
-60,519,-17,AGUA
-58,30,-17,AGUA
-59,404,-32,AGUA
-63,184,-17,AGUA
-63,290,-17,AGUA
-49,124,-29,AGUA
-49,124,-28,AGUA
-58,615,-17,AGUA
-61,304,-17,AGUA
-59,377,-32,AGUA
-49,124,-30,AGUA
-62,422,-17,AGUA
-49,124,-31,AGUA
-60,612,-17,AGUA
-58,282,-17,AGUA
-59,627,-17,AGUA
-61,374,-17,AGUA
-58,128,-17,AGUA
-59,440,-32,AGUA
-58,6,-17,AGUA
-59,61,-17,AGUA
-61,410,-17,AGUA
-51,450,-17,AGUA
-62,172,-17,AGUA
-64,385,-32,AGUA
-55,117,-17,AGUA
-54,319,-17,AGUA
-63,114,-17,AGUA
-55,403,-32,AGUA
-57,51,-17,AGUA
-49,575,-23,AGUA
-49,575,-22,AGUA
-49,575,-21,AGUA
-49,575,-20,AGUA
-49,575,-27,AGUA
-49,575,-26,AGUA
-49,575,-25,AGUA
-62,282,-17,AGUA
-49,575,-24,AGUA
-49,575,-19,AGUA
-49,575,-18,AGUA
-49,575,-17,AGUA
-60,402,-17,AGUA
-49,575,-30,AGUA
-61,520,-17,AGUA
-55,403,-17,AGUA
-49,575,-31,AGUA
-49,575,-29,AGUA
-49,575,-28,AGUA
-61,164,-17,AGUA
-49,172,-19,AGUA
-49,172,-18,AGUA
-49,172,-17,AGUA
-59,487,-17,AGUA
-56,165,-17,AGUA
-63,531,-17,AGUA
-61,221,-17,AGUA
-60,472,-17,AGUA
-51,252,-17,AGUA
-58,322,-17,AGUA
-60,402,-32,AGUA
-58,579,-17,AGUA
-60,673,-17,AGUA
-64,13,-17,AGUA
-52,61,-17,AGUA
-54,355,-17,AGUA
-63,578,-17,AGUA
-63,330,-17,AGUA
-59,641,-17,AGUA
-60,256,-17,AGUA
-51,414,-17,AGUA
-60,173,-17,AGUA
-59,25,-17,AGUA
-51,414,-32,AGUA
-54,227,-17,AGUA
-58,392,-17,AGUA
-64,468,-17,AGUA
-50,607,-17,AGUA
-53,87,-17,AGUA
-51,369,-17,AGUA
-52,487,-17,AGUA
-52,405,-32,AGUA
-50,406,-32,AGUA
-56,213,-17,AGUA
-52,417,-32,AGUA
-62,329,-17,AGUA
-63,77,-17,AGUA
-61,409,-32,AGUA
-50,107,-17,AGUA
-63,447,-17,AGUA
-58,593,-17,AGUA
-58,651,-17,AGUA
-61,409,-17,AGUA
-61,637,-17,AGUA
-59,141,-17,AGUA
-52,545,-17,AGUA
-52,417,-17,AGUA
-62,399,-17,AGUA
-49,160,-31,AGUA
-49,160,-32,AGUA
-49,160,-30,AGUA
-55,521,-17,AGUA
-53,179,-17,AGUA
-49,160,-28,AGUA
-49,160,-29,AGUA
-49,160,-26,AGUA
-49,160,-27,AGUA
-49,160,-24,AGUA
-54,215,-17,AGUA
-49,160,-25,AGUA
-49,160,-22,AGUA
-49,160,-23,AGUA
-49,160,-20,AGUA
-49,160,-21,AGUA
-62,212,-17,AGUA
-49,160,-19,AGUA
-49,160,-17,AGUA
-64,139,-17,AGUA
-49,160,-18,AGUA
-62,399,-32,AGUA
-49,563,-29,AGUA
-51,497,-17,AGUA
-49,563,-30,AGUA
-50,449,-17,AGUA
-49,563,-31,AGUA
-57,331,-17,AGUA
-51,168,-17,AGUA
-62,483,-17,AGUA
-63,219,-17,AGUA
-56,11,-17,AGUA
-58,439,-17,AGUA
-58,567,-17,AGUA
-57,449,-17,AGUA
-50,595,-17,AGUA
-51,545,-17,AGUA
-62,85,-17,AGUA
-58,520,-17,AGUA
-56,428,-32,AGUA
-51,286,-17,AGUA
-54,13,-17,AGUA
-64,586,-17,AGUA
-49,289,-29,AGUA
-49,289,-28,AGUA
-49,289,-31,AGUA
-59,259,-17,AGUA
-49,289,-30,AGUA
-51,651,-17,AGUA
-55,639,-17,AGUA
-50,497,-17,AGUA
-64,175,-17,AGUA
-49,136,-30,AGUA
-49,136,-31,AGUA
-49,136,-32,AGUA
-60,590,-17,AGUA
-51,449,-17,AGUA
-49,136,-27,AGUA
-49,136,-28,AGUA
-49,136,-29,AGUA
-59,615,-17,AGUA
-51,68,-17,AGUA
-63,148,-17,AGUA
-54,403,-32,AGUA
-49,136,-23,AGUA
-49,136,-24,AGUA
-49,136,-25,AGUA
-49,136,-26,AGUA
-49,289,-18,AGUA
-49,136,-20,AGUA
-49,289,-17,AGUA
-49,136,-21,AGUA
-49,136,-22,AGUA
-49,289,-19,AGUA
-49,289,-25,AGUA
-49,289,-24,AGUA
-49,289,-27,AGUA
-49,289,-26,AGUA
-49,289,-21,AGUA
-57,555,-17,AGUA
-49,289,-20,AGUA
-49,136,-17,AGUA
-61,338,-17,AGUA
-49,289,-23,AGUA
-49,136,-18,AGUA
-49,289,-22,AGUA
-49,136,-19,AGUA
-51,619,-17,AGUA
-60,647,-17,AGUA
-53,453,-17,AGUA
-63,413,-17,AGUA
-49,410,-29,AGUA
-49,410,-28,AGUA
-49,216,-30,AGUA
-55,271,-17,AGUA
-49,216,-32,AGUA
-49,646,-17,AGUA
-49,216,-31,AGUA
-49,646,-18,AGUA
-49,646,-19,AGUA
-49,216,-25,AGUA
-49,410,-32,AGUA
-49,216,-24,AGUA
-49,410,-31,AGUA
-49,216,-27,AGUA
-59,105,-17,AGUA
-49,216,-26,AGUA
-49,216,-29,AGUA
-49,216,-28,AGUA
-49,646,-20,AGUA
-60,75,-17,AGUA
-49,646,-21,AGUA
-49,646,-22,AGUA
-55,239,-17,AGUA
-49,410,-30,AGUA
-60,555,-17,AGUA
-49,410,-18,AGUA
-49,410,-17,AGUA
-59,535,-17,AGUA
-49,410,-19,AGUA
-49,216,-21,AGUA
-57,629,-17,AGUA
-49,216,-20,AGUA
-49,216,-23,AGUA
-49,216,-22,AGUA
-49,410,-21,AGUA
-49,410,-20,AGUA
-49,410,-23,AGUA
-49,410,-22,AGUA
-49,410,-25,AGUA
-49,216,-18,AGUA
-49,410,-24,AGUA
-49,216,-17,AGUA
-49,410,-27,AGUA
-49,410,-26,AGUA
-49,216,-19,AGUA
-58,414,-17,AGUA
-61,603,-17,AGUA
-53,429,-17,AGUA
-54,297,-17,AGUA
-62,365,-17,AGUA
-54,403,-17,AGUA
-50,37,-17,AGUA
-51,21,-17,AGUA
-53,429,-32,AGUA
-53,535,-17,AGUA
-55,165,-17,AGUA
-62,539,-17,AGUA
-51,643,-17,AGUA
-61,246,-17,AGUA
-58,440,-17,AGUA
-57,392,-32,AGUA
-63,52,-17,AGUA
-53,355,-17,AGUA
-49,172,-29,AGUA
-49,172,-28,AGUA
-49,172,-27,AGUA
-49,172,-26,AGUA
-49,172,-25,AGUA
-49,172,-24,AGUA
-53,461,-17,AGUA
-49,172,-23,AGUA
-49,172,-22,AGUA
-49,172,-21,AGUA
-49,172,-20,AGUA
-55,345,-17,AGUA
-49,646,-23,AGUA
-49,646,-24,AGUA
-49,646,-25,AGUA
-49,646,-26,AGUA
-49,646,-27,AGUA
-49,646,-28,AGUA
-49,646,-29,AGUA
-56,271,-17,AGUA
-49,646,-30,AGUA
-49,646,-31,AGUA
-61,42,-17,AGUA
-49,172,-32,AGUA
-49,172,-31,AGUA
-49,172,-30,AGUA
-54,461,-17,AGUA
-57,155,-17,AGUA
-63,658,-17,AGUA
-55,199,-17,AGUA
-58,176,-17,AGUA
-51,308,-17,AGUA
-54,437,-17,AGUA
-58,64,-17,AGUA
-49,527,-17,AGUA
-61,116,-17,AGUA
-49,527,-19,AGUA
-49,527,-18,AGUA
-64,543,-17,AGUA
-58,203,-17,AGUA
-49,527,-20,AGUA
-60,208,-17,AGUA
-59,569,-17,AGUA
-54,71,-17,AGUA
-57,414,-32,AGUA
-58,274,-17,AGUA
-53,389,-32,AGUA
-49,527,-28,AGUA
-49,527,-27,AGUA
-49,527,-26,AGUA
-49,527,-25,AGUA
-49,527,-24,AGUA
-49,527,-23,AGUA
-49,527,-22,AGUA
-49,527,-21,AGUA
-49,527,-29,AGUA
-54,47,-17,AGUA
-56,117,-17,AGUA
-52,627,-17,AGUA
-49,527,-31,AGUA
-49,527,-30,AGUA
-63,495,-17,AGUA
-59,439,-17,AGUA
-51,462,-17,AGUA
-53,39,-17,AGUA
-52,651,-17,AGUA
-53,389,-17,AGUA
-49,453,-17,AGUA
-61,598,-17,AGUA
-57,15,-17,AGUA
-59,495,-17,AGUA
-49,23,-20,AGUA
-49,23,-21,AGUA
-49,429,-30,AGUA
-49,23,-24,AGUA
-49,23,-25,AGUA
-49,23,-22,AGUA
-49,23,-23,AGUA
-49,429,-29,AGUA
-49,429,-28,AGUA
-49,429,-25,AGUA
-49,23,-17,AGUA
-49,429,-24,AGUA
-49,23,-18,AGUA
-49,429,-27,AGUA
-55,499,-17,AGUA
-49,429,-26,AGUA
-49,429,-21,AGUA
-49,429,-20,AGUA
-49,429,-23,AGUA
-49,23,-19,AGUA
-49,429,-22,AGUA
-59,365,-17,AGUA
-54,307,-17,AGUA
-56,89,-17,AGUA
-49,429,-32,AGUA
-49,429,-31,AGUA
-59,439,-32,AGUA
-62,563,-17,AGUA
-49,23,-31,AGUA
-49,23,-30,AGUA
-61,270,-17,AGUA
-56,390,-32,AGUA
-54,109,-17,AGUA
-49,429,-18,AGUA
-49,429,-17,AGUA
-49,429,-19,AGUA
-49,23,-28,AGUA
-49,23,-29,AGUA
-49,23,-26,AGUA
-49,23,-27,AGUA
-58,487,-17,AGUA
-55,428,-32,AGUA
-50,213,-17,AGUA
-49,312,-26,AGUA
-49,312,-25,AGUA
-49,312,-24,AGUA
-49,312,-23,AGUA
-49,312,-22,AGUA
-49,312,-21,AGUA
-52,453,-17,AGUA
-49,312,-20,AGUA
-64,21,-17,AGUA
-61,198,-17,AGUA
-60,221,-17,AGUA
-49,312,-19,AGUA
-49,312,-18,AGUA
-49,312,-17,AGUA
-56,247,-17,AGUA
-49,312,-32,AGUA
-49,312,-31,AGUA
-49,312,-30,AGUA
-63,28,-17,AGUA
-49,312,-29,AGUA
-49,312,-28,AGUA
-49,312,-27,AGUA
-53,259,-17,AGUA
-63,611,-17,AGUA
-62,61,-17,AGUA
-62,105,-17,AGUA
-59,593,-17,AGUA
-54,437,-32,AGUA
-58,603,-17,AGUA
-61,457,-17,AGUA
-51,332,-17,AGUA
-51,204,-17,AGUA
-50,378,-32,AGUA
-57,201,-17,AGUA
-56,405,-32,AGUA
-60,291,-17,AGUA
-58,141,-17,AGUA
-63,40,-17,AGUA
-62,270,-17,AGUA
-61,152,-17,AGUA
-57,97,-17,AGUA
-55,85,-17,AGUA
-56,405,-17,AGUA
-51,239,-17,AGUA
-62,200,-17,AGUA
-51,568,-17,AGUA
-54,239,-17,AGUA
-55,357,-17,AGUA
-62,495,-17,AGUA
-53,547,-17,AGUA
-50,225,-17,AGUA
-58,215,-17,AGUA
-58,310,-17,AGUA
-59,653,-17,AGUA
-56,331,-17,AGUA
-58,76,-17,AGUA
-60,374,-32,AGUA
-49,488,-27,AGUA
-49,488,-28,AGUA
-49,488,-29,AGUA
-51,192,-17,AGUA
-51,156,-17,AGUA
-49,488,-30,AGUA
-49,488,-31,AGUA
-49,488,-32,AGUA
-49,409,-18,AGUA
-49,409,-17,AGUA
-64,492,-17,AGUA
-60,40,-17,AGUA
-49,409,-19,AGUA
-52,499,-17,AGUA
-51,370,-17,AGUA
-60,98,-17,AGUA
-60,374,-17,AGUA
-57,591,-17,AGUA
-63,401,-17,AGUA
-64,163,-17,AGUA
-51,485,-17,AGUA
-64,208,-17,AGUA
-50,619,-17,AGUA
-62,646,-17,AGUA
-49,551,-30,AGUA
-52,429,-17,AGUA
-49,551,-31,AGUA
-63,543,-17,AGUA
-60,460,-17,AGUA
-49,551,-21,AGUA
-63,89,-17,AGUA
-49,551,-20,AGUA
-59,475,-17,AGUA
-49,551,-23,AGUA
-49,551,-22,AGUA
-49,551,-25,AGUA
-49,551,-24,AGUA
-49,551,-27,AGUA
-49,551,-26,AGUA
-57,437,-32,AGUA
-49,551,-29,AGUA
-49,551,-28,AGUA
-49,551,-19,AGUA
-57,665,-17,AGUA
-51,509,-17,AGUA
-52,429,-32,AGUA
-49,551,-18,AGUA
-49,551,-17,AGUA
-49,84,-17,AGUA
-53,75,-17,AGUA
-49,84,-19,AGUA
-49,84,-18,AGUA
-54,426,-32,AGUA
-62,50,-17,AGUA
-60,196,-17,AGUA
-49,488,-17,AGUA
-49,488,-18,AGUA
-49,488,-19,AGUA
-49,488,-23,AGUA
-49,84,-20,AGUA
-49,488,-24,AGUA
-49,488,-25,AGUA
-49,84,-22,AGUA
-49,488,-26,AGUA
-49,84,-21,AGUA
-49,488,-20,AGUA
-49,488,-21,AGUA
-49,488,-22,AGUA
-49,84,-28,AGUA
-60,448,-17,AGUA
-49,84,-27,AGUA
-50,430,-32,AGUA
-49,84,-29,AGUA
-49,84,-24,AGUA
-49,84,-23,AGUA
-49,84,-26,AGUA
-49,84,-25,AGUA
-51,298,-17,AGUA
-62,459,-17,AGUA
-58,508,-17,AGUA
-64,598,-17,AGUA
-49,148,-19,AGUA
-49,61,-30,AGUA
-49,61,-31,AGUA
-59,247,-17,AGUA
-49,148,-18,AGUA
-49,148,-17,AGUA
-49,504,-21,AGUA
-63,232,-17,AGUA
-49,504,-20,AGUA
-59,603,-17,AGUA
-49,504,-18,AGUA
-49,504,-17,AGUA
-49,148,-23,AGUA
-49,148,-22,AGUA
-49,148,-25,AGUA
-49,148,-24,AGUA
-49,504,-19,AGUA
-49,148,-21,AGUA
-49,148,-20,AGUA
-49,148,-27,AGUA
-49,61,-21,AGUA
-49,148,-26,AGUA
-49,61,-20,AGUA
-49,148,-29,AGUA
-49,61,-23,AGUA
-49,148,-28,AGUA
-49,61,-22,AGUA
-49,61,-25,AGUA
-49,335,-32,AGUA
-49,61,-24,AGUA
-49,335,-31,AGUA
-49,61,-27,AGUA
-49,335,-30,AGUA
-49,61,-26,AGUA
-49,61,-29,AGUA
-49,61,-28,AGUA
-49,504,-31,AGUA
-58,555,-17,AGUA
-49,504,-30,AGUA
-49,335,-29,AGUA
-49,504,-25,AGUA
-52,571,-17,AGUA
-49,335,-28,AGUA
-49,504,-24,AGUA
-49,335,-27,AGUA
-49,504,-23,AGUA
-49,335,-26,AGUA
-55,49,-17,AGUA
-49,504,-22,AGUA
-49,504,-29,AGUA
-49,504,-28,AGUA
-49,504,-27,AGUA
-49,504,-26,AGUA
-49,148,-30,AGUA
-49,148,-31,AGUA
-49,335,-21,AGUA
-49,335,-20,AGUA
-49,335,-25,AGUA
-49,61,-18,AGUA
-49,335,-24,AGUA
-49,61,-17,AGUA
-62,258,-17,AGUA
-51,510,-17,AGUA
-49,335,-23,AGUA
-49,335,-22,AGUA
-49,61,-19,AGUA
-49,335,-18,AGUA
-49,335,-17,AGUA
-49,335,-19,AGUA
-63,306,-17,AGUA
-62,184,-17,AGUA
-58,17,-17,AGUA
-51,580,-17,AGUA
-61,422,-17,AGUA
-55,7,-17,AGUA
-59,117,-17,AGUA
-49,409,-32,AGUA
-49,409,-31,AGUA
-49,409,-30,AGUA
-63,507,-17,AGUA
-60,102,-17,AGUA
-53,295,-17,AGUA
-49,409,-21,AGUA
-49,409,-20,AGUA
-49,409,-25,AGUA
-49,409,-24,AGUA
-49,409,-23,AGUA
-49,409,-22,AGUA
-49,409,-29,AGUA
-49,409,-28,AGUA
-49,409,-27,AGUA
-49,409,-26,AGUA
-62,353,-17,AGUA
-61,650,-17,AGUA
-61,30,-17,AGUA
-63,102,-17,AGUA
-60,39,-17,AGUA
-52,533,-17,AGUA
-58,638,-17,AGUA
-51,56,-17,AGUA
-58,368,-17,AGUA
-54,343,-17,AGUA
-49,634,-23,AGUA
-49,634,-22,AGUA
-49,634,-21,AGUA
-49,634,-20,AGUA
-62,128,-17,AGUA
-49,634,-19,AGUA
-49,634,-18,AGUA
-49,634,-17,AGUA
-60,543,-17,AGUA
-61,88,-17,AGUA
-61,18,-17,AGUA
-52,49,-17,AGUA
-61,1,-17,AGUA
-61,492,-17,AGUA
-49,634,-31,AGUA
-49,634,-30,AGUA
-49,634,-29,AGUA
-49,634,-28,AGUA
-49,634,-27,AGUA
-49,290,-18,AGUA
-49,634,-26,AGUA
-49,290,-17,AGUA
-49,634,-25,AGUA
-49,634,-24,AGUA
-49,290,-19,AGUA
-58,452,-17,AGUA
-63,90,-17,AGUA
-52,35,-17,AGUA
-49,290,-21,AGUA
-49,290,-20,AGUA
-49,290,-25,AGUA
-49,290,-24,AGUA
-49,290,-23,AGUA
-49,290,-22,AGUA
-49,290,-29,AGUA
-61,208,-17,AGUA
-49,290,-28,AGUA
-49,290,-27,AGUA
-49,290,-26,AGUA
-59,416,-32,AGUA
-62,598,-17,AGUA
-56,153,-17,AGUA
-59,37,-17,AGUA
-49,290,-31,AGUA
-51,426,-32,AGUA
-49,290,-30,AGUA
-62,540,-17,AGUA
-58,29,-17,AGUA
-58,294,-17,AGUA
-58,238,-17,AGUA
-51,426,-17,AGUA
-62,528,-17,AGUA
-50,133,-17,AGUA
-63,460,-17,AGUA
-49,563,-17,AGUA
-54,59,-17,AGUA
-49,563,-18,AGUA
-49,563,-19,AGUA
-52,639,-17,AGUA
-52,663,-17,AGUA
-49,563,-20,AGUA
-49,563,-23,AGUA
-62,223,-17,AGUA
-49,563,-24,AGUA
-54,449,-17,AGUA
-49,563,-21,AGUA
-49,563,-22,AGUA
-49,563,-27,AGUA
-49,563,-28,AGUA
-49,563,-25,AGUA
-49,563,-26,AGUA
-61,362,-17,AGUA
-58,164,-17,AGUA
-58,99,-17,AGUA
-60,244,-17,AGUA
-51,216,-17,AGUA
-51,320,-17,AGUA
-60,600,-17,AGUA
-63,566,-17,AGUA
-56,283,-17,AGUA
-60,413,-32,AGUA
-60,413,-17,AGUA
-49,11,-28,AGUA
-49,11,-27,AGUA
-49,11,-29,AGUA
-49,11,-31,AGUA
-49,11,-30,AGUA
-54,473,-17,AGUA
-51,240,-17,AGUA
-61,282,-17,AGUA
-61,175,-17,AGUA
-63,590,-17,AGUA
-57,402,-32,AGUA
-49,11,-17,AGUA
-49,11,-19,AGUA
-62,410,-17,AGUA
-49,11,-18,AGUA
-49,11,-20,AGUA
-51,403,-32,AGUA
-49,11,-22,AGUA
-49,11,-21,AGUA
-49,11,-24,AGUA
-49,11,-23,AGUA
-49,11,-26,AGUA
-49,11,-25,AGUA
-63,172,-17,AGUA
-60,520,-17,AGUA
-63,646,-17,AGUA
-60,397,-17,AGUA
-64,255,-17,AGUA
-64,220,-17,AGUA
-50,631,-17,AGUA
-61,649,-17,AGUA
-49,465,-31,AGUA
-60,318,-17,AGUA
-58,662,-17,AGUA
-61,445,-32,AGUA
-53,213,-17,AGUA
-49,465,-30,AGUA
-60,161,-17,AGUA
-49,465,-28,AGUA
-61,673,-17,AGUA
-49,465,-29,AGUA
-49,465,-20,AGUA
-49,465,-21,AGUA
-49,465,-22,AGUA
-57,215,-17,AGUA
-49,465,-23,AGUA
-49,465,-24,AGUA
-49,465,-25,AGUA
-49,465,-26,AGUA
-55,99,-17,AGUA
-49,465,-27,AGUA
-63,459,-17,AGUA
-55,487,-17,AGUA
-56,201,-17,AGUA
-49,252,-28,AGUA
-49,252,-29,AGUA
-62,623,-17,AGUA
-49,252,-24,AGUA
-62,330,-17,AGUA
-49,252,-25,AGUA
-49,252,-26,AGUA
-49,252,-27,AGUA
-49,252,-20,AGUA
-49,465,-17,AGUA
-51,109,-17,AGUA
-49,252,-21,AGUA
-49,465,-18,AGUA
-49,252,-22,AGUA
-49,465,-19,AGUA
-49,252,-23,AGUA
-60,63,-17,AGUA
-61,445,-17,AGUA
-51,393,-17,AGUA
-52,441,-32,AGUA
-53,441,-17,AGUA
-57,307,-17,AGUA
-56,191,-17,AGUA
-49,252,-31,AGUA
-49,252,-32,AGUA
-49,252,-30,AGUA
-54,381,-17,AGUA
-62,445,-32,AGUA
-63,385,-17,AGUA
-49,430,-18,AGUA
-49,430,-17,AGUA
-51,393,-32,AGUA
-53,441,-32,AGUA
-61,575,-17,AGUA
-56,259,-17,AGUA
-52,441,-17,AGUA
-49,539,-31,AGUA
-58,262,-17,AGUA
-49,430,-21,AGUA
-49,430,-20,AGUA
-49,539,-30,AGUA
-49,430,-25,AGUA
-49,430,-24,AGUA
-49,430,-23,AGUA
-49,430,-22,AGUA
-49,430,-29,AGUA
-49,430,-28,AGUA
-49,430,-27,AGUA
-49,430,-26,AGUA
-49,539,-28,AGUA
-49,539,-29,AGUA
-49,430,-19,AGUA
-64,614,-17,AGUA
-54,83,-17,AGUA
-49,539,-20,AGUA
-49,539,-21,AGUA
-54,381,-32,AGUA
-49,539,-22,AGUA
-60,397,-32,AGUA
-49,539,-23,AGUA
-62,445,-17,AGUA
-49,539,-24,AGUA
-49,539,-25,AGUA
-49,539,-26,AGUA
-49,539,-27,AGUA
-55,251,-17,AGUA
-49,430,-32,AGUA
-49,430,-31,AGUA
-49,430,-30,AGUA
-49,539,-17,AGUA
-49,539,-18,AGUA
-49,539,-19,AGUA
-52,73,-17,AGUA
-61,519,-17,AGUA
-49,382,-30,AGUA
-53,343,-17,AGUA
-49,382,-32,AGUA
-49,382,-31,AGUA
-58,532,-17,AGUA
-62,73,-17,AGUA
-61,543,-17,AGUA
-49,84,-31,AGUA
-61,397,-32,AGUA
-53,319,-17,AGUA
-49,84,-30,AGUA
-62,49,-17,AGUA
-50,559,-17,AGUA
-52,393,-17,AGUA
-62,460,-17,AGUA
-50,583,-17,AGUA
-49,8,-29,AGUA
-49,8,-27,AGUA
-49,8,-28,AGUA
-49,8,-25,AGUA
-49,8,-26,AGUA
-49,8,-23,AGUA
-49,8,-24,AGUA
-51,607,-17,AGUA
-49,382,-18,AGUA
-49,382,-17,AGUA
-49,382,-19,AGUA
-57,437,-17,AGUA
-49,8,-30,AGUA
-49,8,-31,AGUA
-55,129,-17,AGUA
-49,382,-21,AGUA
-49,382,-20,AGUA
-49,382,-23,AGUA
-49,382,-22,AGUA
-49,382,-25,AGUA
-49,382,-24,AGUA
-49,382,-27,AGUA
-49,382,-26,AGUA
-49,382,-29,AGUA
-49,382,-28,AGUA
-63,329,-17,AGUA
-58,199,-17,AGUA
-56,665,-17,AGUA
-55,627,-17,AGUA
-56,389,-17,AGUA
-49,195,-31,AGUA
-49,195,-30,AGUA
-54,251,-17,AGUA
-64,401,-17,AGUA
-64,270,-17,AGUA
-60,635,-17,AGUA
-49,195,-21,AGUA
-49,252,-17,AGUA
-49,195,-20,AGUA
-49,252,-18,AGUA
-49,252,-19,AGUA
-49,195,-25,AGUA
-49,195,-24,AGUA
-49,195,-23,AGUA
-49,195,-22,AGUA
-50,485,-17,AGUA
-49,195,-29,AGUA
-49,195,-28,AGUA
-49,195,-27,AGUA
-57,567,-17,AGUA
-49,195,-26,AGUA
-54,1,-17,AGUA
-49,37,-29,AGUA
-49,37,-28,AGUA
-49,358,-19,AGUA
-49,37,-27,AGUA
-49,358,-18,AGUA
-49,37,-26,AGUA
-49,358,-17,AGUA
-49,37,-25,AGUA
-49,37,-24,AGUA
-56,389,-32,AGUA
-49,37,-23,AGUA
-61,397,-17,AGUA
-64,433,-32,AGUA
-51,631,-17,AGUA
-52,369,-17,AGUA
-60,578,-17,AGUA
-63,255,-17,AGUA
-49,358,-24,AGUA
-49,195,-18,AGUA
-49,358,-23,AGUA
-49,195,-17,AGUA
-49,37,-32,AGUA
-49,358,-22,AGUA
-49,37,-31,AGUA
-49,358,-21,AGUA
-49,37,-30,AGUA
-49,358,-20,AGUA
-49,195,-19,AGUA
-49,37,-19,AGUA
-49,37,-18,AGUA
-49,37,-17,AGUA
-49,358,-29,AGUA
-49,358,-28,AGUA
-49,358,-27,AGUA
-49,358,-26,AGUA
-49,358,-25,AGUA
-64,401,-32,AGUA
-58,475,-17,AGUA
-60,495,-17,AGUA
-52,393,-32,AGUA
-49,37,-22,AGUA
-49,37,-21,AGUA
-51,663,-17,AGUA
-49,37,-20,AGUA
-55,153,-17,AGUA
-49,358,-31,AGUA
-49,358,-30,AGUA
-50,429,-17,AGUA
-55,227,-17,AGUA
-58,402,-17,AGUA
-56,535,-17,AGUA
-54,579,-17,AGUA
-51,133,-17,AGUA
-61,258,-17,AGUA
-63,483,-17,AGUA
-57,297,-17,AGUA
-51,403,-17,AGUA
-50,429,-32,AGUA
-60,137,-17,AGUA
-52,165,-17,AGUA
-54,121,-17,AGUA
-51,346,-17,AGUA
-53,473,-17,AGUA
-58,345,-17,AGUA
-53,417,-17,AGUA
-57,27,-17,AGUA
-49,8,-18,AGUA
-49,8,-19,AGUA
-49,8,-17,AGUA
-49,228,-18,AGUA
-49,228,-19,AGUA
-52,295,-17,AGUA
-49,228,-17,AGUA
-49,8,-21,AGUA
-49,8,-22,AGUA
-59,523,-17,AGUA
-49,8,-20,AGUA
-49,228,-21,AGUA
-49,228,-22,AGUA
-54,521,-17,AGUA
-54,179,-17,AGUA
-49,228,-20,AGUA
-49,228,-25,AGUA
-49,228,-26,AGUA
-49,228,-23,AGUA
-49,228,-24,AGUA
-49,228,-29,AGUA
-55,283,-17,AGUA
-49,228,-27,AGUA
-60,650,-17,AGUA
-49,228,-28,AGUA
-62,306,-17,AGUA
-63,353,-17,AGUA
-51,533,-17,AGUA
-57,167,-17,AGUA
-49,228,-30,AGUA
-49,228,-31,AGUA
-51,33,-17,AGUA
-53,417,-32,AGUA
-50,355,-17,AGUA
-52,239,-17,AGUA
-63,125,-17,AGUA
-64,531,-17,AGUA
-50,25,-17,AGUA
-49,595,-30,AGUA
-49,595,-31,AGUA
-62,424,-17,AGUA
-62,327,-17,AGUA
-52,381,-17,AGUA
-49,595,-26,AGUA
-49,595,-27,AGUA
-49,595,-28,AGUA
-49,595,-29,AGUA
-49,595,-22,AGUA
-49,595,-23,AGUA
-49,595,-24,AGUA
-49,595,-25,AGUA
-49,595,-20,AGUA
-49,595,-21,AGUA
-61,482,-17,AGUA
-58,214,-17,AGUA
-49,595,-19,AGUA
-49,113,-28,AGUA
-49,113,-29,AGUA
-49,595,-17,AGUA
-49,595,-18,AGUA
-64,137,-17,AGUA
-52,381,-32,AGUA
-49,122,-32,AGUA
-49,122,-31,AGUA
-49,122,-30,AGUA
-49,113,-30,AGUA
-49,113,-31,AGUA
-60,517,-17,AGUA
-49,489,-20,AGUA
-49,113,-17,AGUA
-63,186,-17,AGUA
-49,489,-21,AGUA
-49,113,-18,AGUA
-49,113,-19,AGUA
-58,640,-17,AGUA
-49,489,-24,AGUA
-49,169,-31,AGUA
-49,489,-25,AGUA
-49,169,-30,AGUA
-49,489,-22,AGUA
-49,489,-23,AGUA
-64,660,-17,AGUA
-49,113,-20,AGUA
-49,489,-17,AGUA
-49,113,-21,AGUA
-49,489,-18,AGUA
-49,113,-22,AGUA
-49,113,-23,AGUA
-49,169,-28,AGUA
-49,113,-24,AGUA
-49,169,-27,AGUA
-49,113,-25,AGUA
-49,113,-26,AGUA
-49,489,-19,AGUA
-61,279,-17,AGUA
-49,113,-27,AGUA
-49,169,-29,AGUA
-58,320,-17,AGUA
-49,586,-30,AGUA
-49,442,-18,AGUA
-49,442,-19,AGUA
-49,586,-31,AGUA
-49,442,-20,AGUA
-56,404,-32,AGUA
-49,586,-28,AGUA
-49,586,-29,AGUA
-49,442,-25,AGUA
-49,442,-26,AGUA
-49,442,-27,AGUA
-49,442,-28,AGUA
-49,442,-21,AGUA
-49,442,-22,AGUA
-49,442,-23,AGUA
-49,442,-24,AGUA
-56,557,-17,AGUA
-50,571,-17,AGUA
-53,379,-17,AGUA
-59,629,-17,AGUA
-60,25,-17,AGUA
-49,442,-17,AGUA
-64,387,-32,AGUA
-58,66,-17,AGUA
-60,614,-17,AGUA
-52,617,-17,AGUA
-49,586,-26,AGUA
-49,586,-27,AGUA
-49,586,-24,AGUA
-49,586,-25,AGUA
-49,586,-22,AGUA
-49,586,-23,AGUA
-49,586,-20,AGUA
-49,586,-21,AGUA
-61,376,-17,AGUA
-58,108,-17,AGUA
-49,586,-19,AGUA
-49,586,-17,AGUA
-49,586,-18,AGUA
-53,379,-32,AGUA
-49,372,-29,AGUA
-49,372,-25,AGUA
-49,372,-26,AGUA
-49,372,-27,AGUA
-60,447,-32,AGUA
-49,372,-28,AGUA
-51,44,-17,AGUA
-49,372,-21,AGUA
-49,372,-22,AGUA
-60,281,-17,AGUA
-49,372,-23,AGUA
-49,372,-24,AGUA
-49,372,-20,AGUA
-50,321,-17,AGUA
-58,534,-17,AGUA
-55,189,-17,AGUA
-49,372,-30,AGUA
-49,372,-31,AGUA
-62,647,-17,AGUA
-58,570,-17,AGUA
-64,340,-17,AGUA
-60,447,-17,AGUA
-54,427,-32,AGUA
-54,427,-17,AGUA
-55,203,-17,AGUA
-61,223,-17,AGUA
-49,266,-22,AGUA
-49,489,-31,AGUA
-49,266,-21,AGUA
-49,489,-32,AGUA
-49,266,-24,AGUA
-49,266,-23,AGUA
-49,489,-30,AGUA
-49,266,-26,AGUA
-49,266,-25,AGUA
-49,266,-28,AGUA
-49,266,-27,AGUA
-54,533,-17,AGUA
-49,266,-20,AGUA
-50,251,-17,AGUA
-60,175,-17,AGUA
-55,295,-17,AGUA
-49,489,-28,AGUA
-49,122,-18,AGUA
-49,266,-19,AGUA
-49,489,-29,AGUA
-49,122,-17,AGUA
-49,266,-18,AGUA
-49,489,-26,AGUA
-61,552,-17,AGUA
-49,489,-27,AGUA
-62,530,-17,AGUA
-64,457,-17,AGUA
-49,266,-17,AGUA
-49,122,-19,AGUA
-63,292,-17,AGUA
-49,122,-21,AGUA
-49,122,-20,AGUA
-49,122,-29,AGUA
-49,122,-28,AGUA
-49,122,-27,AGUA
-49,122,-26,AGUA
-49,122,-25,AGUA
-49,122,-24,AGUA
-49,122,-23,AGUA
-51,416,-17,AGUA
-49,122,-22,AGUA
-64,234,-17,AGUA
-63,18,-17,AGUA
-49,372,-18,AGUA
-49,372,-19,AGUA
-49,266,-32,AGUA
-49,372,-17,AGUA
-49,266,-31,AGUA
-49,266,-30,AGUA
-51,416,-32,AGUA
-49,266,-29,AGUA
-56,237,-17,AGUA
-64,81,-17,AGUA
-51,522,-17,AGUA
-53,165,-17,AGUA
-57,333,-17,AGUA
-63,208,-17,AGUA
-63,305,-17,AGUA
-50,109,-17,AGUA
-60,127,-17,AGUA
-58,153,-17,AGUA
-63,75,-17,AGUA
-52,345,-17,AGUA
-58,250,-17,AGUA
-56,343,-17,AGUA
-52,403,-32,AGUA
-64,624,-17,AGUA
-61,78,-17,AGUA
-52,547,-17,AGUA
-62,96,-17,AGUA
-51,355,-17,AGUA
-55,523,-17,AGUA
-49,608,-17,AGUA
-49,608,-19,AGUA
-49,608,-18,AGUA
-54,213,-17,AGUA
-61,648,-17,AGUA
-56,285,-17,AGUA
-60,398,-17,AGUA
-59,201,-17,AGUA
-64,493,-17,AGUA
-62,210,-17,AGUA
-51,452,-17,AGUA
-55,405,-32,AGUA
-63,362,-17,AGUA
-54,155,-17,AGUA
-60,330,-17,AGUA
-58,437,-32,AGUA
-51,80,-17,AGUA
-51,499,-17,AGUA
-62,600,-17,AGUA
-55,405,-17,AGUA
-62,257,-17,AGUA
-49,336,-17,AGUA
-49,336,-19,AGUA
-49,336,-18,AGUA
-60,400,-17,AGUA
-64,410,-32,AGUA
-62,140,-17,AGUA
-58,437,-17,AGUA
-61,162,-17,AGUA
-49,336,-20,AGUA
-49,336,-22,AGUA
-59,415,-17,AGUA
-49,336,-21,AGUA
-49,336,-24,AGUA
-49,336,-23,AGUA
-49,336,-26,AGUA
-49,336,-25,AGUA
-49,336,-28,AGUA
-49,336,-27,AGUA
-51,180,-17,AGUA
-49,336,-29,AGUA
-56,167,-17,AGUA
-49,46,-18,AGUA
-49,46,-19,AGUA
-49,46,-17,AGUA
-55,392,-32,AGUA
-49,46,-23,AGUA
-49,46,-24,AGUA
-49,46,-21,AGUA
-49,46,-22,AGUA
-49,46,-20,AGUA
-59,199,-17,AGUA
-60,386,-32,AGUA
-49,336,-31,AGUA
-49,336,-30,AGUA
-52,131,-17,AGUA
-58,367,-17,AGUA
-56,627,-17,AGUA
-60,400,-32,AGUA
-59,415,-32,AGUA
-57,389,-32,AGUA
-58,639,-17,AGUA
-49,608,-31,AGUA
-49,608,-30,AGUA
-51,297,-17,AGUA
-61,31,-17,AGUA
-55,579,-17,AGUA
-60,671,-17,AGUA
-63,576,-17,AGUA
-54,357,-17,AGUA
-58,165,-17,AGUA
-49,608,-20,AGUA
-59,143,-17,AGUA
-49,608,-22,AGUA
-49,608,-21,AGUA
-49,608,-24,AGUA
-49,608,-23,AGUA
-49,608,-26,AGUA
-49,608,-25,AGUA
-49,608,-28,AGUA
-49,608,-27,AGUA
-50,535,-17,AGUA
-63,103,-17,AGUA
-49,608,-29,AGUA
-51,569,-17,AGUA
-57,389,-17,AGUA
-49,46,-29,AGUA
-49,46,-27,AGUA
-57,605,-17,AGUA
-49,46,-28,AGUA
-49,46,-25,AGUA
-49,46,-26,AGUA
-63,661,-17,AGUA
-51,7,-17,AGUA
-49,46,-30,AGUA
-49,46,-31,AGUA
-63,1,-17,AGUA
-60,386,-17,AGUA
-52,403,-17,AGUA
-56,440,-32,AGUA
-60,73,-17,AGUA
-58,591,-17,AGUA
-49,490,-17,AGUA
-49,644,-18,AGUA
-59,107,-17,AGUA
-49,490,-18,AGUA
-49,644,-19,AGUA
-49,490,-19,AGUA
-59,131,-17,AGUA
-49,644,-17,AGUA
-49,644,-21,AGUA
-49,644,-22,AGUA
-49,644,-23,AGUA
-49,644,-24,AGUA
-49,644,-20,AGUA
-51,464,-17,AGUA
-57,321,-17,AGUA
-63,341,-17,AGUA
-49,218,-19,AGUA
-49,218,-18,AGUA
-49,218,-17,AGUA
-62,269,-17,AGUA
-49,218,-21,AGUA
-49,218,-20,AGUA
-62,529,-17,AGUA
-57,403,-17,AGUA
-57,403,-32,AGUA
-49,218,-27,AGUA
-49,218,-26,AGUA
-49,218,-29,AGUA
-49,218,-28,AGUA
-49,218,-23,AGUA
-49,218,-22,AGUA
-49,218,-25,AGUA
-49,218,-24,AGUA
-49,218,-30,AGUA
-61,507,-17,AGUA
-49,218,-31,AGUA
-49,170,-32,AGUA
-61,587,-17,AGUA
-55,511,-17,AGUA
-56,273,-17,AGUA
-58,485,-17,AGUA
-49,170,-31,AGUA
-49,170,-30,AGUA
-53,41,-17,AGUA
-49,170,-24,AGUA
-49,170,-23,AGUA
-49,170,-22,AGUA
-49,170,-21,AGUA
-49,170,-28,AGUA
-49,170,-27,AGUA
-58,416,-17,AGUA
-49,170,-26,AGUA
-49,170,-25,AGUA
-49,170,-29,AGUA
-49,421,-28,AGUA
-49,421,-29,AGUA
-49,421,-31,AGUA
-49,421,-32,AGUA
-49,421,-30,AGUA
-49,170,-20,AGUA
-49,644,-29,AGUA
-49,644,-25,AGUA
-49,421,-17,AGUA
-49,644,-26,AGUA
-49,421,-18,AGUA
-49,644,-27,AGUA
-49,421,-19,AGUA
-49,644,-28,AGUA
-49,421,-24,AGUA
-49,421,-25,AGUA
-49,421,-26,AGUA
-49,421,-27,AGUA
-49,421,-20,AGUA
-49,421,-21,AGUA
-49,421,-22,AGUA
-49,644,-30,AGUA
-49,421,-23,AGUA
-49,644,-31,AGUA
-63,317,-17,AGUA
-63,54,-17,AGUA
-54,439,-17,AGUA
-58,522,-17,AGUA
-59,213,-17,AGUA
-60,245,-17,AGUA
-60,412,-32,AGUA
-62,116,-17,AGUA
-64,506,-17,AGUA
-64,399,-32,AGUA
-51,79,-17,AGUA
-49,287,-30,AGUA
-49,287,-31,AGUA
-49,538,-29,AGUA
-49,170,-17,AGUA
-62,209,-17,AGUA
-60,412,-17,AGUA
-49,538,-23,AGUA
-49,538,-24,AGUA
-49,538,-21,AGUA
-49,170,-19,AGUA
-49,538,-22,AGUA
-49,170,-18,AGUA
-49,538,-27,AGUA
-49,538,-28,AGUA
-49,538,-25,AGUA
-49,538,-26,AGUA
-52,629,-17,AGUA
-49,538,-30,AGUA
-49,538,-31,AGUA
-60,306,-17,AGUA
-54,11,-17,AGUA
-60,483,-17,AGUA
-52,227,-17,AGUA
-49,538,-18,AGUA
-49,538,-19,AGUA
-61,174,-17,AGUA
-49,538,-17,AGUA
-62,589,-17,AGUA
-49,538,-20,AGUA
-49,574,-19,AGUA
-49,574,-18,AGUA
-64,149,-17,AGUA
-49,101,-29,AGUA
-49,574,-20,AGUA
-49,574,-26,AGUA
-49,101,-31,AGUA
-49,574,-25,AGUA
-49,101,-30,AGUA
-49,574,-28,AGUA
-49,574,-27,AGUA
-49,574,-22,AGUA
-49,574,-21,AGUA
-49,574,-24,AGUA
-49,574,-23,AGUA
-49,503,-17,AGUA
-49,503,-19,AGUA
-60,649,-17,AGUA
-49,503,-18,AGUA
-49,574,-29,AGUA
-60,398,-32,AGUA
-49,574,-31,AGUA
-49,574,-30,AGUA
-62,222,-17,AGUA
-49,503,-20,AGUA
-49,503,-22,AGUA
-49,503,-21,AGUA
-50,417,-32,AGUA
-49,574,-32,AGUA
-61,531,-17,AGUA
-49,503,-28,AGUA
-49,503,-27,AGUA
-49,503,-29,AGUA
-49,503,-24,AGUA
-63,637,-17,AGUA
-49,503,-23,AGUA
-49,503,-26,AGUA
-49,287,-21,AGUA
-49,503,-25,AGUA
-49,287,-20,AGUA
-49,287,-23,AGUA
-49,287,-22,AGUA
-49,287,-25,AGUA
-49,287,-24,AGUA
-59,533,-17,AGUA
-49,287,-27,AGUA
-49,287,-26,AGUA
-49,287,-29,AGUA
-49,287,-28,AGUA
-51,179,-17,AGUA
-49,101,-17,AGUA
-49,287,-19,AGUA
-62,293,-17,AGUA
-49,503,-31,AGUA
-63,458,-17,AGUA
-49,503,-30,AGUA
-51,108,-17,AGUA
-49,287,-18,AGUA
-49,101,-19,AGUA
-49,287,-17,AGUA
-49,101,-18,AGUA
-49,101,-28,AGUA
-50,417,-17,AGUA
-49,101,-27,AGUA
-49,101,-26,AGUA
-49,101,-25,AGUA
-49,101,-24,AGUA
-49,101,-23,AGUA
-49,101,-22,AGUA
-49,101,-21,AGUA
-49,101,-20,AGUA
-61,446,-17,AGUA
-61,601,-17,AGUA
-61,470,-17,AGUA
-54,107,-17,AGUA
-58,129,-17,AGUA
-62,363,-17,AGUA
-63,256,-17,AGUA
-63,280,-17,AGUA
-60,553,-17,AGUA
-51,534,-17,AGUA
-56,545,-17,AGUA
-57,438,-32,AGUA
-56,319,-17,AGUA
-52,451,-17,AGUA
-56,91,-17,AGUA
-64,575,-17,AGUA
-62,565,-17,AGUA
-55,426,-32,AGUA
-59,463,-17,AGUA
-50,215,-17,AGUA
-61,244,-17,AGUA
-60,351,-17,AGUA
-49,157,-28,AGUA
-49,157,-29,AGUA
-54,261,-17,AGUA
-49,157,-31,AGUA
-49,157,-30,AGUA
-51,249,-17,AGUA
-53,485,-17,AGUA
-49,157,-17,AGUA
-49,157,-18,AGUA
-49,157,-19,AGUA
-49,157,-24,AGUA
-55,497,-17,AGUA
-49,157,-25,AGUA
-49,157,-26,AGUA
-49,157,-27,AGUA
-49,157,-20,AGUA
-49,157,-21,AGUA
-49,157,-22,AGUA
-49,157,-23,AGUA
-49,94,-30,AGUA
-63,528,-17,AGUA
-49,94,-31,AGUA
-51,202,-17,AGUA
-51,334,-17,AGUA
-54,439,-32,AGUA
-49,94,-26,AGUA
-49,94,-27,AGUA
-49,94,-24,AGUA
-49,94,-25,AGUA
-63,613,-17,AGUA
-62,635,-17,AGUA
-49,94,-28,AGUA
-49,94,-29,AGUA
-56,675,-17,AGUA
-57,653,-17,AGUA
-49,94,-22,AGUA
-49,94,-23,AGUA
-49,94,-20,AGUA
-49,94,-21,AGUA
-54,378,-32,AGUA
-63,397,-17,AGUA
-64,375,-17,AGUA
-51,675,-17,AGUA
-64,445,-17,AGUA
-51,32,-17,AGUA
-64,304,-17,AGUA
-49,442,-29,AGUA
-51,404,-32,AGUA
-61,114,-17,AGUA
-49,442,-30,AGUA
-49,442,-31,AGUA
-56,249,-17,AGUA
-54,463,-17,AGUA
-49,442,-32,AGUA
-58,90,-17,AGUA
-62,48,-17,AGUA
-54,509,-17,AGUA
-54,665,-17,AGUA
-56,119,-17,AGUA
-63,411,-17,AGUA
-59,309,-17,AGUA
-55,641,-17,AGUA
-51,404,-17,AGUA
-51,132,-17,AGUA
-57,13,-17,AGUA
-54,309,-17,AGUA
-52,653,-17,AGUA
-49,94,-19,AGUA
-58,546,-17,AGUA
-49,94,-17,AGUA
-49,94,-18,AGUA
-54,191,-17,AGUA
-62,161,-17,AGUA
-50,641,-17,AGUA
-53,297,-17,AGUA
-57,426,-32,AGUA
-49,25,-31,AGUA
-61,91,-17,AGUA
-49,25,-30,AGUA
-61,411,-17,AGUA
-49,25,-28,AGUA
-49,25,-29,AGUA
-49,25,-26,AGUA
-49,25,-27,AGUA
-49,25,-24,AGUA
-49,25,-25,AGUA
-64,57,-17,AGUA
-62,173,-17,AGUA
-49,668,-29,AGUA
-49,668,-27,AGUA
-49,668,-28,AGUA
-62,351,-17,AGUA
-49,668,-25,AGUA
-49,668,-26,AGUA
-49,668,-23,AGUA
-49,668,-24,AGUA
-49,668,-30,AGUA
-49,668,-31,AGUA
-52,535,-17,AGUA
-52,357,-17,AGUA
-49,668,-18,AGUA
-49,668,-19,AGUA
-49,668,-17,AGUA
-49,668,-21,AGUA
-53,405,-32,AGUA
-49,668,-22,AGUA
-49,668,-20,AGUA
-51,487,-17,AGUA
-61,411,-32,AGUA
-63,87,-17,AGUA
-64,161,-17,AGUA
-58,188,-17,AGUA
-59,581,-17,AGUA
-49,25,-22,AGUA
-49,25,-23,AGUA
-49,25,-20,AGUA
-49,25,-21,AGUA
-49,25,-19,AGUA
-56,55,-17,AGUA
-49,25,-17,AGUA
-49,25,-18,AGUA
-49,515,-20,AGUA
-49,515,-21,AGUA
-60,140,-17,AGUA
-49,515,-17,AGUA
-49,515,-18,AGUA
-59,331,-17,AGUA
-49,515,-19,AGUA
-54,345,-17,AGUA
-55,438,-32,AGUA
-49,515,-31,AGUA
-49,515,-32,AGUA
-50,405,-32,AGUA
-49,515,-30,AGUA
-61,661,-17,AGUA
-49,515,-28,AGUA
-49,515,-29,AGUA
-60,363,-17,AGUA
-49,515,-26,AGUA
-60,541,-17,AGUA
-49,515,-27,AGUA
-49,515,-24,AGUA
-49,515,-25,AGUA
-49,515,-22,AGUA
-49,515,-23,AGUA
-56,378,-32,AGUA
-57,25,-17,AGUA
-55,215,-17,AGUA
-50,547,-17,AGUA
-57,451,-17,AGUA
-60,96,-17,AGUA
-63,541,-17,AGUA
-52,438,-32,AGUA
-55,380,-32,AGUA
-62,671,-17,AGUA
-59,389,-32,AGUA
-59,261,-17,AGUA
-58,283,-17,AGUA
-54,440,-32,AGUA
-51,237,-17,AGUA
-52,215,-17,AGUA
-62,493,-17,AGUA
-63,471,-17,AGUA
-49,301,-23,AGUA
-49,301,-24,AGUA
-49,301,-25,AGUA
-49,301,-26,AGUA
-64,422,-32,AGUA
-49,301,-20,AGUA
-49,301,-21,AGUA
-49,301,-22,AGUA
-62,139,-17,AGUA
-63,435,-17,AGUA
-57,579,-17,AGUA
-64,12,-17,AGUA
-60,210,-17,AGUA
-59,389,-17,AGUA
-49,301,-17,AGUA
-49,301,-18,AGUA
-49,301,-19,AGUA
-56,639,-17,AGUA
-49,301,-30,AGUA
-49,301,-31,AGUA
-49,301,-32,AGUA
-58,449,-17,AGUA
-56,473,-17,AGUA
-61,150,-17,AGUA
-60,268,-17,AGUA
-49,301,-27,AGUA
-49,301,-28,AGUA
-49,301,-29,AGUA
-49,193,-27,AGUA
-49,193,-26,AGUA
-49,193,-25,AGUA
-49,193,-24,AGUA
-49,193,-23,AGUA
-49,193,-22,AGUA
-53,405,-17,AGUA
-49,193,-21,AGUA
-49,193,-20,AGUA
-62,387,-17,AGUA
-49,193,-29,AGUA
-49,193,-28,AGUA
-56,416,-32,AGUA
-49,193,-30,AGUA
-54,167,-17,AGUA
-62,72,-17,AGUA
-52,107,-17,AGUA
-49,193,-31,AGUA
-61,625,-17,AGUA
-63,221,-17,AGUA
-59,119,-17,AGUA
-57,521,-17,AGUA
-60,104,-17,AGUA
-49,193,-19,AGUA
-49,193,-18,AGUA
-49,193,-17,AGUA
-58,226,-17,AGUA
-51,557,-17,AGUA
-64,222,-17,AGUA
-60,37,-17,AGUA
-62,387,-32,AGUA
-61,494,-17,AGUA
-62,339,-17,AGUA
-56,439,-17,AGUA
-52,605,-17,AGUA
-49,574,-17,AGUA
-49,231,-20,AGUA
-49,632,-31,AGUA
-49,231,-21,AGUA
-49,632,-30,AGUA
-49,231,-22,AGUA
-51,428,-32,AGUA
-49,231,-27,AGUA
-49,231,-28,AGUA
-64,327,-17,AGUA
-49,231,-29,AGUA
-49,231,-23,AGUA
-49,231,-24,AGUA
-49,231,-25,AGUA
-49,231,-26,AGUA
-56,569,-17,AGUA
-49,632,-29,AGUA
-49,632,-28,AGUA
-49,632,-27,AGUA
-58,450,-17,AGUA
-49,632,-26,AGUA
-62,281,-17,AGUA
-49,632,-21,AGUA
-49,231,-30,AGUA
-49,632,-20,AGUA
-49,231,-31,AGUA
-49,632,-25,AGUA
-49,632,-24,AGUA
-53,367,-17,AGUA
-49,632,-23,AGUA
-49,632,-22,AGUA
-57,390,-32,AGUA
-62,542,-17,AGUA
-49,632,-18,AGUA
-49,632,-17,AGUA
-62,25,-17,AGUA
-60,329,-17,AGUA
-49,632,-19,AGUA
-51,428,-17,AGUA
-60,198,-17,AGUA
-58,627,-17,AGUA
-54,629,-17,AGUA
-49,231,-17,AGUA
-49,231,-18,AGUA
-49,231,-19,AGUA
-64,422,-17,AGUA
-52,37,-17,AGUA
-60,529,-17,AGUA
-50,189,-17,AGUA
-63,374,-17,AGUA
-55,87,-17,AGUA
-58,380,-17,AGUA
-58,569,-17,AGUA
-49,562,-30,AGUA
-49,562,-31,AGUA
-49,562,-32,AGUA
-62,457,-17,AGUA
-62,554,-17,AGUA
-56,155,-17,AGUA
-61,149,-17,AGUA
-50,405,-17,AGUA
-61,364,-17,AGUA
-49,134,-17,AGUA
-56,225,-17,AGUA
-51,167,-17,AGUA
-64,481,-17,AGUA
-62,612,-17,AGUA
-49,134,-21,AGUA
-49,134,-22,AGUA
-49,134,-23,AGUA
-49,134,-24,AGUA
-49,134,-25,AGUA
-49,134,-26,AGUA
-49,134,-27,AGUA
-49,134,-28,AGUA
-49,477,-17,AGUA
-59,617,-17,AGUA
-49,477,-19,AGUA
-49,477,-18,AGUA
-49,134,-20,AGUA
-49,477,-20,AGUA
-60,602,-17,AGUA
-49,477,-22,AGUA
-49,477,-21,AGUA
-49,477,-24,AGUA
-49,477,-23,AGUA
-49,477,-26,AGUA
-49,477,-25,AGUA
-49,134,-18,AGUA
-49,134,-19,AGUA
-60,459,-17,AGUA
-49,477,-28,AGUA
-61,564,-17,AGUA
-49,477,-27,AGUA
-49,477,-29,AGUA
-49,134,-30,AGUA
-49,134,-31,AGUA
-49,477,-31,AGUA
-49,477,-30,AGUA
-49,477,-32,AGUA
-49,134,-29,AGUA
-54,415,-32,AGUA
-62,412,-17,AGUA
-49,562,-20,AGUA
-49,562,-21,AGUA
-63,505,-17,AGUA
-49,562,-26,AGUA
-49,562,-27,AGUA
-49,562,-28,AGUA
-49,562,-29,AGUA
-49,562,-22,AGUA
-49,562,-23,AGUA
-49,562,-24,AGUA
-49,562,-25,AGUA
-49,562,-19,AGUA
-63,174,-17,AGUA
-55,177,-17,AGUA
-55,9,-17,AGUA
-64,267,-17,AGUA
-49,562,-17,AGUA
-49,562,-18,AGUA
-57,203,-17,AGUA
-60,471,-17,AGUA
-51,582,-17,AGUA
-58,42,-17,AGUA
-54,415,-17,AGUA
-56,533,-17,AGUA
-58,664,-17,AGUA
-56,355,-17,AGUA
-52,415,-32,AGUA
-60,5,-17,AGUA
-57,295,-17,AGUA
-56,509,-17,AGUA
-50,605,-17,AGUA
-62,304,-17,AGUA
-51,367,-17,AGUA
-51,618,-17,AGUA
-51,642,-17,AGUA
-57,143,-17,AGUA
-63,244,-17,AGUA
-61,434,-17,AGUA
-60,163,-17,AGUA
-52,415,-17,AGUA
-51,391,-17,AGUA
-53,177,-17,AGUA
-62,196,-17,AGUA
-55,485,-17,AGUA
-50,121,-17,AGUA
-52,261,-17,AGUA
-62,447,-32,AGUA
-64,114,-17,AGUA
-55,333,-17,AGUA
-51,391,-32,AGUA
-62,84,-17,AGUA
-58,319,-17,AGUA
-58,343,-17,AGUA
-50,51,-17,AGUA
-60,139,-17,AGUA
-52,47,-17,AGUA
-58,511,-17,AGUA
-50,131,-17,AGUA
-62,447,-17,AGUA
-51,144,-17,AGUA
-62,481,-17,AGUA
-59,273,-17,AGUA
-54,545,-17,AGUA
-52,71,-17,AGUA
-61,211,-17,AGUA
-53,675,-17,AGUA
-64,612,-17,AGUA
-53,17,-17,AGUA
-49,82,-31,AGUA
-49,82,-30,AGUA
-49,58,-23,AGUA
-49,58,-22,AGUA
-49,58,-21,AGUA
-49,58,-20,AGUA
-58,18,-17,AGUA
-49,82,-26,AGUA
-49,82,-25,AGUA
-49,82,-28,AGUA
-49,82,-27,AGUA
-52,665,-17,AGUA
-49,82,-29,AGUA
-49,58,-19,AGUA
-49,82,-20,AGUA
-49,58,-18,AGUA
-49,58,-17,AGUA
-49,82,-22,AGUA
-51,652,-17,AGUA
-49,82,-21,AGUA
-57,641,-17,AGUA
-49,82,-24,AGUA
-49,82,-23,AGUA
-51,214,-17,AGUA
-49,58,-31,AGUA
-58,379,-17,AGUA
-49,58,-30,AGUA
-57,463,-17,AGUA
-51,67,-17,AGUA
-49,82,-17,AGUA
-63,494,-17,AGUA
-49,82,-19,AGUA
-49,82,-18,AGUA
-49,58,-29,AGUA
-49,58,-28,AGUA
-59,390,-32,AGUA
-49,58,-27,AGUA
-49,58,-26,AGUA
-49,58,-25,AGUA
-57,617,-17,AGUA
-49,58,-24,AGUA
-49,324,-20,AGUA
-49,324,-21,AGUA
-49,324,-22,AGUA
-59,13,-17,AGUA
-49,324,-23,AGUA
-51,322,-17,AGUA
-49,324,-24,AGUA
-49,324,-25,AGUA
-63,564,-17,AGUA
-49,324,-17,AGUA
-49,324,-18,AGUA
-49,324,-19,AGUA
-58,379,-32,AGUA
-60,233,-17,AGUA
-53,497,-17,AGUA
-54,653,-17,AGUA
-64,291,-17,AGUA
-56,593,-17,AGUA
-56,439,-32,AGUA
-49,324,-30,AGUA
-49,324,-31,AGUA
-49,324,-26,AGUA
-49,324,-27,AGUA
-49,324,-28,AGUA
-61,280,-17,AGUA
-49,324,-29,AGUA
-55,653,-17,AGUA
-59,427,-17,AGUA
-62,517,-17,AGUA
-63,279,-17,AGUA
-59,427,-32,AGUA
-54,225,-17,AGUA
-54,475,-17,AGUA
-60,576,-17,AGUA
-58,249,-17,AGUA
-50,451,-17,AGUA
-49,13,-19,AGUA
-57,511,-17,AGUA
-49,13,-18,AGUA
-49,13,-17,AGUA
-57,309,-17,AGUA
-58,273,-17,AGUA
-49,13,-22,AGUA
-49,13,-21,AGUA
-49,13,-24,AGUA
-49,13,-23,AGUA
-63,127,-17,AGUA
-49,13,-20,AGUA
-55,97,-17,AGUA
-49,13,-29,AGUA
-63,151,-17,AGUA
-49,13,-26,AGUA
-49,13,-25,AGUA
-49,13,-28,AGUA
-49,13,-27,AGUA
-58,404,-17,AGUA
-49,13,-31,AGUA
-49,13,-30,AGUA
-61,469,-17,AGUA
-62,234,-17,AGUA
-60,61,-17,AGUA
-56,3,-17,AGUA
-57,213,-17,AGUA
-52,191,-17,AGUA
-49,254,-30,AGUA
-49,254,-31,AGUA
-49,254,-32,AGUA
-64,648,-17,AGUA
-49,254,-19,AGUA
-61,317,-17,AGUA
-49,254,-22,AGUA
-49,254,-23,AGUA
-49,254,-24,AGUA
-49,254,-25,AGUA
-49,254,-26,AGUA
-49,254,-27,AGUA
-49,254,-28,AGUA
-49,254,-29,AGUA
-58,130,-17,AGUA
-49,299,-17,AGUA
-49,254,-20,AGUA
-49,254,-21,AGUA
-49,454,-30,AGUA
-50,381,-17,AGUA
-49,454,-32,AGUA
-49,454,-31,AGUA
-49,454,-29,AGUA
-49,454,-28,AGUA
-60,424,-17,AGUA
-59,521,-17,AGUA
-56,45,-17,AGUA
-49,454,-25,AGUA
-49,454,-24,AGUA
-49,454,-27,AGUA
-49,454,-26,AGUA
-49,454,-21,AGUA
-49,454,-20,AGUA
-49,454,-23,AGUA
-49,454,-22,AGUA
-49,454,-18,AGUA
-49,454,-17,AGUA
-49,454,-19,AGUA
-50,381,-32,AGUA
-56,463,-17,AGUA
-61,126,-17,AGUA
-64,672,-17,AGUA
-61,186,-17,AGUA
-64,387,-17,AGUA
-56,663,-17,AGUA
-51,261,-17,AGUA
-63,625,-17,AGUA
-49,384,-32,AGUA
-49,384,-31,AGUA
-49,384,-30,AGUA
-59,451,-17,AGUA
-60,424,-32,AGUA
-49,384,-29,AGUA
-49,384,-28,AGUA
-49,384,-25,AGUA
-49,384,-24,AGUA
-49,384,-27,AGUA
-49,384,-26,AGUA
-49,384,-21,AGUA
-49,384,-20,AGUA
-49,384,-23,AGUA
-49,384,-22,AGUA
-61,599,-17,AGUA
-61,54,-17,AGUA
-63,42,-17,AGUA
-49,384,-18,AGUA
-49,384,-17,AGUA
-49,384,-19,AGUA
-60,293,-17,AGUA
-61,399,-32,AGUA
-62,104,-17,AGUA
-58,604,-17,AGUA
-49,169,-24,AGUA
-49,169,-23,AGUA
-49,169,-26,AGUA
-49,299,-18,AGUA
-49,169,-25,AGUA
-49,299,-19,AGUA
-49,169,-20,AGUA
-49,169,-22,AGUA
-49,169,-21,AGUA
-58,78,-17,AGUA
-61,341,-17,AGUA
-60,637,-17,AGUA
-49,299,-20,AGUA
-49,254,-17,AGUA
-49,254,-18,AGUA
-49,299,-23,AGUA
-49,299,-24,AGUA
-49,299,-21,AGUA
-49,299,-22,AGUA
-49,299,-27,AGUA
-49,169,-17,AGUA
-49,299,-28,AGUA
-49,299,-25,AGUA
-49,169,-19,AGUA
-49,299,-26,AGUA
-49,169,-18,AGUA
-49,299,-29,AGUA
-51,274,-17,AGUA
-61,399,-17,AGUA
-59,321,-17,AGUA
-49,299,-30,AGUA
-49,299,-31,AGUA
-49,299,-32,AGUA
-59,651,-17,AGUA
-61,256,-17,AGUA
-60,209,-17,AGUA
-58,473,-17,AGUA
-62,577,-17,AGUA
-50,227,-17,AGUA
-52,95,-17,AGUA
-60,542,-17,AGUA
-61,20,-17,AGUA
-56,379,-32,AGUA
-60,186,-17,AGUA
-61,660,-17,AGUA
-53,65,-17,AGUA
-52,439,-32,AGUA
-56,379,-17,AGUA
-60,50,-17,AGUA
-57,497,-17,AGUA
-62,672,-17,AGUA
-51,344,-17,AGUA
-62,6,-17,AGUA
-52,25,-17,AGUA
-54,35,-17,AGUA
-61,90,-17,AGUA
-51,238,-17,AGUA
-58,142,-17,AGUA
-62,352,-17,AGUA
-60,97,-17,AGUA
-53,557,-17,AGUA
-64,279,-17,AGUA
-50,379,-32,AGUA
-55,617,-17,AGUA
-59,663,-17,AGUA
-58,189,-17,AGUA
-64,482,-17,AGUA
-59,557,-17,AGUA
-50,379,-17,AGUA
-63,30,-17,AGUA
-49,194,-24,AGUA
-49,194,-23,AGUA
-64,565,-17,AGUA
-49,194,-26,AGUA
-49,194,-25,AGUA
-49,194,-20,AGUA
-49,194,-22,AGUA
-49,194,-21,AGUA
-49,194,-28,AGUA
-49,194,-27,AGUA
-49,194,-29,AGUA
-50,143,-17,AGUA
-49,550,-31,AGUA
-49,550,-30,AGUA
-55,367,-17,AGUA
-58,119,-17,AGUA
-49,194,-31,AGUA
-49,194,-30,AGUA
-56,485,-17,AGUA
-49,194,-32,AGUA
-55,131,-17,AGUA
-49,550,-22,AGUA
-49,550,-21,AGUA
-49,550,-20,AGUA
-56,415,-32,AGUA
-49,550,-26,AGUA
-49,550,-25,AGUA
-49,550,-24,AGUA
-49,550,-23,AGUA
-49,550,-29,AGUA
-49,550,-28,AGUA
-49,550,-27,AGUA
-49,158,-32,AGUA
-49,158,-30,AGUA
-49,158,-31,AGUA
-59,47,-17,AGUA
-57,177,-17,AGUA
-56,309,-17,AGUA
-56,415,-17,AGUA
-50,309,-17,AGUA
-50,15,-17,AGUA
-49,158,-29,AGUA
-49,158,-27,AGUA
-49,158,-28,AGUA
-49,550,-19,AGUA
-49,550,-18,AGUA
-49,550,-17,AGUA
-49,158,-21,AGUA
-49,158,-22,AGUA
-49,158,-20,AGUA
-49,158,-25,AGUA
-51,664,-17,AGUA
-49,158,-26,AGUA
-49,158,-23,AGUA
-49,158,-24,AGUA
-63,517,-17,AGUA
-49,194,-17,AGUA
-49,194,-19,AGUA
-49,194,-18,AGUA
-49,158,-18,AGUA
-49,158,-19,AGUA
-52,392,-32,AGUA
-49,158,-17,AGUA
-56,143,-17,AGUA
-64,599,-17,AGUA
-54,3,-17,AGUA
-51,191,-17,AGUA
-60,375,-32,AGUA
-49,667,-24,AGUA
-49,667,-25,AGUA
-49,667,-26,AGUA
-49,667,-27,AGUA
-49,667,-28,AGUA
-49,667,-29,AGUA
-51,558,-17,AGUA
-57,107,-17,AGUA
-63,470,-17,AGUA
-61,151,-17,AGUA
-54,675,-17,AGUA
-62,316,-17,AGUA
-49,667,-30,AGUA
-49,667,-31,AGUA
-49,667,-32,AGUA
-60,375,-17,AGUA
-49,667,-17,AGUA
-64,162,-17,AGUA
-49,667,-18,AGUA
-49,667,-19,AGUA
-49,35,-17,AGUA
-49,35,-19,AGUA
-49,35,-18,AGUA
-49,35,-20,AGUA
-49,35,-24,AGUA
-49,35,-23,AGUA
-49,35,-22,AGUA
-49,35,-21,AGUA
-60,269,-17,AGUA
-49,667,-20,AGUA
-49,667,-21,AGUA
-49,667,-22,AGUA
-49,667,-23,AGUA
-50,85,-17,AGUA
-49,35,-28,AGUA
-58,462,-17,AGUA
-49,35,-27,AGUA
-49,35,-26,AGUA
-49,35,-25,AGUA
-49,35,-29,AGUA
-49,35,-31,AGUA
-49,35,-30,AGUA
-63,400,-17,AGUA
-54,569,-17,AGUA
-54,605,-17,AGUA
-51,581,-17,AGUA
-49,478,-25,AGUA
-61,624,-17,AGUA
-49,478,-24,AGUA
-50,463,-17,AGUA
-49,478,-23,AGUA
-49,277,-30,AGUA
-49,478,-22,AGUA
-49,277,-31,AGUA
-49,478,-21,AGUA
-49,478,-20,AGUA
-49,230,-22,AGUA
-49,230,-23,AGUA
-49,230,-20,AGUA
-49,230,-21,AGUA
-49,478,-19,AGUA
-49,478,-18,AGUA
-49,478,-17,AGUA
-49,230,-28,AGUA
-49,230,-29,AGUA
-49,277,-29,AGUA
-49,230,-26,AGUA
-49,230,-27,AGUA
-49,230,-24,AGUA
-49,431,-17,AGUA
-49,230,-25,AGUA
-49,277,-25,AGUA
-49,277,-26,AGUA
-49,277,-27,AGUA
-49,277,-28,AGUA
-49,277,-21,AGUA
-49,277,-22,AGUA
-49,277,-23,AGUA
-62,541,-17,AGUA
-49,277,-24,AGUA
-49,277,-20,AGUA
-53,391,-32,AGUA
-49,478,-32,AGUA
-49,478,-31,AGUA
-49,478,-30,AGUA
-61,423,-17,AGUA
-62,185,-17,AGUA
-49,230,-31,AGUA
-49,230,-32,AGUA
-51,380,-32,AGUA
-49,478,-29,AGUA
-49,478,-28,AGUA
-49,230,-30,AGUA
-49,478,-27,AGUA
-49,478,-26,AGUA
-49,277,-18,AGUA
-49,277,-19,AGUA
-60,103,-17,AGUA
-49,431,-29,AGUA
-49,277,-17,AGUA
-49,408,-31,AGUA
-49,408,-30,AGUA
-49,408,-32,AGUA
-49,431,-31,AGUA
-49,431,-30,AGUA
-49,431,-32,AGUA
-55,451,-17,AGUA
-49,408,-24,AGUA
-49,431,-19,AGUA
-49,408,-23,AGUA
-49,431,-18,AGUA
-49,408,-26,AGUA
-53,29,-17,AGUA
-49,408,-25,AGUA
-49,408,-20,AGUA
-49,408,-22,AGUA
-58,628,-17,AGUA
-49,408,-21,AGUA
-62,386,-17,AGUA
-58,378,-17,AGUA
-49,408,-28,AGUA
-49,408,-27,AGUA
-49,408,-29,AGUA
-51,380,-17,AGUA
-49,431,-20,AGUA
-49,431,-22,AGUA
-49,230,-19,AGUA
-49,431,-21,AGUA
-49,431,-24,AGUA
-49,230,-17,AGUA
-49,431,-23,AGUA
-49,230,-18,AGUA
-49,431,-26,AGUA
-49,431,-25,AGUA
-49,431,-28,AGUA
-49,431,-27,AGUA
-52,119,-17,AGUA
-57,261,-17,AGUA
-49,408,-17,AGUA
-49,408,-19,AGUA
-49,408,-18,AGUA
-58,509,-17,AGUA
-58,225,-17,AGUA
-63,233,-17,AGUA
-50,665,-17,AGUA
-57,37,-17,AGUA
-63,434,-17,AGUA
-50,49,-17,AGUA
-49,633,-17,AGUA
-49,633,-19,AGUA
-49,633,-18,AGUA
-49,633,-20,AGUA
-49,633,-22,AGUA
-49,633,-21,AGUA
-49,633,-24,AGUA
-49,633,-23,AGUA
-61,493,-17,AGUA
-64,196,-17,AGUA
-56,67,-17,AGUA
-51,155,-17,AGUA
-61,423,-32,AGUA
-49,633,-26,AGUA
-49,633,-25,AGUA
-49,633,-28,AGUA
-49,633,-27,AGUA
-49,633,-29,AGUA
-49,633,-31,AGUA
-49,633,-30,AGUA
-58,426,-17,AGUA
-53,391,-17,AGUA
-51,427,-32,AGUA
-60,458,-17,AGUA
-54,416,-32,AGUA
-58,581,-17,AGUA
-53,99,-17,AGUA
-62,469,-17,AGUA
-52,475,-17,AGUA
-52,203,-17,AGUA
-53,321,-17,AGUA
-58,295,-17,AGUA
-53,593,-17,AGUA
-55,75,-17,AGUA
-51,427,-17,AGUA
-52,189,-17,AGUA
-57,533,-17,AGUA
-53,237,-17,AGUA
-58,43,-17,AGUA
-64,351,-17,AGUA
-61,234,-17,AGUA
-51,511,-17,AGUA
-61,89,-17,AGUA
-61,435,-17,AGUA
-51,55,-17,AGUA
-51,310,-17,AGUA
-62,197,-17,AGUA
-61,19,-17,AGUA
-60,659,-17,AGUA
-62,127,-17,AGUA
-53,523,-17,AGUA
-63,648,-17,AGUA
-59,343,-17,AGUA
-52,273,-17,AGUA
-54,285,-17,AGUA
-49,242,-32,AGUA
-49,242,-31,AGUA
-49,242,-30,AGUA
-60,49,-17,AGUA
-55,415,-17,AGUA
-56,177,-17,AGUA
-61,659,-17,AGUA
-62,150,-17,AGUA
-49,466,-18,AGUA
-49,466,-19,AGUA
-51,392,-32,AGUA
-49,466,-17,AGUA
-49,466,-25,AGUA
-49,466,-26,AGUA
-49,466,-23,AGUA
-49,466,-24,AGUA
-49,466,-21,AGUA
-49,466,-22,AGUA
-49,466,-20,AGUA
-49,466,-29,AGUA
-49,466,-27,AGUA
-49,466,-28,AGUA
-58,237,-17,AGUA
-51,143,-17,AGUA
-57,119,-17,AGUA
-54,367,-17,AGUA
-49,466,-32,AGUA
-60,340,-17,AGUA
-49,466,-30,AGUA
-49,466,-31,AGUA
-64,613,-17,AGUA
-59,509,-17,AGUA
-64,434,-17,AGUA
-61,435,-32,AGUA
-55,415,-32,AGUA
-55,309,-17,AGUA
-52,440,-32,AGUA
-49,47,-20,AGUA
-49,47,-21,AGUA
-63,245,-17,AGUA
-49,47,-22,AGUA
-49,47,-23,AGUA
-49,146,-29,AGUA
-49,146,-28,AGUA
-60,317,-17,AGUA
-49,146,-32,AGUA
-49,146,-31,AGUA
-53,605,-17,AGUA
-49,47,-17,AGUA
-49,47,-18,AGUA
-49,47,-19,AGUA
-49,146,-30,AGUA
-50,191,-17,AGUA
-60,138,-17,AGUA
-49,146,-18,AGUA
-49,242,-19,AGUA
-49,146,-17,AGUA
-49,242,-18,AGUA
-49,242,-17,AGUA
-49,146,-19,AGUA
-49,146,-21,AGUA
-49,146,-20,AGUA
-49,146,-23,AGUA
-49,146,-22,AGUA
-49,146,-25,AGUA
-49,146,-24,AGUA
-49,146,-27,AGUA
-49,146,-26,AGUA
-60,234,-17,AGUA
-49,242,-22,AGUA
-49,242,-21,AGUA
-49,242,-20,AGUA
-49,242,-29,AGUA
-49,242,-28,AGUA
-49,242,-27,AGUA
-62,470,-17,AGUA
-49,242,-26,AGUA
-49,242,-25,AGUA
-49,242,-24,AGUA
-54,641,-17,AGUA
-49,242,-23,AGUA
-53,203,-17,AGUA
-63,65,-17,AGUA
-54,69,-17,AGUA
-61,103,-17,AGUA
-49,325,-30,AGUA
-62,24,-17,AGUA
-49,325,-31,AGUA
-61,576,-17,AGUA
-58,557,-17,AGUA
-49,325,-29,AGUA
-49,325,-27,AGUA
-49,325,-28,AGUA
-49,325,-25,AGUA
-49,325,-26,AGUA
-49,359,-21,AGUA
-49,359,-20,AGUA
-49,359,-23,AGUA
-49,359,-22,AGUA
-55,569,-17,AGUA
-49,359,-18,AGUA
-49,359,-17,AGUA
-49,359,-19,AGUA
-59,605,-17,AGUA
-49,83,-32,AGUA
-49,83,-31,AGUA
-49,83,-30,AGUA
-59,83,-17,AGUA
-49,359,-32,AGUA
-49,359,-31,AGUA
-49,359,-30,AGUA
-49,359,-29,AGUA
-49,359,-28,AGUA
-50,380,-32,AGUA
-49,359,-25,AGUA
-49,359,-24,AGUA
-49,359,-27,AGUA
-49,359,-26,AGUA
-60,660,-17,AGUA
-49,83,-23,AGUA
-59,426,-32,AGUA
-49,83,-22,AGUA
-49,83,-21,AGUA
-49,83,-20,AGUA
-49,83,-29,AGUA
-49,83,-28,AGUA
-49,83,-27,AGUA
-49,83,-26,AGUA
-49,83,-25,AGUA
-49,83,-24,AGUA
-61,518,-17,AGUA
-58,663,-17,AGUA
-58,19,-17,AGUA
-56,451,-17,AGUA
-57,379,-17,AGUA
-49,83,-19,AGUA
-49,83,-18,AGUA
-49,83,-17,AGUA
-52,155,-17,AGUA
-62,518,-17,AGUA
-50,345,-17,AGUA
-63,209,-17,AGUA
-58,261,-17,AGUA
-57,73,-17,AGUA
-62,624,-17,AGUA
-63,671,-17,AGUA
-63,565,-17,AGUA
-60,62,-17,AGUA
-63,386,-17,AGUA
-62,59,-17,AGUA
-57,379,-32,AGUA
-52,557,-17,AGUA
-60,4,-17,AGUA
-56,617,-17,AGUA
-51,392,-17,AGUA
-60,506,-17,AGUA
-61,268,-17,AGUA
-59,391,-17,AGUA
-52,523,-17,AGUA
-52,59,-17,AGUA
-50,617,-17,AGUA
-64,400,-17,AGUA
-49,229,-20,AGUA
-49,229,-21,AGUA
-53,285,-17,AGUA
-49,229,-17,AGUA
-49,229,-18,AGUA
-49,229,-19,AGUA
-51,379,-17,AGUA
-51,90,-17,AGUA
-49,7,-20,AGUA
-49,7,-21,AGUA
-49,7,-22,AGUA
-49,7,-23,AGUA
-49,229,-30,AGUA
-49,229,-31,AGUA
-49,229,-32,AGUA
-54,333,-17,AGUA
-49,229,-22,AGUA
-49,229,-23,AGUA
-49,229,-24,AGUA
-51,630,-17,AGUA
-49,229,-25,AGUA
-49,229,-26,AGUA
-49,229,-27,AGUA
-49,229,-28,AGUA
-52,83,-17,AGUA
-49,229,-29,AGUA
-49,7,-17,AGUA
-49,7,-18,AGUA
-63,352,-17,AGUA
-49,7,-19,AGUA
-60,577,-17,AGUA
-62,435,-17,AGUA
-51,379,-32,AGUA
-58,474,-17,AGUA
-52,321,-17,AGUA
-51,19,-17,AGUA
-58,533,-17,AGUA
-59,295,-17,AGUA
-63,197,-17,AGUA
-60,15,-17,AGUA
-52,427,-17,AGUA
-55,27,-17,AGUA
-49,7,-30,AGUA
-49,7,-31,AGUA
-49,7,-32,AGUA
-53,189,-17,AGUA
-63,150,-17,AGUA
-49,7,-24,AGUA
-49,7,-25,AGUA
-49,7,-26,AGUA
-49,7,-27,AGUA
-49,7,-28,AGUA
-49,7,-29,AGUA
-49,325,-23,AGUA
-49,325,-24,AGUA
-49,325,-21,AGUA
-49,325,-22,AGUA
-49,325,-20,AGUA
-60,625,-17,AGUA
-61,672,-17,AGUA
-59,391,-32,AGUA
-61,387,-17,AGUA
-63,599,-17,AGUA
-49,325,-18,AGUA
-49,325,-19,AGUA
-52,427,-32,AGUA
-49,325,-17,AGUA
-60,151,-17,AGUA
-61,316,-17,AGUA
-61,55,-17,AGUA
-63,328,-17,AGUA
-60,494,-17,AGUA
-61,340,-17,AGUA
-49,585,-29,AGUA
-61,387,-32,AGUA
-49,514,-17,AGUA
-49,514,-18,AGUA
-64,530,-17,AGUA
-49,514,-19,AGUA
-59,237,-17,AGUA
-49,585,-32,AGUA
-49,514,-20,AGUA
-49,514,-21,AGUA
-49,514,-22,AGUA
-50,97,-17,AGUA
-49,585,-30,AGUA
-49,585,-31,AGUA
-58,344,-17,AGUA
-50,511,-17,AGUA
-49,514,-23,AGUA
-49,514,-24,AGUA
-49,514,-25,AGUA
-49,514,-26,AGUA
-49,514,-27,AGUA
-49,514,-28,AGUA
-49,514,-29,AGUA
-49,514,-30,AGUA
-49,514,-31,AGUA
-49,514,-32,AGUA
-51,273,-17,AGUA
-58,77,-17,AGUA
-54,237,-17,AGUA
-57,427,-17,AGUA
-52,581,-17,AGUA
-59,639,-17,AGUA
-61,185,-17,AGUA
-49,585,-17,AGUA
-54,391,-32,AGUA
-63,126,-17,AGUA
-60,423,-17,AGUA
-49,585,-18,AGUA
-49,585,-19,AGUA
-49,585,-21,AGUA
-49,585,-22,AGUA
-49,585,-23,AGUA
-49,585,-24,AGUA
-49,585,-25,AGUA
-49,585,-26,AGUA
-49,585,-27,AGUA
-49,585,-28,AGUA
-57,427,-32,AGUA
-49,585,-20,AGUA
-51,475,-17,AGUA
-63,99,-17,AGUA
-49,383,-32,AGUA
-49,383,-31,AGUA
-49,383,-30,AGUA
-60,423,-32,AGUA
-57,225,-17,AGUA
-49,112,-17,AGUA
-56,33,-17,AGUA
-54,391,-17,AGUA
-51,606,-17,AGUA
-63,482,-17,AGUA
-62,435,-32,AGUA
-49,383,-19,AGUA
-49,383,-18,AGUA
-49,383,-17,AGUA
-49,112,-20,AGUA
-50,428,-32,AGUA
-51,119,-17,AGUA
-49,112,-23,AGUA
-49,112,-24,AGUA
-49,112,-21,AGUA
-49,112,-22,AGUA
-49,112,-27,AGUA
-49,112,-28,AGUA
-49,112,-25,AGUA
-49,112,-26,AGUA
-49,112,-18,AGUA
-62,233,-17,AGUA
-49,112,-19,AGUA
-49,383,-29,AGUA
-49,383,-28,AGUA
-49,112,-30,AGUA
-49,383,-27,AGUA
-49,112,-31,AGUA
-49,383,-26,AGUA
-60,292,-17,AGUA
-49,383,-25,AGUA
-64,245,-17,AGUA
-57,581,-17,AGUA
-49,383,-24,AGUA
-49,383,-23,AGUA
-49,383,-22,AGUA
-49,112,-32,AGUA
-49,383,-21,AGUA
-49,383,-20,AGUA
-61,542,-17,AGUA
-49,112,-29,AGUA
-63,469,-17,AGUA
-59,59,-17,AGUA
-49,621,-20,AGUA
-49,621,-21,AGUA
-49,621,-22,AGUA
-54,593,-17,AGUA
-49,621,-23,AGUA
-49,621,-24,AGUA
-49,621,-25,AGUA
-49,443,-22,AGUA
-49,443,-23,AGUA
-49,443,-20,AGUA
-49,443,-21,AGUA
-49,265,-19,AGUA
-49,443,-26,AGUA
-49,443,-27,AGUA
-49,443,-24,AGUA
-49,443,-25,AGUA
-49,265,-25,AGUA
-49,443,-19,AGUA
-49,265,-24,AGUA
-49,265,-23,AGUA
-49,443,-17,AGUA
-49,265,-22,AGUA
-49,443,-18,AGUA
-49,265,-29,AGUA
-49,265,-28,AGUA
-49,265,-27,AGUA
-49,265,-26,AGUA
-49,621,-17,AGUA
-49,621,-18,AGUA
-49,265,-21,AGUA
-49,621,-19,AGUA
-49,265,-20,AGUA
-60,115,-17,AGUA
-49,265,-18,AGUA
-49,265,-17,AGUA
-50,653,-17,AGUA
-60,588,-17,AGUA
-63,115,-17,AGUA
-64,233,-17,AGUA
-49,621,-30,AGUA
-49,621,-31,AGUA
-49,621,-32,AGUA
-61,458,-17,AGUA
-58,438,-17,AGUA
-62,576,-17,AGUA
-58,391,-32,AGUA
-49,621,-26,AGUA
-49,621,-27,AGUA
-49,621,-28,AGUA
-49,621,-29,AGUA
-49,265,-31,AGUA
-49,265,-30,AGUA
-63,624,-17,AGUA
-53,581,-17,AGUA
-52,285,-17,AGUA
-63,446,-17,AGUA
-64,386,-17,AGUA
-51,262,-17,AGUA
-62,601,-17,AGUA
-51,440,-17,AGUA
-61,66,-17,AGUA
-61,305,-17,AGUA
-58,391,-17,AGUA
-63,588,-17,AGUA
-56,581,-17,AGUA
-64,411,-17,AGUA
-60,26,-17,AGUA
-60,518,-17,AGUA
-50,475,-17,AGUA
-59,378,-32,AGUA
-49,443,-30,AGUA
-58,616,-17,AGUA
-54,451,-17,AGUA
-49,443,-31,AGUA
-49,443,-32,AGUA
-49,443,-28,AGUA
-49,443,-29,AGUA
-62,103,-17,AGUA
-60,435,-17,AGUA
-61,375,-17,AGUA
-49,526,-30,AGUA
-49,526,-32,AGUA
-49,526,-31,AGUA
-61,553,-17,AGUA
-49,123,-17,AGUA
-53,511,-17,AGUA
-49,526,-23,AGUA
-49,526,-22,AGUA
-49,526,-25,AGUA
-49,526,-24,AGUA
-53,333,-17,AGUA
-49,526,-27,AGUA
-49,526,-26,AGUA
-49,526,-29,AGUA
-49,526,-28,AGUA
-49,123,-20,AGUA
-49,123,-26,AGUA
-49,123,-25,AGUA
-49,123,-28,AGUA
-49,123,-27,AGUA
-49,123,-22,AGUA
-49,123,-21,AGUA
-49,123,-24,AGUA
-62,423,-32,AGUA
-49,123,-23,AGUA
-49,123,-19,AGUA
-60,435,-32,AGUA
-49,596,-17,AGUA
-49,123,-18,AGUA
-62,659,-17,AGUA
-49,596,-18,AGUA
-49,596,-19,AGUA
-55,143,-17,AGUA
-49,596,-23,AGUA
-49,596,-24,AGUA
-49,596,-21,AGUA
-49,596,-22,AGUA
-49,596,-27,AGUA
-49,596,-28,AGUA
-49,596,-25,AGUA
-49,596,-26,AGUA
-62,36,-17,AGUA
-61,375,-32,AGUA
-49,596,-20,AGUA
-59,225,-17,AGUA
-54,273,-17,AGUA
-62,245,-17,AGUA
-58,107,-17,AGUA
-49,596,-29,AGUA
-51,523,-17,AGUA
-60,613,-17,AGUA
-49,596,-32,AGUA
-52,641,-17,AGUA
-63,363,-17,AGUA
-61,138,-17,AGUA
-53,119,-17,AGUA
-49,596,-30,AGUA
-49,596,-31,AGUA
-58,177,-17,AGUA
-57,415,-17,AGUA
-52,249,-17,AGUA
-51,120,-17,AGUA
-51,43,-17,AGUA
-58,355,-17,AGUA
-49,123,-31,AGUA
-49,123,-30,AGUA
-49,123,-29,AGUA
-51,593,-17,AGUA
-58,31,-17,AGUA
-62,423,-17,AGUA
-57,415,-32,AGUA
-52,463,-17,AGUA
-51,309,-17,AGUA
-63,185,-17,AGUA
-54,131,-17,AGUA
-49,206,-20,AGUA
-49,206,-21,AGUA
-49,206,-22,AGUA
-60,530,-17,AGUA
-49,206,-17,AGUA
-49,206,-18,AGUA
-49,609,-32,AGUA
-49,206,-19,AGUA
-49,609,-31,AGUA
-49,609,-30,AGUA
-53,439,-17,AGUA
-61,292,-17,AGUA
-60,174,-17,AGUA
-49,609,-29,AGUA
-49,609,-28,AGUA
-49,609,-27,AGUA
-49,609,-26,AGUA
-49,609,-25,AGUA
-49,609,-24,AGUA
-49,609,-23,AGUA
-49,609,-22,AGUA
-49,609,-21,AGUA
-49,609,-20,AGUA
-55,605,-17,AGUA
-49,679,-31,AGUA
-49,679,-30,AGUA
-49,679,-32,AGUA
-49,679,-24,AGUA
-49,679,-23,AGUA
-49,679,-26,AGUA
-49,679,-25,AGUA
-49,679,-28,AGUA
-49,679,-27,AGUA
-49,679,-29,AGUA
-55,404,-32,AGUA
-54,557,-17,AGUA
-49,679,-20,AGUA
-49,679,-22,AGUA
-49,679,-21,AGUA
-49,679,-17,AGUA
-49,679,-19,AGUA
-49,679,-18,AGUA
-64,46,-17,AGUA
-59,545,-17,AGUA
-49,59,-28,AGUA
-49,59,-27,AGUA
-49,59,-29,AGUA
-49,59,-24,AGUA
-49,59,-23,AGUA
-49,59,-26,AGUA
-51,629,-17,AGUA
-49,59,-25,AGUA
-49,59,-31,AGUA
-49,59,-30,AGUA
-49,59,-32,AGUA
-52,143,-17,AGUA
-63,76,-17,AGUA
-49,59,-17,AGUA
-58,497,-17,AGUA
-49,59,-19,AGUA
-49,59,-18,AGUA
-49,59,-20,AGUA
-64,469,-17,AGUA
-49,59,-22,AGUA
-49,59,-21,AGUA
-63,530,-17,AGUA
-55,321,-17,AGUA
-61,222,-17,AGUA
-51,356,-17,AGUA
-62,95,-17,AGUA
-49,609,-19,AGUA
-49,609,-18,AGUA
-49,609,-17,AGUA
-59,403,-32,AGUA
-56,367,-17,AGUA
-49,360,-32,AGUA
-49,360,-31,AGUA
-49,360,-30,AGUA
-59,403,-17,AGUA
-64,292,-17,AGUA
-50,392,-32,AGUA
-49,549,-19,AGUA
-49,549,-18,AGUA
-53,7,-17,AGUA
-60,672,-17,AGUA
-49,348,-30,AGUA
-49,549,-17,AGUA
-60,257,-17,AGUA
-49,348,-31,AGUA
-49,348,-26,AGUA
-49,360,-18,AGUA
-49,348,-27,AGUA
-49,360,-17,AGUA
-49,348,-24,AGUA
-49,549,-20,AGUA
-49,348,-25,AGUA
-49,348,-28,AGUA
-49,348,-29,AGUA
-49,360,-19,AGUA
-55,107,-17,AGUA
-62,83,-17,AGUA
-54,93,-17,AGUA
-55,379,-17,AGUA
-50,333,-17,AGUA
-49,360,-29,AGUA
-49,360,-28,AGUA
-49,360,-27,AGUA
-49,360,-26,AGUA
-64,553,-17,AGUA
-56,497,-17,AGUA
-49,360,-21,AGUA
-49,360,-20,AGUA
-49,360,-25,AGUA
-49,360,-24,AGUA
-49,360,-23,AGUA
-49,360,-22,AGUA
-49,47,-31,AGUA
-51,440,-32,AGUA
-49,47,-30,AGUA
-58,510,-17,AGUA
-49,549,-32,AGUA
-49,47,-28,AGUA
-49,47,-29,AGUA
-49,47,-24,AGUA
-49,47,-25,AGUA
-49,47,-26,AGUA
-49,47,-27,AGUA
-55,379,-32,AGUA
-51,6,-17,AGUA
-49,549,-29,AGUA
-54,617,-17,AGUA
-49,549,-26,AGUA
-49,549,-25,AGUA
-49,549,-28,AGUA
-49,549,-27,AGUA
-49,549,-22,AGUA
-49,348,-22,AGUA
-49,348,-23,AGUA
-49,549,-21,AGUA
-49,549,-24,AGUA
-49,348,-20,AGUA
-49,549,-23,AGUA
-49,348,-21,AGUA
-51,498,-17,AGUA
-49,549,-31,AGUA
-49,549,-30,AGUA
-49,348,-19,AGUA
-49,348,-17,AGUA
-49,348,-18,AGUA
-62,482,-17,AGUA
-55,391,-17,AGUA
-62,328,-17,AGUA
-57,189,-17,AGUA
-51,368,-17,AGUA
-52,404,-32,AGUA
-55,391,-32,AGUA
-63,660,-17,AGUA
-57,61,-17,AGUA
-57,131,-17,AGUA
-51,226,-17,AGUA
-49,490,-20,AGUA
-49,490,-21,AGUA
-49,490,-22,AGUA
-49,490,-23,AGUA
-49,490,-24,AGUA
-49,490,-25,AGUA
-49,490,-26,AGUA
-56,427,-32,AGUA
-62,340,-17,AGUA
-49,490,-27,AGUA
-49,490,-28,AGUA
-49,490,-29,AGUA
-55,249,-17,AGUA
-60,387,-32,AGUA
-54,23,-17,AGUA
-57,49,-17,AGUA
-64,339,-17,AGUA
-53,439,-32,AGUA
-61,636,-17,AGUA
-49,206,-30,AGUA
-49,490,-31,AGUA
-49,206,-31,AGUA
-49,490,-32,AGUA
-58,652,-17,AGUA
-49,206,-27,AGUA
-62,398,-17,AGUA
-49,206,-28,AGUA
-49,206,-29,AGUA
-49,206,-23,AGUA
-49,206,-24,AGUA
-49,206,-25,AGUA
-49,206,-26,AGUA
-56,427,-17,AGUA
-49,490,-30,AGUA
-54,321,-17,AGUA
-54,143,-17,AGUA
-49,420,-32,AGUA
-54,119,-17,AGUA
-49,420,-30,AGUA
-49,420,-31,AGUA
-56,79,-17,AGUA
-62,375,-32,AGUA
-60,387,-17,AGUA
-49,420,-29,AGUA
-60,565,-17,AGUA
-55,261,-17,AGUA
-64,210,-17,AGUA
-49,288,-28,AGUA
-49,288,-27,AGUA
-49,420,-17,AGUA
-49,288,-26,AGUA
-49,288,-25,AGUA
-49,288,-24,AGUA
-49,288,-23,AGUA
-49,288,-22,AGUA
-49,288,-21,AGUA
-49,288,-20,AGUA
-61,43,-17,AGUA
-62,375,-17,AGUA
-52,511,-17,AGUA
-53,249,-17,AGUA
-49,288,-19,AGUA
-49,288,-18,AGUA
-49,420,-27,AGUA
-49,288,-17,AGUA
-51,570,-17,AGUA
-49,420,-28,AGUA
-49,420,-25,AGUA
-49,420,-26,AGUA
-49,420,-23,AGUA
-49,420,-24,AGUA
-49,420,-21,AGUA
-49,420,-22,AGUA
-49,420,-20,AGUA
-63,316,-17,AGUA
-56,131,-17,AGUA
-59,355,-17,AGUA
-49,420,-18,AGUA
-49,420,-19,AGUA
-63,162,-17,AGUA
-56,605,-17,AGUA
-62,13,-17,AGUA
-58,592,-17,AGUA
-63,340,-17,AGUA
-51,78,-17,AGUA
-51,546,-17,AGUA
-49,71,-18,AGUA
-49,71,-19,AGUA
-49,71,-17,AGUA
-64,7,-17,AGUA
-53,273,-17,AGUA
-58,415,-32,AGUA
-62,400,-17,AGUA
-61,613,-17,AGUA
-51,463,-17,AGUA
-52,309,-17,AGUA
-62,553,-17,AGUA
-64,185,-17,AGUA
-61,506,-17,AGUA
-59,177,-17,AGUA
-50,203,-17,AGUA
-62,268,-17,AGUA
-49,71,-30,AGUA
-49,71,-31,AGUA
-58,415,-17,AGUA
-52,333,-17,AGUA
-56,107,-17,AGUA
-51,439,-17,AGUA
-49,71,-23,AGUA
-49,71,-24,AGUA
-63,138,-17,AGUA
-49,71,-21,AGUA
-49,71,-22,AGUA
-57,545,-17,AGUA
-49,71,-20,AGUA
-49,71,-29,AGUA
-49,71,-27,AGUA
-49,71,-28,AGUA
-49,71,-25,AGUA
-49,71,-26,AGUA
-49,573,-18,AGUA
-49,573,-17,AGUA
-49,395,-17,AGUA
-49,395,-18,AGUA
-49,395,-19,AGUA
-49,100,-30,AGUA
-49,100,-32,AGUA
-49,100,-31,AGUA
-54,404,-32,AGUA
-51,439,-32,AGUA
-59,675,-17,AGUA
-58,89,-17,AGUA
-60,648,-17,AGUA
-57,391,-32,AGUA
-61,588,-17,AGUA
-53,569,-17,AGUA
-58,308,-17,AGUA
-49,395,-30,AGUA
-49,395,-31,AGUA
-49,395,-32,AGUA
-51,250,-17,AGUA
-63,636,-17,AGUA
-63,423,-17,AGUA
-58,154,-17,AGUA
-61,530,-17,AGUA
-63,53,-17,AGUA
-49,100,-18,AGUA
-49,100,-17,AGUA
-49,100,-19,AGUA
-49,395,-20,AGUA
-49,395,-21,AGUA
-49,395,-22,AGUA
-49,395,-23,AGUA
-58,54,-17,AGUA
-49,395,-24,AGUA
-49,395,-25,AGUA
-49,395,-26,AGUA
-49,395,-27,AGUA
-49,395,-28,AGUA
-49,395,-29,AGUA
-64,398,-17,AGUA
-55,581,-17,AGUA
-49,100,-21,AGUA
-49,100,-20,AGUA
-49,100,-23,AGUA
-49,100,-22,AGUA
-49,100,-25,AGUA
-49,100,-24,AGUA
-49,100,-27,AGUA
-62,292,-17,AGUA
-49,100,-26,AGUA
-49,100,-29,AGUA
-49,100,-28,AGUA
-62,115,-17,AGUA
-53,53,-17,AGUA
-49,288,-32,AGUA
-49,288,-31,AGUA
-49,288,-30,AGUA
-50,523,-17,AGUA
-49,288,-29,AGUA
-49,573,-32,AGUA
-49,573,-31,AGUA
-49,573,-30,AGUA
-51,285,-17,AGUA
-64,69,-17,AGUA
-61,352,-17,AGUA
-63,601,-17,AGUA
-49,573,-21,AGUA
-49,573,-20,AGUA
-49,573,-29,AGUA
-49,573,-28,AGUA
-49,573,-27,AGUA
-49,573,-26,AGUA
-49,573,-25,AGUA
-57,391,-17,AGUA
-49,573,-24,AGUA
-49,573,-23,AGUA
-55,63,-17,AGUA
-49,573,-22,AGUA
-60,482,-17,AGUA
-49,680,-32,AGUA
-49,680,-31,AGUA
-49,680,-30,AGUA
-49,573,-19,AGUA
-62,588,-17,AGUA
-49,656,-21,AGUA
-49,656,-20,AGUA
-55,427,-32,AGUA
-49,656,-23,AGUA
-49,656,-22,AGUA
-50,285,-17,AGUA
-50,440,-32,AGUA
-50,416,-32,AGUA
-52,1,-17,AGUA
-49,680,-24,AGUA
-49,680,-23,AGUA
-49,680,-22,AGUA
-49,680,-21,AGUA
-49,680,-20,AGUA
-58,5,-17,AGUA
-49,656,-18,AGUA
-49,656,-17,AGUA
-49,680,-29,AGUA
-49,656,-19,AGUA
-49,680,-28,AGUA
-49,680,-27,AGUA
-49,680,-26,AGUA
-49,680,-25,AGUA
-56,391,-17,AGUA
-49,656,-32,AGUA
-49,656,-31,AGUA
-53,617,-17,AGUA
-60,305,-17,AGUA
-49,656,-30,AGUA
-61,245,-17,AGUA
-53,641,-17,AGUA
-60,352,-17,AGUA
-58,202,-17,AGUA
-54,581,-17,AGUA
-60,85,-17,AGUA
-49,656,-29,AGUA
-49,656,-28,AGUA
-55,427,-17,AGUA
-49,680,-19,AGUA
-49,680,-18,AGUA
-56,21,-17,AGUA
-49,656,-25,AGUA
-49,680,-17,AGUA
-49,656,-24,AGUA
-49,656,-27,AGUA
-49,656,-26,AGUA
-56,189,-17,AGUA
-51,178,-17,AGUA
-62,162,-17,AGUA
-51,333,-17,AGUA
-61,400,-17,AGUA
-52,569,-17,AGUA
-63,553,-17,AGUA
-57,237,-17,AGUA
-63,529,-17,AGUA
-62,636,-17,AGUA
-52,593,-17,AGUA
-58,675,-17,AGUA
-63,398,-17,AGUA
-58,332,-17,AGUA
-61,115,-17,AGUA
-51,20,-17,AGUA
-62,660,-17,AGUA
-49,526,-21,AGUA
-49,526,-20,AGUA
-64,576,-17,AGUA
-49,526,-19,AGUA
-56,391,-32,AGUA
-49,526,-18,AGUA
-49,526,-17,AGUA
-60,222,-17,AGUA
-49,313,-27,AGUA
-49,313,-26,AGUA
-49,313,-29,AGUA
-49,313,-28,AGUA
-54,249,-17,AGUA
-49,313,-30,AGUA
-49,313,-31,AGUA
-49,182,-17,AGUA
-61,197,-17,AGUA
-49,182,-18,AGUA
-49,182,-19,AGUA
-63,29,-17,AGUA
-55,557,-17,AGUA
-50,155,-17,AGUA
-49,313,-19,AGUA
-64,316,-17,AGUA
-49,313,-18,AGUA
-49,313,-17,AGUA
-49,313,-23,AGUA
-49,182,-24,AGUA
-49,182,-25,AGUA
-49,313,-22,AGUA
-49,313,-25,AGUA
-49,182,-26,AGUA
-49,182,-27,AGUA
-49,313,-24,AGUA
-49,182,-20,AGUA
-49,182,-21,AGUA
-49,313,-21,AGUA
-49,182,-22,AGUA
-49,182,-23,AGUA
-49,313,-20,AGUA
-49,182,-28,AGUA
-49,182,-29,AGUA
-62,60,-17,AGUA
-61,328,-17,AGUA
-49,182,-30,AGUA
-55,39,-17,AGUA
-49,182,-31,AGUA
-49,182,-32,AGUA
-56,261,-17,AGUA
-64,103,-17,AGUA
-51,203,-17,AGUA
-49,24,-25,AGUA
-49,24,-26,AGUA
-49,24,-27,AGUA
-49,24,-28,AGUA
-49,24,-29,AGUA
-64,446,-32,AGUA
-57,367,-17,AGUA
-49,24,-30,AGUA
-49,24,-31,AGUA
-63,268,-17,AGUA
-52,439,-17,AGUA
-54,379,-32,AGUA
-58,545,-17,AGUA
-62,506,-17,AGUA
-64,446,-17,AGUA
-52,13,-17,AGUA
-50,629,-17,AGUA
-59,438,-32,AGUA
-59,71,-17,AGUA
-53,143,-17,AGUA
-63,210,-17,AGUA
-49,24,-17,AGUA
-49,24,-18,AGUA
-49,24,-19,AGUA
-54,379,-17,AGUA
-49,24,-20,AGUA
-49,24,-21,AGUA
-49,24,-22,AGUA
-49,24,-23,AGUA
-52,380,-32,AGUA
-49,24,-24,AGUA
