73,173,-16,AGUA
79,200,-11,AGUA
79,200,-10,AGUA
79,200,-13,AGUA
79,200,-12,AGUA
79,200,-15,AGUA
79,200,-14,AGUA
79,200,-16,AGUA
67,162,-16,AGUA
79,335,-16,AGUA
66,57,-16,AGUA
67,36,-16,AGUA
79,67,-10,AGUA
79,67,-13,AGUA
79,67,-14,AGUA
79,67,-11,AGUA
79,67,-12,AGUA
79,67,-15,AGUA
79,67,-16,AGUA
79,594,-11,AGUA
79,594,-10,AGUA
79,594,-16,AGUA
79,594,-15,AGUA
79,594,-14,AGUA
79,594,-13,AGUA
79,594,-12,AGUA
79,293,-9,AGUA
79,293,-7,AGUA
79,293,-8,AGUA
79,293,-5,AGUA
79,293,-6,AGUA
79,293,-3,AGUA
79,293,-4,AGUA
75,56,-16,AGUA
79,293,-1,AGUA
79,293,-2,AGUA
73,51,-16,AGUA
79,281,-1,AGUA
79,281,-9,AGUA
79,281,-8,AGUA
79,281,-7,AGUA
79,281,-6,AGUA
79,281,-5,AGUA
79,281,-4,AGUA
79,281,-3,AGUA
79,281,-2,AGUA
79,159,-16,AGUA
72,147,-16,AGUA
79,256,-9,AGUA
79,256,-8,AGUA
79,256,-7,AGUA
79,256,-6,AGUA
79,256,-5,AGUA
79,256,-4,AGUA
79,256,-3,AGUA
79,256,-2,AGUA
79,256,-1,AGUA
79,268,-9,AGUA
79,268,-7,AGUA
79,268,-8,AGUA
79,268,-5,AGUA
79,268,-6,AGUA
79,268,-3,AGUA
79,268,-4,AGUA
79,268,-1,AGUA
79,268,-2,AGUA
75,141,-16,AGUA
67,126,-16,AGUA
79,303,-9,AGUA
79,303,-5,AGUA
79,303,-6,AGUA
79,303,-7,AGUA
79,303,-8,AGUA
79,303,-1,AGUA
79,232,-1,AGUA
79,303,-2,AGUA
79,303,-3,AGUA
79,232,-3,AGUA
79,232,-2,AGUA
79,303,-4,AGUA
79,232,-5,AGUA
79,232,-4,AGUA
79,232,-7,AGUA
79,232,-6,AGUA
79,232,-9,AGUA
79,232,-8,AGUA
79,244,-9,AGUA
79,315,-9,AGUA
79,315,-8,AGUA
79,315,-7,AGUA
79,315,-6,AGUA
79,315,-1,AGUA
79,244,-1,AGUA
79,244,-2,AGUA
79,244,-3,AGUA
79,244,-4,AGUA
79,315,-5,AGUA
79,244,-5,AGUA
79,315,-4,AGUA
79,244,-6,AGUA
79,315,-3,AGUA
79,244,-7,AGUA
79,315,-2,AGUA
79,244,-8,AGUA
79,219,-9,AGUA
79,219,-1,AGUA
79,219,-2,AGUA
79,219,-3,AGUA
79,219,-4,AGUA
79,219,-5,AGUA
79,219,-6,AGUA
79,219,-7,AGUA
79,219,-8,AGUA
79,160,-16,AGUA
79,220,-9,AGUA
79,220,-7,AGUA
79,220,-8,AGUA
79,220,-1,AGUA
79,220,-2,AGUA
79,220,-5,AGUA
79,220,-6,AGUA
78,170,-16,AGUA
79,220,-3,AGUA
79,220,-4,AGUA
70,66,-16,AGUA
79,207,-9,AGUA
79,207,-8,AGUA
79,207,-1,AGUA
79,207,-3,AGUA
79,207,-2,AGUA
79,207,-5,AGUA
79,207,-4,AGUA
79,207,-7,AGUA
79,207,-6,AGUA
72,159,-16,AGUA
74,163,-16,AGUA
75,68,-16,AGUA
69,165,-16,AGUA
79,295,-16,AGUA
78,169,-16,AGUA
79,471,-16,AGUA
76,71,-16,AGUA
70,132,-16,AGUA
78,122,-16,AGUA
69,129,-16,AGUA
73,137,-16,AGUA
73,161,-16,AGUA
79,371,-16,AGUA
77,144,-16,AGUA
79,300,-15,AGUA
79,300,-14,AGUA
79,300,-13,AGUA
79,300,-12,AGUA
79,300,-11,AGUA
79,300,-10,AGUA
79,582,-11,AGUA
79,582,-12,AGUA
79,582,-10,AGUA
79,582,-15,AGUA
79,558,-12,AGUA
79,558,-13,AGUA
79,558,-14,AGUA
79,582,-13,AGUA
79,582,-14,AGUA
79,558,-15,AGUA
77,62,-16,AGUA
79,558,-10,AGUA
79,558,-11,AGUA
79,458,-15,AGUA
79,458,-13,AGUA
79,458,-14,AGUA
79,511,-16,AGUA
79,458,-11,AGUA
79,458,-12,AGUA
79,458,-10,AGUA
74,77,-16,AGUA
69,42,-16,AGUA
76,166,-16,AGUA
75,44,-16,AGUA
79,91,-12,AGUA
79,91,-13,AGUA
79,91,-14,AGUA
79,91,-15,AGUA
79,91,-10,AGUA
79,91,-11,AGUA
67,60,-16,AGUA
77,49,-16,AGUA
79,112,-9,AGUA
79,112,-1,AGUA
79,112,-2,AGUA
79,112,-3,AGUA
79,112,-4,AGUA
79,112,-5,AGUA
79,112,-6,AGUA
79,112,-7,AGUA
79,112,-8,AGUA
79,271,-16,AGUA
77,74,-16,AGUA
79,100,-1,AGUA
79,100,-3,AGUA
79,100,-2,AGUA
79,100,-5,AGUA
79,100,-4,AGUA
79,100,-7,AGUA
79,100,-6,AGUA
79,100,-9,AGUA
79,100,-8,AGUA
79,173,-1,AGUA
79,173,-3,AGUA
79,173,-2,AGUA
79,173,-9,AGUA
79,173,-8,AGUA
79,173,-5,AGUA
79,173,-4,AGUA
79,173,-7,AGUA
79,173,-6,AGUA
79,185,-9,AGUA
79,185,-5,AGUA
79,185,-6,AGUA
79,185,-7,AGUA
79,185,-8,AGUA
79,185,-1,AGUA
79,185,-2,AGUA
79,185,-3,AGUA
79,185,-4,AGUA
79,197,-1,AGUA
79,197,-5,AGUA
79,197,-4,AGUA
70,120,-16,AGUA
79,197,-3,AGUA
79,197,-2,AGUA
79,197,-9,AGUA
79,197,-8,AGUA
79,197,-7,AGUA
79,197,-6,AGUA
77,168,-16,AGUA
70,54,-16,AGUA
69,142,-16,AGUA
78,146,-16,AGUA
79,494,-10,AGUA
79,494,-12,AGUA
79,494,-11,AGUA
79,494,-14,AGUA
79,494,-13,AGUA
79,494,-15,AGUA
77,132,-16,AGUA
67,138,-16,AGUA
70,156,-16,AGUA
79,235,-16,AGUA
76,131,-16,AGUA
78,64,-16,AGUA
79,98,-1,AGUA
79,98,-8,AGUA
79,98,-9,AGUA
79,98,-6,AGUA
79,98,-7,AGUA
79,98,-4,AGUA
79,98,-5,AGUA
79,98,-2,AGUA
79,98,-3,AGUA
74,42,-16,AGUA
73,63,-16,AGUA
78,76,-16,AGUA
75,153,-16,AGUA
66,69,-16,AGUA
69,65,-16,AGUA
79,359,-16,AGUA
73,125,-16,AGUA
76,47,-16,AGUA
74,138,-16,AGUA
67,59,-16,AGUA
79,570,-11,AGUA
79,570,-10,AGUA
79,570,-13,AGUA
79,570,-12,AGUA
79,570,-15,AGUA
79,570,-14,AGUA
79,570,-16,AGUA
79,86,-8,AGUA
79,86,-7,AGUA
79,86,-6,AGUA
79,86,-5,AGUA
79,86,-4,AGUA
79,136,-16,AGUA
79,86,-3,AGUA
79,86,-2,AGUA
79,86,-1,AGUA
79,86,-9,AGUA
79,74,-8,AGUA
79,74,-9,AGUA
79,74,-1,AGUA
79,74,-2,AGUA
79,74,-3,AGUA
79,74,-4,AGUA
79,74,-5,AGUA
79,74,-6,AGUA
79,74,-7,AGUA
79,506,-1,AGUA
79,62,-2,AGUA
79,62,-1,AGUA
79,62,-4,AGUA
79,62,-3,AGUA
79,62,-6,AGUA
79,62,-5,AGUA
79,62,-8,AGUA
79,62,-7,AGUA
79,62,-9,AGUA
79,546,-12,AGUA
79,546,-11,AGUA
79,546,-10,AGUA
79,546,-15,AGUA
79,546,-14,AGUA
79,546,-13,AGUA
77,37,-16,AGUA
79,531,-9,AGUA
79,531,-8,AGUA
79,531,-7,AGUA
79,531,-6,AGUA
79,531,-5,AGUA
79,531,-4,AGUA
79,531,-3,AGUA
79,531,-2,AGUA
79,531,-1,AGUA
79,543,-9,AGUA
79,543,-7,AGUA
79,543,-8,AGUA
79,486,-9,AGUA
79,543,-5,AGUA
79,543,-6,AGUA
79,543,-3,AGUA
79,543,-4,AGUA
67,150,-16,AGUA
79,543,-1,AGUA
79,543,-2,AGUA
79,486,-4,AGUA
79,486,-3,AGUA
79,486,-2,AGUA
79,486,-1,AGUA
79,486,-8,AGUA
79,486,-7,AGUA
79,486,-6,AGUA
79,486,-5,AGUA
79,474,-4,AGUA
79,474,-5,AGUA
79,474,-6,AGUA
72,171,-16,AGUA
79,474,-7,AGUA
79,474,-1,AGUA
79,474,-2,AGUA
79,474,-3,AGUA
79,474,-8,AGUA
79,474,-9,AGUA
76,154,-16,AGUA
79,506,-9,AGUA
79,506,-8,AGUA
79,506,-7,AGUA
79,506,-6,AGUA
79,506,-5,AGUA
79,506,-4,AGUA
79,506,-3,AGUA
79,506,-2,AGUA
79,518,-1,AGUA
79,518,-2,AGUA
79,498,-1,AGUA
79,580,-1,AGUA
79,498,-4,AGUA
79,498,-5,AGUA
79,498,-2,AGUA
79,580,-3,AGUA
79,580,-2,AGUA
79,498,-3,AGUA
79,498,-8,AGUA
79,498,-9,AGUA
79,498,-6,AGUA
79,498,-7,AGUA
79,580,-9,AGUA
79,580,-8,AGUA
79,580,-5,AGUA
79,580,-4,AGUA
79,580,-7,AGUA
79,580,-6,AGUA
79,518,-9,AGUA
79,518,-7,AGUA
79,518,-8,AGUA
79,518,-5,AGUA
79,518,-6,AGUA
79,518,-3,AGUA
79,518,-4,AGUA
79,425,-8,AGUA
79,425,-9,AGUA
79,425,-6,AGUA
79,425,-7,AGUA
79,425,-4,AGUA
79,425,-5,AGUA
79,425,-2,AGUA
79,425,-3,AGUA
79,425,-1,AGUA
79,79,-15,AGUA
79,79,-14,AGUA
79,79,-13,AGUA
79,79,-12,AGUA
79,79,-11,AGUA
79,79,-10,AGUA
79,437,-8,AGUA
79,437,-7,AGUA
79,437,-9,AGUA
79,437,-4,AGUA
79,437,-3,AGUA
79,437,-6,AGUA
79,437,-5,AGUA
79,437,-2,AGUA
79,437,-1,AGUA
79,579,-9,AGUA
79,579,-8,AGUA
79,579,-7,AGUA
79,579,-6,AGUA
79,579,-1,AGUA
79,579,-5,AGUA
79,579,-4,AGUA
79,579,-3,AGUA
79,579,-2,AGUA
74,65,-16,AGUA
79,567,-9,AGUA
79,567,-5,AGUA
79,567,-6,AGUA
78,41,-16,AGUA
79,567,-7,AGUA
79,567,-8,AGUA
79,567,-1,AGUA
79,450,-4,AGUA
79,567,-2,AGUA
79,450,-5,AGUA
79,450,-2,AGUA
79,567,-3,AGUA
79,567,-4,AGUA
79,450,-3,AGUA
79,450,-1,AGUA
79,450,-8,AGUA
79,449,-8,AGUA
79,450,-9,AGUA
79,449,-9,AGUA
79,450,-6,AGUA
79,450,-7,AGUA
79,449,-4,AGUA
79,449,-5,AGUA
79,449,-6,AGUA
79,449,-7,AGUA
79,449,-1,AGUA
79,449,-2,AGUA
79,449,-3,AGUA
79,183,-16,AGUA
79,462,-8,AGUA
79,462,-7,AGUA
79,462,-9,AGUA
79,212,-11,AGUA
79,212,-12,AGUA
79,212,-10,AGUA
79,212,-15,AGUA
79,212,-13,AGUA
79,212,-14,AGUA
79,462,-4,AGUA
79,462,-3,AGUA
79,462,-6,AGUA
79,462,-5,AGUA
79,462,-2,AGUA
79,462,-1,AGUA
79,555,-9,AGUA
79,555,-8,AGUA
79,555,-5,AGUA
79,555,-4,AGUA
79,555,-7,AGUA
79,555,-6,AGUA
79,555,-1,AGUA
79,555,-3,AGUA
79,555,-2,AGUA
79,171,-1,AGUA
79,171,-6,AGUA
79,171,-7,AGUA
79,171,-8,AGUA
79,171,-9,AGUA
79,171,-2,AGUA
79,171,-3,AGUA
79,171,-4,AGUA
79,171,-5,AGUA
79,360,-11,AGUA
79,360,-12,AGUA
79,360,-13,AGUA
79,360,-14,AGUA
79,360,-10,AGUA
79,360,-15,AGUA
79,183,-6,AGUA
79,183,-5,AGUA
72,47,-16,AGUA
79,183,-4,AGUA
79,183,-3,AGUA
79,183,-9,AGUA
79,183,-8,AGUA
79,183,-7,AGUA
67,137,-16,AGUA
79,183,-2,AGUA
79,183,-1,AGUA
74,140,-16,AGUA
75,45,-16,AGUA
79,122,-8,AGUA
79,122,-9,AGUA
79,122,-6,AGUA
79,122,-7,AGUA
79,122,-4,AGUA
79,122,-5,AGUA
79,122,-2,AGUA
79,122,-3,AGUA
79,122,-1,AGUA
74,66,-16,AGUA
79,195,-2,AGUA
79,195,-3,AGUA
79,195,-1,AGUA
79,195,-6,AGUA
79,195,-7,AGUA
79,195,-4,AGUA
79,195,-5,AGUA
79,195,-8,AGUA
79,195,-9,AGUA
79,110,-6,AGUA
79,110,-5,AGUA
79,110,-4,AGUA
79,110,-3,AGUA
79,110,-2,AGUA
79,110,-1,AGUA
79,110,-9,AGUA
79,110,-8,AGUA
79,110,-7,AGUA
77,133,-16,AGUA
79,346,-16,AGUA
79,346,-15,AGUA
79,346,-14,AGUA
79,346,-13,AGUA
79,346,-12,AGUA
79,346,-11,AGUA
79,346,-10,AGUA
79,109,-6,AGUA
79,109,-5,AGUA
79,109,-8,AGUA
79,109,-7,AGUA
79,109,-2,AGUA
79,109,-1,AGUA
79,109,-4,AGUA
79,109,-3,AGUA
79,109,-9,AGUA
79,171,-16,AGUA
75,129,-16,AGUA
66,125,-16,AGUA
70,55,-16,AGUA
79,101,-10,AGUA
79,101,-11,AGUA
79,101,-12,AGUA
79,101,-13,AGUA
79,101,-14,AGUA
79,101,-15,AGUA
79,272,-15,AGUA
79,272,-14,AGUA
79,272,-13,AGUA
79,272,-12,AGUA
79,272,-11,AGUA
79,272,-10,AGUA
76,130,-16,AGUA
69,53,-16,AGUA
70,168,-16,AGUA
75,165,-16,AGUA
76,58,-16,AGUA
66,161,-16,AGUA
77,167,-16,AGUA
79,236,-11,AGUA
79,236,-12,AGUA
79,236,-13,AGUA
79,236,-14,AGUA
69,154,-16,AGUA
79,236,-10,AGUA
79,236,-15,AGUA
78,77,-16,AGUA
75,67,-16,AGUA
69,166,-16,AGUA
78,158,-16,AGUA
67,61,-16,AGUA
79,434,-15,AGUA
79,434,-16,AGUA
79,434,-11,AGUA
79,434,-12,AGUA
76,46,-16,AGUA
79,434,-13,AGUA
79,434,-14,AGUA
79,434,-10,AGUA
76,142,-16,AGUA
79,224,-16,AGUA
70,67,-16,AGUA
79,224,-11,AGUA
79,224,-10,AGUA
79,224,-15,AGUA
79,224,-14,AGUA
79,224,-13,AGUA
79,224,-12,AGUA
77,51,-16,AGUA
79,135,-16,AGUA
79,205,-6,AGUA
79,205,-7,AGUA
79,205,-8,AGUA
79,205,-9,AGUA
79,205,-1,AGUA
79,205,-2,AGUA
79,205,-3,AGUA
79,205,-4,AGUA
79,205,-5,AGUA
79,400,-13,AGUA
79,400,-12,AGUA
79,400,-15,AGUA
79,400,-14,AGUA
79,400,-11,AGUA
79,400,-10,AGUA
74,139,-16,AGUA
79,44,-16,AGUA
73,75,-16,AGUA
70,143,-16,AGUA
79,547,-16,AGUA
66,173,-16,AGUA
78,133,-16,AGUA
72,59,-16,AGUA
67,149,-16,AGUA
79,508,-1,AGUA
79,508,-2,AGUA
79,508,-3,AGUA
79,508,-4,AGUA
79,508,-5,AGUA
79,508,-6,AGUA
79,508,-7,AGUA
79,508,-8,AGUA
79,508,-9,AGUA
79,395,-16,AGUA
67,173,-16,AGUA
79,469,-16,AGUA
79,460,-9,AGUA
79,460,-5,AGUA
79,460,-6,AGUA
79,460,-7,AGUA
79,460,-8,AGUA
79,500,-10,AGUA
79,500,-14,AGUA
79,500,-13,AGUA
79,500,-12,AGUA
79,500,-11,AGUA
79,500,-16,AGUA
79,500,-15,AGUA
79,460,-1,AGUA
79,460,-2,AGUA
70,119,-16,AGUA
79,460,-3,AGUA
79,460,-4,AGUA
79,459,-9,AGUA
79,459,-7,AGUA
79,459,-8,AGUA
79,482,-10,AGUA
79,482,-11,AGUA
79,482,-12,AGUA
79,482,-13,AGUA
79,482,-14,AGUA
79,472,-1,AGUA
79,459,-1,AGUA
79,482,-15,AGUA
79,459,-2,AGUA
79,472,-5,AGUA
79,459,-5,AGUA
79,472,-4,AGUA
79,459,-6,AGUA
79,472,-3,AGUA
79,459,-3,AGUA
79,472,-2,AGUA
79,459,-4,AGUA
79,472,-9,AGUA
79,472,-8,AGUA
79,472,-7,AGUA
79,472,-6,AGUA
79,557,-8,AGUA
79,557,-9,AGUA
79,557,-6,AGUA
79,557,-7,AGUA
79,557,-4,AGUA
79,557,-5,AGUA
79,557,-2,AGUA
79,557,-3,AGUA
79,557,-1,AGUA
64,625,-9,AGUA
64,625,-5,AGUA
64,625,-4,AGUA
64,625,-7,AGUA
64,625,-6,AGUA
64,625,-1,AGUA
64,625,-3,AGUA
64,625,-2,AGUA
79,545,-9,AGUA
79,545,-8,AGUA
79,545,-7,AGUA
79,545,-6,AGUA
79,545,-5,AGUA
79,545,-4,AGUA
79,545,-3,AGUA
79,545,-2,AGUA
79,545,-1,AGUA
79,496,-1,AGUA
79,496,-3,AGUA
79,496,-2,AGUA
79,496,-5,AGUA
79,496,-4,AGUA
79,496,-7,AGUA
79,496,-6,AGUA
79,496,-9,AGUA
79,496,-8,AGUA
75,130,-16,AGUA
79,521,-2,AGUA
79,521,-1,AGUA
79,521,-4,AGUA
79,521,-3,AGUA
79,521,-6,AGUA
79,521,-5,AGUA
79,521,-8,AGUA
79,521,-7,AGUA
79,521,-9,AGUA
79,533,-1,AGUA
79,533,-2,AGUA
79,533,-3,AGUA
79,533,-4,AGUA
79,533,-5,AGUA
79,533,-6,AGUA
79,533,-7,AGUA
79,533,-8,AGUA
79,533,-9,AGUA
79,78,-16,AGUA
79,484,-9,AGUA
79,484,-7,AGUA
79,484,-8,AGUA
79,484,-1,AGUA
79,484,-2,AGUA
79,484,-5,AGUA
79,484,-6,AGUA
79,484,-3,AGUA
79,484,-4,AGUA
76,165,-16,AGUA
79,435,-9,AGUA
79,435,-5,AGUA
70,43,-16,AGUA
79,435,-6,AGUA
79,435,-7,AGUA
79,435,-8,AGUA
79,435,-1,AGUA
79,435,-2,AGUA
79,435,-3,AGUA
79,435,-4,AGUA
79,570,-9,AGUA
79,570,-8,AGUA
79,570,-7,AGUA
79,570,-6,AGUA
79,570,-5,AGUA
79,570,-4,AGUA
79,570,-3,AGUA
79,570,-2,AGUA
79,570,-1,AGUA
79,569,-8,AGUA
79,569,-7,AGUA
79,569,-9,AGUA
79,569,-4,AGUA
79,569,-3,AGUA
79,569,-6,AGUA
79,569,-5,AGUA
79,569,-2,AGUA
79,569,-1,AGUA
79,447,-9,AGUA
79,447,-8,AGUA
79,447,-7,AGUA
79,447,-6,AGUA
79,447,-1,AGUA
79,447,-5,AGUA
79,447,-4,AGUA
79,447,-3,AGUA
79,447,-2,AGUA
78,53,-16,AGUA
77,63,-16,AGUA
79,582,-4,AGUA
79,582,-5,AGUA
79,582,-2,AGUA
79,582,-3,AGUA
79,582,-1,AGUA
79,582,-8,AGUA
79,582,-9,AGUA
79,582,-6,AGUA
79,582,-7,AGUA
79,423,-9,AGUA
79,423,-8,AGUA
79,423,-5,AGUA
79,423,-4,AGUA
79,423,-7,AGUA
79,423,-6,AGUA
79,423,-1,AGUA
79,423,-3,AGUA
79,423,-2,AGUA
79,594,-8,AGUA
79,594,-7,AGUA
79,594,-9,AGUA
75,142,-16,AGUA
69,128,-16,AGUA
72,71,-16,AGUA
79,594,-4,AGUA
79,594,-3,AGUA
79,594,-6,AGUA
79,594,-5,AGUA
79,594,-2,AGUA
79,594,-1,AGUA
79,411,-9,AGUA
79,411,-7,AGUA
79,411,-8,AGUA
79,411,-5,AGUA
79,411,-6,AGUA
79,411,-3,AGUA
79,411,-4,AGUA
79,411,-1,AGUA
79,411,-2,AGUA
67,48,-16,AGUA
79,260,-16,AGUA
79,260,-14,AGUA
79,260,-15,AGUA
79,260,-12,AGUA
79,260,-13,AGUA
79,260,-10,AGUA
79,260,-11,AGUA
66,137,-16,AGUA
79,147,-16,AGUA
78,171,-16,AGUA
66,149,-16,AGUA
77,121,-16,AGUA
79,334,-14,AGUA
79,334,-15,AGUA
79,334,-12,AGUA
79,334,-13,AGUA
79,334,-10,AGUA
79,334,-11,AGUA
79,388,-9,AGUA
79,388,-8,AGUA
79,388,-7,AGUA
79,388,-6,AGUA
79,388,-5,AGUA
79,388,-4,AGUA
79,388,-3,AGUA
79,388,-2,AGUA
79,388,-1,AGUA
78,121,-16,AGUA
79,364,-1,AGUA
79,364,-3,AGUA
79,364,-2,AGUA
79,364,-5,AGUA
79,364,-4,AGUA
79,364,-7,AGUA
79,364,-6,AGUA
79,364,-9,AGUA
79,364,-8,AGUA
77,156,-16,AGUA
79,376,-9,AGUA
69,41,-16,AGUA
79,55,-11,AGUA
79,55,-10,AGUA
79,55,-13,AGUA
79,55,-12,AGUA
79,55,-15,AGUA
79,55,-14,AGUA
79,376,-1,AGUA
79,376,-2,AGUA
79,376,-3,AGUA
79,376,-4,AGUA
79,376,-5,AGUA
79,376,-6,AGUA
79,376,-7,AGUA
79,376,-8,AGUA
79,446,-11,AGUA
79,446,-10,AGUA
79,446,-13,AGUA
79,446,-12,AGUA
79,446,-15,AGUA
79,446,-14,AGUA
79,339,-9,AGUA
79,339,-8,AGUA
79,339,-1,AGUA
79,339,-3,AGUA
79,339,-2,AGUA
79,339,-5,AGUA
79,339,-4,AGUA
79,339,-7,AGUA
79,339,-6,AGUA
74,54,-16,AGUA
79,327,-9,AGUA
79,327,-7,AGUA
79,327,-8,AGUA
79,327,-1,AGUA
79,327,-2,AGUA
79,327,-5,AGUA
79,327,-6,AGUA
79,327,-3,AGUA
79,327,-4,AGUA
76,70,-16,AGUA
78,65,-16,AGUA
79,372,-11,AGUA
79,352,-9,AGUA
79,372,-10,AGUA
79,372,-13,AGUA
79,352,-7,AGUA
79,372,-12,AGUA
79,352,-8,AGUA
79,372,-15,AGUA
79,372,-14,AGUA
79,352,-1,AGUA
79,352,-2,AGUA
79,352,-5,AGUA
79,352,-6,AGUA
79,352,-3,AGUA
79,352,-4,AGUA
79,340,-1,AGUA
79,340,-5,AGUA
79,340,-4,AGUA
79,340,-3,AGUA
79,340,-2,AGUA
79,340,-9,AGUA
79,340,-8,AGUA
79,340,-7,AGUA
79,340,-6,AGUA
74,151,-16,AGUA
67,72,-16,AGUA
74,127,-16,AGUA
79,194,-14,AGUA
79,194,-15,AGUA
79,194,-12,AGUA
79,194,-13,AGUA
79,194,-10,AGUA
79,194,-11,AGUA
69,143,-16,AGUA
79,470,-15,AGUA
79,470,-14,AGUA
79,470,-13,AGUA
79,470,-12,AGUA
79,470,-11,AGUA
79,470,-10,AGUA
70,131,-16,AGUA
79,512,-14,AGUA
79,512,-15,AGUA
79,512,-10,AGUA
79,512,-11,AGUA
79,512,-12,AGUA
79,512,-13,AGUA
79,604,-9,AGUA
79,604,-4,AGUA
79,604,-3,AGUA
79,604,-2,AGUA
79,604,-1,AGUA
79,604,-8,AGUA
79,604,-7,AGUA
79,604,-6,AGUA
79,604,-5,AGUA
77,48,-16,AGUA
67,161,-16,AGUA
79,283,-16,AGUA
79,560,-1,AGUA
79,560,-3,AGUA
79,560,-2,AGUA
79,560,-5,AGUA
79,560,-4,AGUA
70,44,-16,AGUA
79,560,-7,AGUA
79,560,-6,AGUA
79,560,-9,AGUA
75,70,-16,AGUA
79,560,-8,AGUA
79,584,-7,AGUA
79,584,-6,AGUA
79,584,-5,AGUA
79,584,-4,AGUA
79,584,-3,AGUA
79,584,-2,AGUA
79,584,-1,AGUA
79,584,-9,AGUA
79,584,-8,AGUA
77,131,-16,AGUA
79,173,-16,AGUA
79,559,-9,AGUA
79,559,-8,AGUA
79,559,-7,AGUA
79,559,-6,AGUA
79,559,-5,AGUA
79,559,-4,AGUA
79,559,-3,AGUA
79,559,-2,AGUA
79,559,-1,AGUA
79,596,-9,AGUA
72,161,-16,AGUA
79,596,-7,AGUA
79,596,-8,AGUA
79,596,-5,AGUA
79,596,-6,AGUA
79,596,-3,AGUA
79,596,-4,AGUA
79,596,-1,AGUA
79,596,-2,AGUA
79,547,-1,AGUA
79,547,-2,AGUA
79,547,-3,AGUA
79,547,-4,AGUA
79,547,-5,AGUA
79,547,-6,AGUA
79,547,-7,AGUA
79,547,-8,AGUA
79,547,-9,AGUA
79,409,-16,AGUA
79,535,-1,AGUA
79,535,-3,AGUA
79,535,-2,AGUA
79,535,-5,AGUA
79,535,-4,AGUA
79,535,-7,AGUA
79,535,-6,AGUA
79,535,-9,AGUA
79,535,-8,AGUA
67,50,-16,AGUA
66,123,-16,AGUA
79,493,-16,AGUA
78,147,-16,AGUA
79,175,-4,AGUA
79,175,-5,AGUA
79,175,-2,AGUA
79,175,-3,AGUA
79,175,-1,AGUA
79,175,-8,AGUA
79,175,-9,AGUA
79,175,-6,AGUA
79,175,-7,AGUA
69,55,-16,AGUA
79,187,-8,AGUA
79,187,-7,AGUA
79,187,-9,AGUA
79,187,-4,AGUA
79,187,-3,AGUA
79,187,-6,AGUA
79,187,-5,AGUA
79,187,-2,AGUA
79,187,-1,AGUA
79,572,-7,AGUA
79,572,-8,AGUA
79,572,-9,AGUA
72,125,-16,AGUA
79,572,-1,AGUA
79,572,-2,AGUA
79,572,-3,AGUA
79,572,-4,AGUA
79,572,-5,AGUA
79,572,-6,AGUA
73,37,-16,AGUA
77,39,-16,AGUA
76,144,-16,AGUA
75,154,-16,AGUA
70,166,-16,AGUA
74,149,-16,AGUA
79,114,-2,AGUA
79,114,-1,AGUA
79,114,-4,AGUA
79,114,-3,AGUA
79,114,-6,AGUA
79,114,-5,AGUA
79,114,-8,AGUA
79,114,-7,AGUA
79,114,-9,AGUA
79,102,-1,AGUA
79,102,-4,AGUA
79,102,-5,AGUA
79,102,-2,AGUA
79,102,-3,AGUA
79,102,-8,AGUA
79,102,-9,AGUA
79,102,-6,AGUA
69,152,-16,AGUA
79,102,-7,AGUA
67,49,-16,AGUA
79,545,-16,AGUA
79,54,-16,AGUA
66,171,-16,AGUA
78,159,-16,AGUA
76,132,-16,AGUA
79,322,-14,AGUA
79,322,-13,AGUA
79,322,-16,AGUA
79,488,-1,AGUA
79,322,-15,AGUA
79,488,-2,AGUA
79,322,-10,AGUA
79,322,-12,AGUA
79,322,-11,AGUA
79,488,-7,AGUA
79,488,-8,AGUA
79,488,-9,AGUA
79,488,-3,AGUA
79,488,-4,AGUA
79,488,-5,AGUA
79,488,-6,AGUA
79,89,-15,AGUA
69,76,-16,AGUA
79,89,-10,AGUA
79,89,-11,AGUA
79,89,-12,AGUA
79,89,-13,AGUA
79,89,-14,AGUA
78,66,-16,AGUA
74,137,-16,AGUA
79,439,-9,AGUA
79,439,-7,AGUA
79,439,-8,AGUA
79,439,-5,AGUA
79,439,-6,AGUA
79,439,-3,AGUA
79,439,-4,AGUA
79,439,-1,AGUA
79,439,-2,AGUA
70,145,-16,AGUA
79,440,-7,AGUA
79,440,-8,AGUA
79,440,-9,AGUA
79,440,-1,AGUA
79,440,-2,AGUA
79,440,-3,AGUA
79,440,-4,AGUA
79,440,-5,AGUA
79,427,-9,AGUA
79,440,-6,AGUA
79,427,-8,AGUA
79,427,-7,AGUA
79,427,-6,AGUA
79,427,-5,AGUA
79,427,-4,AGUA
79,427,-3,AGUA
79,427,-2,AGUA
79,427,-1,AGUA
70,56,-16,AGUA
79,452,-7,AGUA
79,452,-6,AGUA
79,452,-5,AGUA
79,452,-4,AGUA
79,452,-3,AGUA
79,452,-2,AGUA
79,452,-1,AGUA
79,452,-9,AGUA
79,452,-8,AGUA
79,199,-4,AGUA
79,199,-5,AGUA
79,199,-6,AGUA
79,199,-7,AGUA
79,199,-1,AGUA
79,199,-2,AGUA
79,199,-3,AGUA
79,415,-1,AGUA
79,415,-2,AGUA
79,415,-3,AGUA
79,199,-8,AGUA
79,415,-4,AGUA
79,199,-9,AGUA
79,415,-5,AGUA
79,415,-6,AGUA
79,415,-7,AGUA
79,415,-8,AGUA
79,415,-9,AGUA
79,464,-9,AGUA
79,464,-7,AGUA
79,464,-8,AGUA
79,464,-5,AGUA
79,464,-6,AGUA
79,464,-3,AGUA
79,464,-4,AGUA
79,464,-1,AGUA
79,464,-2,AGUA
79,476,-1,AGUA
79,403,-1,AGUA
79,600,-11,AGUA
79,403,-3,AGUA
79,600,-10,AGUA
79,403,-2,AGUA
79,600,-13,AGUA
79,403,-5,AGUA
79,600,-12,AGUA
79,403,-4,AGUA
79,476,-7,AGUA
79,403,-7,AGUA
79,476,-6,AGUA
79,403,-6,AGUA
79,476,-9,AGUA
79,403,-9,AGUA
79,476,-8,AGUA
79,403,-8,AGUA
79,476,-3,AGUA
79,476,-2,AGUA
79,476,-5,AGUA
79,476,-4,AGUA
79,600,-15,AGUA
79,600,-14,AGUA
79,600,-16,AGUA
69,131,-16,AGUA
78,42,-16,AGUA
76,69,-16,AGUA
79,213,-16,AGUA
79,384,-11,AGUA
79,384,-12,AGUA
79,384,-10,AGUA
79,384,-15,AGUA
79,384,-16,AGUA
79,384,-13,AGUA
79,384,-14,AGUA
74,64,-16,AGUA
79,568,-14,AGUA
79,568,-13,AGUA
79,568,-16,AGUA
79,568,-15,AGUA
79,568,-10,AGUA
79,568,-12,AGUA
79,568,-11,AGUA
67,37,-16,AGUA
78,160,-16,AGUA
72,73,-16,AGUA
74,150,-16,AGUA
67,172,-16,AGUA
79,509,-16,AGUA
79,422,-11,AGUA
79,422,-10,AGUA
79,422,-15,AGUA
79,422,-14,AGUA
79,422,-13,AGUA
79,422,-12,AGUA
79,422,-16,AGUA
67,125,-16,AGUA
75,166,-16,AGUA
79,248,-15,AGUA
79,248,-14,AGUA
79,248,-16,AGUA
79,248,-11,AGUA
79,248,-10,AGUA
79,248,-13,AGUA
79,248,-12,AGUA
72,137,-16,AGUA
66,135,-16,AGUA
79,161,-16,AGUA
79,307,-9,AGUA
79,307,-7,AGUA
79,307,-8,AGUA
79,307,-5,AGUA
79,307,-6,AGUA
79,307,-3,AGUA
79,307,-4,AGUA
79,307,-1,AGUA
79,307,-2,AGUA
70,133,-16,AGUA
69,164,-16,AGUA
79,319,-7,AGUA
79,319,-6,AGUA
79,319,-9,AGUA
79,319,-8,AGUA
79,319,-3,AGUA
79,319,-2,AGUA
79,319,-5,AGUA
79,319,-4,AGUA
79,319,-1,AGUA
74,52,-16,AGUA
79,332,-9,AGUA
79,332,-7,AGUA
79,332,-8,AGUA
79,332,-5,AGUA
79,332,-6,AGUA
79,332,-3,AGUA
79,332,-4,AGUA
79,332,-1,AGUA
79,332,-2,AGUA
74,162,-16,AGUA
79,196,-16,AGUA
79,196,-14,AGUA
79,196,-15,AGUA
79,196,-12,AGUA
79,196,-13,AGUA
79,196,-10,AGUA
79,196,-11,AGUA
79,320,-7,AGUA
79,320,-6,AGUA
79,320,-5,AGUA
79,320,-4,AGUA
79,320,-3,AGUA
79,320,-2,AGUA
79,320,-1,AGUA
79,320,-9,AGUA
79,320,-8,AGUA
79,285,-16,AGUA
67,74,-16,AGUA
76,57,-16,AGUA
77,154,-16,AGUA
79,510,-10,AGUA
79,510,-11,AGUA
79,510,-12,AGUA
79,510,-13,AGUA
79,510,-14,AGUA
79,510,-15,AGUA
79,90,-16,AGUA
75,58,-16,AGUA
77,61,-16,AGUA
79,393,-3,AGUA
79,393,-2,AGUA
79,393,-1,AGUA
78,132,-16,AGUA
79,393,-7,AGUA
79,393,-6,AGUA
79,393,-5,AGUA
79,393,-4,AGUA
79,393,-9,AGUA
79,393,-8,AGUA
73,53,-16,AGUA
79,66,-16,AGUA
79,396,-11,AGUA
79,310,-14,AGUA
79,396,-10,AGUA
79,310,-15,AGUA
79,310,-16,AGUA
79,310,-10,AGUA
79,310,-11,AGUA
79,310,-12,AGUA
79,310,-13,AGUA
79,396,-15,AGUA
79,396,-14,AGUA
79,396,-13,AGUA
79,396,-12,AGUA
79,368,-3,AGUA
79,368,-2,AGUA
79,368,-1,AGUA
79,368,-7,AGUA
79,368,-6,AGUA
79,368,-5,AGUA
79,368,-4,AGUA
79,368,-9,AGUA
74,125,-16,AGUA
79,368,-8,AGUA
79,356,-1,AGUA
79,356,-2,AGUA
79,356,-7,AGUA
79,356,-8,AGUA
79,356,-9,AGUA
79,356,-3,AGUA
79,356,-4,AGUA
79,356,-5,AGUA
79,356,-6,AGUA
78,54,-16,AGUA
79,344,-1,AGUA
72,49,-16,AGUA
79,381,-7,AGUA
79,344,-7,AGUA
79,344,-6,AGUA
79,381,-8,AGUA
79,381,-9,AGUA
79,344,-9,AGUA
79,344,-8,AGUA
79,381,-3,AGUA
79,344,-3,AGUA
79,344,-2,AGUA
79,381,-4,AGUA
79,381,-5,AGUA
79,344,-5,AGUA
79,344,-4,AGUA
79,381,-6,AGUA
79,381,-1,AGUA
79,381,-2,AGUA
76,167,-16,AGUA
79,457,-16,AGUA
67,148,-16,AGUA
69,43,-16,AGUA
75,131,-16,AGUA
78,43,-16,AGUA
79,522,-10,AGUA
79,522,-12,AGUA
79,522,-11,AGUA
79,522,-14,AGUA
79,522,-13,AGUA
79,592,-16,AGUA
79,592,-15,AGUA
79,592,-14,AGUA
79,522,-16,AGUA
79,522,-15,AGUA
79,592,-13,AGUA
79,592,-12,AGUA
79,592,-11,AGUA
79,592,-10,AGUA
77,73,-16,AGUA
67,38,-16,AGUA
79,202,-13,AGUA
79,202,-12,AGUA
79,202,-15,AGUA
79,202,-14,AGUA
79,413,-9,AGUA
79,413,-8,AGUA
79,413,-7,AGUA
79,202,-11,AGUA
79,413,-6,AGUA
79,202,-10,AGUA
79,413,-5,AGUA
79,413,-4,AGUA
79,413,-3,AGUA
79,413,-2,AGUA
79,413,-1,AGUA
79,202,-16,AGUA
75,143,-16,AGUA
79,401,-1,AGUA
79,401,-2,AGUA
79,401,-3,AGUA
79,401,-4,AGUA
79,401,-5,AGUA
79,401,-6,AGUA
79,401,-7,AGUA
79,401,-8,AGUA
79,401,-9,AGUA
70,155,-16,AGUA
76,155,-16,AGUA
69,141,-16,AGUA
77,120,-16,AGUA
78,172,-16,AGUA
79,88,-3,AGUA
79,88,-4,AGUA
79,88,-5,AGUA
79,88,-6,AGUA
79,88,-7,AGUA
79,88,-8,AGUA
79,88,-9,AGUA
79,88,-1,AGUA
79,88,-2,AGUA
79,76,-3,AGUA
79,76,-2,AGUA
79,76,-5,AGUA
79,76,-4,AGUA
74,41,-16,AGUA
79,76,-7,AGUA
79,76,-6,AGUA
79,76,-9,AGUA
79,76,-8,AGUA
79,76,-1,AGUA
70,121,-16,AGUA
79,64,-3,AGUA
79,64,-4,AGUA
79,64,-1,AGUA
79,64,-2,AGUA
79,64,-7,AGUA
79,64,-8,AGUA
79,64,-5,AGUA
79,64,-6,AGUA
72,149,-16,AGUA
79,64,-9,AGUA
79,148,-16,AGUA
79,333,-16,AGUA
69,66,-16,AGUA
79,456,-15,AGUA
79,456,-10,AGUA
79,456,-13,AGUA
79,456,-14,AGUA
79,456,-11,AGUA
79,456,-12,AGUA
77,155,-16,AGUA
79,342,-4,AGUA
79,342,-5,AGUA
79,342,-6,AGUA
79,342,-7,AGUA
79,342,-1,AGUA
79,342,-2,AGUA
79,342,-3,AGUA
73,65,-16,AGUA
79,342,-8,AGUA
79,342,-9,AGUA
79,330,-8,AGUA
79,366,-1,AGUA
79,330,-7,AGUA
79,330,-9,AGUA
79,366,-4,AGUA
79,366,-5,AGUA
79,366,-2,AGUA
79,366,-3,AGUA
79,366,-8,AGUA
79,366,-9,AGUA
79,366,-6,AGUA
79,366,-7,AGUA
79,330,-4,AGUA
79,330,-3,AGUA
79,330,-6,AGUA
79,330,-5,AGUA
79,330,-2,AGUA
79,330,-1,AGUA
66,147,-16,AGUA
76,119,-16,AGUA
79,354,-9,AGUA
79,354,-4,AGUA
79,354,-3,AGUA
79,354,-2,AGUA
79,354,-1,AGUA
79,354,-8,AGUA
79,354,-7,AGUA
79,354,-6,AGUA
79,354,-5,AGUA
79,373,-16,AGUA
79,305,-8,AGUA
79,305,-7,AGUA
79,305,-9,AGUA
79,305,-4,AGUA
79,305,-3,AGUA
79,305,-6,AGUA
79,305,-5,AGUA
79,305,-2,AGUA
79,305,-1,AGUA
79,317,-8,AGUA
79,317,-9,AGUA
79,317,-4,AGUA
79,317,-5,AGUA
79,317,-6,AGUA
79,317,-7,AGUA
79,317,-1,AGUA
79,317,-2,AGUA
79,317,-3,AGUA
79,329,-9,AGUA
79,329,-4,AGUA
79,329,-3,AGUA
79,329,-2,AGUA
79,329,-1,AGUA
79,329,-8,AGUA
79,329,-7,AGUA
67,73,-16,AGUA
79,329,-6,AGUA
79,329,-5,AGUA
79,250,-16,AGUA
79,250,-15,AGUA
79,250,-10,AGUA
79,250,-12,AGUA
79,250,-11,AGUA
79,250,-14,AGUA
79,250,-13,AGUA
74,53,-16,AGUA
79,65,-15,AGUA
79,65,-16,AGUA
79,65,-13,AGUA
79,65,-14,AGUA
79,65,-11,AGUA
79,65,-12,AGUA
79,65,-10,AGUA
75,57,-16,AGUA
78,148,-16,AGUA
79,184,-15,AGUA
79,184,-10,AGUA
79,184,-12,AGUA
79,184,-11,AGUA
79,184,-14,AGUA
79,184,-13,AGUA
79,113,-10,AGUA
79,113,-12,AGUA
79,113,-11,AGUA
79,113,-14,AGUA
79,113,-13,AGUA
79,113,-16,AGUA
79,113,-15,AGUA
67,160,-16,AGUA
79,284,-10,AGUA
79,284,-11,AGUA
79,284,-12,AGUA
79,284,-13,AGUA
79,284,-14,AGUA
79,284,-15,AGUA
79,378,-2,AGUA
79,378,-1,AGUA
79,378,-4,AGUA
79,378,-3,AGUA
79,378,-6,AGUA
79,378,-5,AGUA
79,378,-8,AGUA
79,378,-7,AGUA
74,126,-16,AGUA
79,378,-9,AGUA
70,45,-16,AGUA
72,61,-16,AGUA
79,391,-1,AGUA
78,55,-16,AGUA
79,391,-4,AGUA
79,391,-5,AGUA
79,391,-2,AGUA
78,120,-16,AGUA
79,391,-3,AGUA
79,391,-8,AGUA
79,391,-9,AGUA
79,391,-6,AGUA
79,391,-7,AGUA
79,77,-16,AGUA
79,77,-15,AGUA
79,77,-14,AGUA
79,77,-13,AGUA
79,77,-12,AGUA
79,77,-11,AGUA
79,77,-10,AGUA
73,149,-16,AGUA
74,76,-16,AGUA
79,295,-9,AGUA
79,295,-8,AGUA
79,295,-7,AGUA
79,295,-6,AGUA
79,295,-5,AGUA
79,295,-4,AGUA
79,295,-3,AGUA
79,295,-2,AGUA
79,295,-1,AGUA
67,136,-16,AGUA
75,46,-16,AGUA
79,283,-1,AGUA
79,283,-2,AGUA
79,283,-3,AGUA
79,283,-4,AGUA
79,283,-5,AGUA
79,283,-6,AGUA
79,283,-7,AGUA
79,283,-8,AGUA
79,283,-9,AGUA
79,271,-4,AGUA
69,54,-16,AGUA
79,271,-3,AGUA
79,271,-6,AGUA
79,271,-5,AGUA
79,271,-8,AGUA
79,271,-7,AGUA
79,271,-9,AGUA
79,350,-16,AGUA
79,350,-15,AGUA
79,271,-2,AGUA
79,350,-14,AGUA
79,271,-1,AGUA
79,350,-13,AGUA
79,350,-12,AGUA
79,172,-10,AGUA
79,350,-11,AGUA
79,350,-10,AGUA
79,172,-11,AGUA
79,172,-12,AGUA
79,172,-13,AGUA
79,172,-14,AGUA
79,172,-15,AGUA
79,273,-16,AGUA
76,120,-16,AGUA
79,237,-16,AGUA
78,119,-16,AGUA
79,102,-16,AGUA
79,246,-2,AGUA
79,246,-1,AGUA
79,246,-4,AGUA
79,246,-3,AGUA
79,246,-6,AGUA
79,246,-5,AGUA
79,246,-8,AGUA
79,246,-7,AGUA
79,246,-9,AGUA
79,258,-1,AGUA
79,258,-2,AGUA
79,258,-3,AGUA
79,258,-4,AGUA
79,258,-5,AGUA
79,258,-6,AGUA
79,258,-7,AGUA
79,258,-8,AGUA
79,258,-9,AGUA
72,37,-16,AGUA
73,77,-16,AGUA
79,222,-9,AGUA
79,222,-4,AGUA
79,209,-4,AGUA
79,222,-3,AGUA
79,209,-5,AGUA
79,222,-2,AGUA
79,209,-2,AGUA
79,222,-1,AGUA
79,209,-3,AGUA
79,222,-8,AGUA
79,209,-8,AGUA
79,222,-7,AGUA
79,209,-9,AGUA
79,222,-6,AGUA
79,209,-6,AGUA
79,222,-5,AGUA
79,209,-7,AGUA
77,38,-16,AGUA
79,234,-1,AGUA
79,209,-1,AGUA
79,234,-4,AGUA
79,234,-5,AGUA
79,234,-2,AGUA
79,234,-3,AGUA
79,234,-8,AGUA
79,234,-9,AGUA
79,234,-6,AGUA
79,234,-7,AGUA
69,153,-16,AGUA
75,155,-16,AGUA
77,166,-16,AGUA
74,173,-16,AGUA
79,210,-4,AGUA
79,210,-5,AGUA
79,210,-6,AGUA
79,210,-7,AGUA
79,210,-1,AGUA
79,210,-2,AGUA
79,210,-3,AGUA
79,492,-12,AGUA
79,492,-11,AGUA
79,492,-14,AGUA
79,492,-13,AGUA
79,210,-8,AGUA
79,210,-9,AGUA
79,492,-10,AGUA
79,492,-15,AGUA
74,161,-16,AGUA
67,62,-16,AGUA
76,45,-16,AGUA
79,534,-16,AGUA
79,534,-14,AGUA
79,534,-15,AGUA
79,534,-12,AGUA
79,534,-13,AGUA
79,534,-10,AGUA
79,534,-11,AGUA
70,167,-16,AGUA
77,50,-16,AGUA
75,69,-16,AGUA
76,143,-16,AGUA
70,68,-16,AGUA
79,410,-11,AGUA
79,410,-12,AGUA
79,410,-10,AGUA
79,410,-15,AGUA
79,410,-13,AGUA
79,410,-14,AGUA
79,125,-16,AGUA
79,214,-15,AGUA
79,214,-13,AGUA
79,214,-14,AGUA
79,214,-11,AGUA
79,214,-12,AGUA
79,214,-10,AGUA
67,159,-16,AGUA
67,124,-16,AGUA
72,173,-16,AGUA
69,77,-16,AGUA
75,120,-16,AGUA
77,119,-16,AGUA
79,581,-16,AGUA
79,468,-13,AGUA
79,468,-12,AGUA
79,468,-11,AGUA
79,468,-10,AGUA
79,468,-15,AGUA
79,468,-14,AGUA
79,557,-16,AGUA
70,144,-16,AGUA
66,159,-16,AGUA
79,296,-10,AGUA
79,296,-12,AGUA
79,296,-11,AGUA
79,296,-14,AGUA
79,296,-13,AGUA
79,296,-15,AGUA
66,45,-16,AGUA
79,511,-3,AGUA
79,511,-2,AGUA
79,511,-1,AGUA
79,511,-7,AGUA
79,511,-6,AGUA
79,511,-5,AGUA
79,511,-4,AGUA
79,511,-9,AGUA
79,511,-8,AGUA
79,523,-3,AGUA
79,523,-4,AGUA
79,523,-1,AGUA
79,523,-2,AGUA
79,523,-7,AGUA
79,523,-8,AGUA
79,523,-5,AGUA
79,523,-6,AGUA
79,523,-9,AGUA
76,68,-16,AGUA
77,143,-16,AGUA
69,130,-16,AGUA
76,157,-16,AGUA
79,585,-16,AGUA
79,76,-16,AGUA
79,93,-9,AGUA
67,153,-16,AGUA
79,93,-5,AGUA
79,93,-6,AGUA
79,93,-7,AGUA
79,93,-8,AGUA
79,93,-1,AGUA
79,93,-2,AGUA
79,93,-3,AGUA
79,93,-4,AGUA
70,171,-16,AGUA
72,63,-16,AGUA
79,432,-10,AGUA
79,432,-11,AGUA
79,432,-12,AGUA
79,432,-13,AGUA
79,432,-14,AGUA
79,432,-15,AGUA
79,432,-16,AGUA
74,124,-16,AGUA
79,121,-10,AGUA
79,121,-11,AGUA
79,121,-14,AGUA
79,121,-15,AGUA
79,121,-12,AGUA
79,121,-13,AGUA
79,121,-16,AGUA
79,238,-10,AGUA
79,238,-11,AGUA
79,238,-12,AGUA
79,238,-13,AGUA
79,238,-14,AGUA
79,238,-15,AGUA
78,125,-16,AGUA
77,135,-16,AGUA
75,65,-16,AGUA
70,39,-16,AGUA
79,549,-16,AGUA
67,63,-16,AGUA
79,274,-15,AGUA
79,274,-14,AGUA
79,274,-13,AGUA
79,274,-12,AGUA
79,274,-11,AGUA
79,274,-10,AGUA
79,81,-1,AGUA
79,81,-3,AGUA
79,81,-2,AGUA
79,81,-9,AGUA
79,81,-8,AGUA
79,81,-5,AGUA
79,81,-4,AGUA
79,81,-7,AGUA
79,81,-6,AGUA
78,143,-16,AGUA
79,68,-9,AGUA
79,68,-5,AGUA
79,68,-6,AGUA
79,68,-7,AGUA
79,68,-8,AGUA
79,68,-1,AGUA
79,68,-2,AGUA
79,68,-3,AGUA
79,68,-4,AGUA
70,123,-16,AGUA
69,51,-16,AGUA
69,138,-16,AGUA
74,160,-16,AGUA
66,163,-16,AGUA
76,74,-16,AGUA
77,53,-16,AGUA
75,167,-16,AGUA
72,121,-16,AGUA
79,56,-9,AGUA
79,56,-8,AGUA
79,56,-5,AGUA
79,56,-4,AGUA
79,56,-7,AGUA
79,56,-6,AGUA
79,56,-1,AGUA
79,56,-3,AGUA
79,56,-2,AGUA
79,480,-12,AGUA
79,480,-13,AGUA
79,480,-14,AGUA
79,480,-15,AGUA
79,286,-12,AGUA
79,286,-13,AGUA
79,480,-10,AGUA
79,286,-14,AGUA
79,480,-11,AGUA
79,286,-15,AGUA
79,286,-10,AGUA
79,286,-11,AGUA
79,480,-16,AGUA
70,75,-16,AGUA
77,41,-16,AGUA
74,51,-16,AGUA
67,75,-16,AGUA
79,309,-9,AGUA
79,309,-8,AGUA
79,309,-7,AGUA
79,309,-6,AGUA
79,309,-5,AGUA
79,309,-4,AGUA
79,309,-3,AGUA
79,309,-2,AGUA
79,309,-1,AGUA
66,139,-16,AGUA
79,467,-16,AGUA
79,502,-16,AGUA
79,502,-15,AGUA
79,502,-14,AGUA
79,502,-13,AGUA
79,502,-12,AGUA
79,502,-11,AGUA
79,502,-10,AGUA
79,383,-9,AGUA
79,383,-6,AGUA
79,383,-5,AGUA
79,383,-8,AGUA
79,383,-7,AGUA
79,383,-2,AGUA
79,383,-1,AGUA
79,383,-4,AGUA
79,383,-3,AGUA
79,395,-2,AGUA
79,395,-3,AGUA
79,395,-4,AGUA
79,395,-5,AGUA
79,395,-1,AGUA
79,380,-15,AGUA
79,380,-16,AGUA
79,380,-13,AGUA
79,380,-14,AGUA
79,380,-11,AGUA
79,395,-6,AGUA
79,380,-12,AGUA
79,395,-7,AGUA
79,395,-8,AGUA
79,380,-10,AGUA
79,395,-9,AGUA
79,358,-2,AGUA
79,358,-1,AGUA
79,358,-4,AGUA
79,358,-3,AGUA
79,358,-9,AGUA
75,132,-16,AGUA
79,358,-6,AGUA
79,358,-5,AGUA
79,358,-8,AGUA
79,358,-7,AGUA
79,226,-13,AGUA
79,226,-12,AGUA
79,226,-11,AGUA
79,226,-10,AGUA
79,226,-15,AGUA
79,226,-14,AGUA
74,38,-16,AGUA
79,371,-2,AGUA
79,371,-3,AGUA
79,371,-1,AGUA
79,371,-8,AGUA
79,371,-9,AGUA
79,371,-6,AGUA
79,371,-7,AGUA
79,371,-4,AGUA
79,371,-5,AGUA
79,322,-2,AGUA
79,322,-3,AGUA
79,322,-4,AGUA
79,322,-5,AGUA
79,322,-6,AGUA
79,322,-7,AGUA
79,322,-8,AGUA
79,322,-9,AGUA
79,322,-1,AGUA
79,326,-14,AGUA
79,326,-13,AGUA
79,326,-15,AGUA
79,310,-9,AGUA
79,310,-2,AGUA
79,310,-1,AGUA
79,310,-4,AGUA
79,310,-3,AGUA
79,310,-6,AGUA
79,310,-5,AGUA
79,310,-8,AGUA
79,310,-7,AGUA
79,326,-10,AGUA
79,326,-12,AGUA
79,326,-11,AGUA
79,156,-16,AGUA
79,346,-2,AGUA
79,346,-3,AGUA
79,346,-1,AGUA
79,346,-8,AGUA
79,346,-9,AGUA
79,346,-6,AGUA
79,346,-7,AGUA
79,346,-4,AGUA
79,346,-5,AGUA
79,356,-12,AGUA
79,356,-13,AGUA
79,356,-14,AGUA
79,356,-15,AGUA
79,356,-10,AGUA
79,356,-11,AGUA
79,334,-2,AGUA
79,334,-1,AGUA
79,334,-9,AGUA
79,334,-8,AGUA
79,334,-7,AGUA
79,334,-6,AGUA
79,334,-5,AGUA
79,334,-4,AGUA
79,334,-3,AGUA
79,525,-2,AGUA
79,525,-1,AGUA
79,525,-6,AGUA
79,525,-5,AGUA
79,525,-4,AGUA
79,525,-3,AGUA
79,525,-9,AGUA
79,525,-8,AGUA
79,525,-7,AGUA
79,537,-2,AGUA
79,537,-3,AGUA
79,537,-1,AGUA
79,537,-6,AGUA
78,44,-16,AGUA
79,537,-7,AGUA
79,537,-4,AGUA
79,537,-5,AGUA
79,537,-8,AGUA
79,537,-9,AGUA
67,129,-16,AGUA
77,65,-16,AGUA
79,514,-12,AGUA
79,514,-13,AGUA
79,514,-14,AGUA
79,514,-15,AGUA
79,514,-10,AGUA
79,514,-11,AGUA
79,251,-9,AGUA
79,251,-6,AGUA
79,251,-5,AGUA
79,251,-8,AGUA
79,251,-7,AGUA
79,251,-2,AGUA
79,251,-1,AGUA
79,251,-4,AGUA
79,251,-3,AGUA
79,501,-2,AGUA
79,226,-2,AGUA
79,501,-1,AGUA
79,226,-1,AGUA
79,501,-4,AGUA
79,226,-4,AGUA
79,501,-3,AGUA
79,226,-3,AGUA
79,501,-9,AGUA
79,226,-9,AGUA
77,123,-16,AGUA
79,501,-6,AGUA
79,226,-6,AGUA
79,501,-5,AGUA
79,226,-5,AGUA
79,501,-8,AGUA
79,226,-8,AGUA
79,501,-7,AGUA
79,226,-7,AGUA
79,513,-2,AGUA
79,238,-2,AGUA
79,513,-3,AGUA
79,238,-3,AGUA
72,39,-16,AGUA
79,513,-4,AGUA
79,238,-4,AGUA
79,513,-5,AGUA
79,238,-5,AGUA
79,513,-1,AGUA
79,238,-1,AGUA
79,513,-6,AGUA
79,238,-6,AGUA
79,513,-7,AGUA
79,238,-7,AGUA
79,513,-8,AGUA
79,238,-8,AGUA
79,513,-9,AGUA
79,238,-9,AGUA
75,144,-16,AGUA
69,126,-16,AGUA
79,574,-9,AGUA
79,574,-2,AGUA
79,574,-1,AGUA
79,574,-4,AGUA
79,574,-3,AGUA
79,574,-6,AGUA
79,574,-5,AGUA
79,574,-8,AGUA
79,574,-7,AGUA
69,74,-16,AGUA
79,192,-12,AGUA
79,192,-13,AGUA
79,192,-10,AGUA
79,192,-11,AGUA
79,192,-14,AGUA
79,192,-15,AGUA
79,562,-2,AGUA
79,214,-2,AGUA
79,562,-3,AGUA
79,214,-3,AGUA
79,562,-1,AGUA
79,214,-1,AGUA
79,562,-6,AGUA
79,562,-7,AGUA
79,562,-4,AGUA
79,562,-5,AGUA
79,214,-8,AGUA
79,214,-9,AGUA
79,214,-6,AGUA
79,214,-7,AGUA
79,214,-4,AGUA
79,214,-5,AGUA
79,562,-8,AGUA
79,562,-9,AGUA
79,550,-9,AGUA
79,550,-8,AGUA
79,550,-7,AGUA
79,550,-2,AGUA
79,550,-1,AGUA
79,550,-6,AGUA
79,550,-5,AGUA
79,550,-4,AGUA
79,550,-3,AGUA
74,74,-16,AGUA
79,202,-2,AGUA
79,202,-1,AGUA
67,51,-16,AGUA
79,202,-9,AGUA
79,202,-8,AGUA
79,202,-7,AGUA
79,202,-6,AGUA
79,202,-5,AGUA
79,202,-4,AGUA
79,202,-3,AGUA
79,549,-2,AGUA
79,549,-1,AGUA
79,549,-4,AGUA
79,549,-3,AGUA
79,549,-6,AGUA
79,549,-5,AGUA
79,549,-8,AGUA
79,549,-7,AGUA
79,549,-9,AGUA
70,63,-16,AGUA
79,88,-16,AGUA
72,51,-16,AGUA
67,141,-16,AGUA
72,133,-16,AGUA
73,47,-16,AGUA
73,169,-16,AGUA
79,586,-2,AGUA
79,586,-3,AGUA
69,38,-16,AGUA
79,586,-4,AGUA
79,586,-5,AGUA
79,586,-6,AGUA
79,586,-7,AGUA
79,586,-8,AGUA
79,586,-9,AGUA
79,586,-1,AGUA
69,151,-16,AGUA
79,598,-2,AGUA
79,598,-1,AGUA
79,598,-9,AGUA
78,155,-16,AGUA
79,598,-8,AGUA
79,598,-7,AGUA
79,598,-6,AGUA
79,598,-5,AGUA
79,598,-4,AGUA
79,598,-3,AGUA
79,262,-16,AGUA
79,262,-14,AGUA
79,262,-15,AGUA
79,262,-12,AGUA
79,262,-13,AGUA
79,262,-10,AGUA
79,262,-11,AGUA
76,145,-16,AGUA
74,148,-16,AGUA
79,561,-16,AGUA
75,77,-16,AGUA
78,67,-16,AGUA
79,392,-15,AGUA
79,392,-14,AGUA
79,392,-13,AGUA
79,392,-12,AGUA
79,392,-11,AGUA
79,392,-10,AGUA
79,368,-12,AGUA
79,368,-11,AGUA
79,368,-14,AGUA
79,368,-13,AGUA
79,368,-10,AGUA
79,368,-16,AGUA
79,368,-15,AGUA
74,172,-16,AGUA
76,62,-16,AGUA
79,53,-15,AGUA
79,53,-14,AGUA
79,53,-11,AGUA
79,53,-10,AGUA
79,53,-13,AGUA
79,53,-12,AGUA
77,160,-16,AGUA
70,40,-16,AGUA
79,444,-11,AGUA
79,444,-10,AGUA
79,444,-13,AGUA
79,444,-12,AGUA
79,444,-15,AGUA
79,444,-14,AGUA
76,122,-16,AGUA
79,444,-16,AGUA
75,41,-16,AGUA
70,159,-16,AGUA
79,314,-10,AGUA
79,314,-11,AGUA
79,314,-12,AGUA
79,314,-13,AGUA
79,314,-14,AGUA
79,314,-15,AGUA
79,314,-16,AGUA
79,299,-9,AGUA
79,299,-2,AGUA
79,299,-1,AGUA
79,299,-4,AGUA
79,299,-3,AGUA
79,299,-6,AGUA
79,299,-5,AGUA
79,299,-8,AGUA
79,299,-7,AGUA
76,38,-16,AGUA
79,287,-2,AGUA
79,287,-3,AGUA
79,287,-1,AGUA
79,287,-6,AGUA
79,287,-7,AGUA
79,287,-4,AGUA
79,287,-5,AGUA
79,287,-8,AGUA
79,287,-9,AGUA
79,275,-9,AGUA
79,275,-8,AGUA
79,275,-7,AGUA
79,275,-2,AGUA
79,275,-1,AGUA
79,275,-6,AGUA
79,275,-5,AGUA
79,275,-4,AGUA
79,275,-3,AGUA
70,146,-16,AGUA
79,263,-2,AGUA
79,263,-3,AGUA
79,263,-4,AGUA
79,263,-5,AGUA
79,263,-1,AGUA
79,263,-6,AGUA
79,263,-7,AGUA
79,263,-8,AGUA
79,263,-9,AGUA
79,298,-15,AGUA
79,298,-12,AGUA
77,158,-16,AGUA
79,298,-11,AGUA
79,298,-14,AGUA
79,298,-13,AGUA
79,298,-10,AGUA
73,157,-16,AGUA
79,285,-1,AGUA
79,285,-3,AGUA
79,285,-2,AGUA
79,285,-5,AGUA
79,285,-4,AGUA
74,75,-16,AGUA
79,285,-7,AGUA
79,285,-6,AGUA
79,285,-9,AGUA
79,285,-8,AGUA
79,273,-7,AGUA
79,273,-8,AGUA
79,273,-5,AGUA
79,273,-6,AGUA
79,273,-9,AGUA
79,273,-3,AGUA
79,273,-4,AGUA
79,273,-1,AGUA
79,273,-2,AGUA
67,52,-16,AGUA
79,503,-5,AGUA
79,503,-6,AGUA
79,503,-3,AGUA
79,503,-4,AGUA
79,503,-1,AGUA
79,503,-2,AGUA
78,136,-16,AGUA
79,503,-9,AGUA
79,503,-7,AGUA
79,503,-8,AGUA
79,261,-3,AGUA
79,261,-2,AGUA
79,261,-1,AGUA
66,73,-16,AGUA
79,261,-7,AGUA
79,261,-6,AGUA
79,261,-5,AGUA
79,261,-4,AGUA
79,261,-9,AGUA
79,261,-8,AGUA
72,145,-16,AGUA
77,124,-16,AGUA
79,180,-10,AGUA
79,540,-5,AGUA
79,540,-4,AGUA
79,540,-7,AGUA
79,540,-6,AGUA
79,540,-1,AGUA
79,236,-3,AGUA
79,236,-2,AGUA
79,236,-1,AGUA
79,540,-3,AGUA
79,540,-2,AGUA
79,236,-7,AGUA
79,236,-6,AGUA
79,236,-5,AGUA
79,236,-4,AGUA
79,236,-9,AGUA
79,236,-8,AGUA
79,180,-12,AGUA
79,180,-11,AGUA
79,180,-14,AGUA
79,180,-13,AGUA
79,180,-15,AGUA
79,540,-9,AGUA
79,540,-8,AGUA
73,171,-16,AGUA
69,62,-16,AGUA
79,574,-15,AGUA
79,574,-14,AGUA
79,574,-16,AGUA
79,574,-11,AGUA
79,574,-10,AGUA
79,574,-13,AGUA
79,574,-12,AGUA
79,337,-16,AGUA
79,248,-3,AGUA
79,248,-4,AGUA
79,248,-1,AGUA
79,248,-2,AGUA
79,248,-7,AGUA
79,248,-8,AGUA
79,248,-5,AGUA
79,248,-6,AGUA
79,539,-1,AGUA
79,248,-9,AGUA
79,539,-5,AGUA
79,539,-4,AGUA
79,539,-3,AGUA
79,539,-2,AGUA
79,539,-9,AGUA
79,539,-8,AGUA
79,539,-7,AGUA
79,539,-6,AGUA
79,515,-5,AGUA
79,515,-4,AGUA
79,515,-7,AGUA
79,515,-6,AGUA
79,515,-1,AGUA
79,515,-3,AGUA
79,515,-2,AGUA
79,515,-9,AGUA
79,515,-8,AGUA
79,212,-1,AGUA
79,212,-7,AGUA
79,212,-6,AGUA
79,212,-9,AGUA
79,212,-8,AGUA
79,212,-3,AGUA
79,212,-2,AGUA
79,212,-5,AGUA
79,212,-4,AGUA
79,527,-5,AGUA
79,527,-6,AGUA
79,527,-7,AGUA
79,527,-8,AGUA
79,527,-1,AGUA
79,527,-2,AGUA
79,527,-3,AGUA
79,527,-4,AGUA
79,527,-9,AGUA
79,224,-1,AGUA
79,224,-2,AGUA
79,224,-7,AGUA
79,224,-8,AGUA
79,224,-9,AGUA
79,224,-3,AGUA
79,224,-4,AGUA
79,224,-5,AGUA
79,224,-6,AGUA
75,156,-16,AGUA
79,491,-16,AGUA
79,576,-5,AGUA
79,576,-6,AGUA
79,576,-3,AGUA
79,576,-4,AGUA
79,576,-9,AGUA
79,576,-7,AGUA
79,576,-8,AGUA
79,576,-1,AGUA
79,576,-2,AGUA
79,200,-9,AGUA
79,200,-7,AGUA
79,200,-8,AGUA
79,200,-5,AGUA
79,200,-6,AGUA
79,200,-3,AGUA
79,200,-4,AGUA
79,200,-1,AGUA
79,200,-2,AGUA
79,564,-5,AGUA
79,564,-4,AGUA
79,564,-3,AGUA
79,564,-2,AGUA
79,564,-9,AGUA
79,564,-8,AGUA
79,564,-7,AGUA
79,564,-6,AGUA
79,564,-1,AGUA
70,64,-16,AGUA
79,552,-9,AGUA
79,552,-5,AGUA
79,552,-6,AGUA
79,552,-7,AGUA
79,552,-8,AGUA
79,552,-1,AGUA
79,552,-2,AGUA
79,552,-3,AGUA
79,552,-4,AGUA
79,87,-13,AGUA
79,87,-14,AGUA
79,87,-15,AGUA
79,87,-10,AGUA
79,87,-11,AGUA
79,87,-12,AGUA
67,128,-16,AGUA
79,132,-16,AGUA
79,588,-5,AGUA
79,588,-4,AGUA
79,588,-7,AGUA
79,588,-6,AGUA
79,588,-9,AGUA
79,588,-8,AGUA
79,588,-1,AGUA
75,168,-16,AGUA
79,588,-3,AGUA
79,588,-2,AGUA
75,121,-16,AGUA
79,215,-16,AGUA
74,147,-16,AGUA
78,68,-16,AGUA
79,109,-11,AGUA
79,109,-10,AGUA
79,109,-13,AGUA
79,109,-12,AGUA
79,109,-15,AGUA
79,109,-14,AGUA
79,109,-16,AGUA
78,124,-16,AGUA
78,167,-16,AGUA
66,37,-16,AGUA
75,76,-16,AGUA
69,163,-16,AGUA
70,134,-16,AGUA
79,302,-15,AGUA
79,302,-10,AGUA
79,302,-14,AGUA
79,302,-13,AGUA
79,302,-12,AGUA
79,302,-11,AGUA
74,171,-16,AGUA
75,42,-16,AGUA
77,77,-16,AGUA
77,159,-16,AGUA
79,297,-16,AGUA
70,160,-16,AGUA
76,168,-16,AGUA
79,526,-10,AGUA
79,526,-12,AGUA
79,526,-11,AGUA
79,526,-14,AGUA
79,526,-13,AGUA
79,526,-16,AGUA
79,526,-15,AGUA
67,164,-16,AGUA
76,121,-16,AGUA
76,37,-16,AGUA
76,50,-16,AGUA
66,61,-16,AGUA
72,157,-16,AGUA
79,297,-7,AGUA
79,297,-8,AGUA
79,297,-9,AGUA
79,297,-1,AGUA
79,297,-2,AGUA
79,297,-3,AGUA
79,297,-4,AGUA
79,297,-5,AGUA
79,297,-6,AGUA
70,172,-16,AGUA
79,408,-14,AGUA
79,408,-15,AGUA
79,408,-12,AGUA
79,408,-13,AGUA
79,408,-10,AGUA
79,408,-11,AGUA
70,52,-16,AGUA
66,49,-16,AGUA
75,53,-16,AGUA
78,144,-16,AGUA
67,152,-16,AGUA
76,156,-16,AGUA
69,49,-16,AGUA
69,140,-16,AGUA
67,39,-16,AGUA
74,159,-16,AGUA
79,66,-6,AGUA
79,66,-5,AGUA
79,66,-4,AGUA
79,66,-3,AGUA
79,66,-9,AGUA
79,66,-8,AGUA
79,66,-7,AGUA
79,66,-2,AGUA
79,66,-1,AGUA
79,54,-6,AGUA
79,54,-7,AGUA
79,54,-8,AGUA
79,54,-9,AGUA
79,54,-2,AGUA
79,54,-3,AGUA
79,54,-4,AGUA
79,54,-5,AGUA
79,54,-1,AGUA
79,550,-15,AGUA
79,550,-14,AGUA
79,550,-13,AGUA
79,550,-12,AGUA
79,550,-11,AGUA
79,550,-10,AGUA
76,61,-16,AGUA
70,122,-16,AGUA
79,116,-3,AGUA
79,116,-4,AGUA
79,116,-1,AGUA
79,116,-2,AGUA
79,116,-7,AGUA
79,116,-8,AGUA
79,116,-5,AGUA
79,116,-6,AGUA
79,116,-9,AGUA
74,40,-16,AGUA
69,137,-16,AGUA
79,104,-3,AGUA
79,104,-2,AGUA
79,104,-1,AGUA
79,104,-7,AGUA
79,104,-6,AGUA
79,104,-5,AGUA
79,104,-4,AGUA
79,104,-9,AGUA
79,104,-8,AGUA
76,73,-16,AGUA
77,40,-16,AGUA
79,99,-13,AGUA
79,99,-12,AGUA
79,99,-15,AGUA
79,99,-14,AGUA
79,99,-11,AGUA
79,99,-10,AGUA
79,99,-16,AGUA
79,91,-6,AGUA
79,91,-5,AGUA
79,91,-4,AGUA
79,91,-3,AGUA
79,91,-9,AGUA
79,91,-8,AGUA
79,91,-7,AGUA
79,420,-16,AGUA
79,420,-15,AGUA
79,420,-14,AGUA
79,420,-13,AGUA
79,420,-12,AGUA
79,420,-11,AGUA
79,420,-10,AGUA
79,562,-15,AGUA
79,562,-11,AGUA
79,562,-12,AGUA
79,562,-13,AGUA
79,562,-14,AGUA
79,562,-10,AGUA
79,91,-2,AGUA
79,91,-1,AGUA
79,478,-10,AGUA
79,478,-11,AGUA
79,478,-12,AGUA
79,478,-13,AGUA
79,478,-14,AGUA
79,478,-15,AGUA
79,478,-16,AGUA
69,50,-16,AGUA
79,78,-6,AGUA
79,78,-7,AGUA
79,78,-4,AGUA
79,78,-5,AGUA
79,78,-8,AGUA
79,78,-9,AGUA
77,54,-16,AGUA
79,78,-2,AGUA
79,78,-3,AGUA
79,78,-1,AGUA
77,171,-16,AGUA
77,147,-16,AGUA
79,491,-9,AGUA
79,491,-8,AGUA
79,491,-7,AGUA
79,491,-6,AGUA
79,491,-5,AGUA
79,491,-4,AGUA
79,491,-3,AGUA
79,491,-2,AGUA
79,491,-1,AGUA
79,454,-2,AGUA
79,454,-3,AGUA
79,454,-4,AGUA
79,454,-5,AGUA
79,454,-6,AGUA
79,454,-7,AGUA
79,454,-8,AGUA
79,454,-9,AGUA
79,454,-1,AGUA
79,179,-16,AGUA
79,466,-2,AGUA
79,466,-1,AGUA
79,466,-9,AGUA
79,466,-8,AGUA
79,466,-7,AGUA
79,466,-6,AGUA
79,466,-5,AGUA
79,466,-4,AGUA
79,466,-3,AGUA
79,538,-12,AGUA
76,49,-16,AGUA
79,538,-13,AGUA
79,538,-10,AGUA
79,538,-11,AGUA
79,538,-14,AGUA
79,538,-15,AGUA
74,136,-16,AGUA
76,133,-16,AGUA
79,478,-2,AGUA
79,478,-3,AGUA
73,145,-16,AGUA
79,478,-1,AGUA
79,478,-8,AGUA
79,478,-9,AGUA
79,478,-6,AGUA
79,478,-7,AGUA
79,478,-4,AGUA
79,478,-5,AGUA
79,144,-16,AGUA
79,227,-16,AGUA
74,39,-16,AGUA
79,177,-7,AGUA
79,177,-6,AGUA
79,177,-5,AGUA
79,177,-4,AGUA
79,177,-3,AGUA
79,177,-2,AGUA
79,177,-1,AGUA
79,177,-9,AGUA
79,177,-8,AGUA
74,63,-16,AGUA
79,429,-1,AGUA
79,429,-2,AGUA
79,429,-3,AGUA
79,429,-4,AGUA
79,429,-5,AGUA
79,429,-6,AGUA
79,429,-7,AGUA
79,429,-8,AGUA
79,189,-9,AGUA
79,429,-9,AGUA
79,190,-1,AGUA
79,190,-2,AGUA
79,190,-3,AGUA
79,190,-4,AGUA
79,190,-5,AGUA
79,190,-6,AGUA
79,190,-7,AGUA
79,189,-7,AGUA
79,190,-8,AGUA
79,189,-8,AGUA
79,189,-5,AGUA
79,190,-9,AGUA
79,189,-6,AGUA
79,189,-3,AGUA
79,189,-4,AGUA
79,189,-1,AGUA
79,189,-2,AGUA
79,430,-2,AGUA
79,430,-3,AGUA
79,430,-1,AGUA
79,430,-6,AGUA
79,430,-7,AGUA
79,430,-4,AGUA
79,430,-5,AGUA
79,430,-8,AGUA
79,430,-9,AGUA
75,133,-16,AGUA
79,442,-9,AGUA
79,442,-2,AGUA
79,442,-1,AGUA
79,442,-4,AGUA
79,442,-3,AGUA
79,442,-6,AGUA
79,442,-5,AGUA
79,442,-8,AGUA
79,442,-7,AGUA
79,357,-16,AGUA
73,55,-16,AGUA
79,455,-16,AGUA
79,64,-16,AGUA
79,417,-2,AGUA
79,417,-1,AGUA
79,417,-4,AGUA
79,417,-3,AGUA
79,417,-6,AGUA
78,56,-16,AGUA
79,417,-5,AGUA
79,417,-8,AGUA
79,417,-7,AGUA
79,417,-9,AGUA
79,405,-2,AGUA
79,405,-3,AGUA
79,405,-1,AGUA
79,405,-6,AGUA
79,405,-7,AGUA
79,405,-4,AGUA
79,405,-5,AGUA
79,405,-8,AGUA
79,405,-9,AGUA
67,40,-16,AGUA
79,204,-5,AGUA
79,204,-6,AGUA
79,204,-7,AGUA
79,204,-8,AGUA
79,204,-9,AGUA
69,64,-16,AGUA
79,204,-1,AGUA
79,204,-2,AGUA
79,204,-3,AGUA
79,204,-4,AGUA
79,216,-5,AGUA
79,216,-4,AGUA
79,216,-3,AGUA
79,216,-2,AGUA
79,216,-1,AGUA
79,182,-14,AGUA
79,182,-13,AGUA
79,182,-15,AGUA
79,182,-10,AGUA
79,216,-9,AGUA
79,216,-8,AGUA
79,182,-12,AGUA
79,216,-7,AGUA
79,182,-11,AGUA
79,216,-6,AGUA
70,157,-16,AGUA
79,228,-5,AGUA
79,228,-6,AGUA
79,228,-3,AGUA
79,228,-4,AGUA
79,228,-1,AGUA
79,228,-2,AGUA
75,145,-16,AGUA
79,228,-9,AGUA
79,228,-7,AGUA
79,228,-8,AGUA
70,148,-16,AGUA
70,53,-16,AGUA
74,73,-16,AGUA
79,418,-12,AGUA
79,418,-11,AGUA
79,418,-10,AGUA
79,418,-16,AGUA
79,418,-15,AGUA
79,418,-14,AGUA
79,418,-13,AGUA
67,139,-16,AGUA
73,159,-16,AGUA
66,71,-16,AGUA
78,45,-16,AGUA
77,169,-16,AGUA
79,524,-10,AGUA
79,524,-12,AGUA
79,524,-11,AGUA
79,524,-14,AGUA
79,524,-13,AGUA
79,524,-16,AGUA
79,524,-15,AGUA
78,156,-16,AGUA
79,348,-16,AGUA
79,348,-15,AGUA
79,348,-14,AGUA
79,348,-13,AGUA
79,348,-12,AGUA
79,348,-11,AGUA
79,348,-10,AGUA
79,601,-8,AGUA
79,601,-9,AGUA
79,601,-6,AGUA
79,601,-7,AGUA
79,601,-1,AGUA
79,601,-4,AGUA
79,601,-5,AGUA
79,601,-2,AGUA
79,601,-3,AGUA
79,204,-11,AGUA
79,204,-10,AGUA
79,204,-13,AGUA
79,204,-12,AGUA
79,204,-15,AGUA
79,204,-14,AGUA
79,204,-16,AGUA
67,140,-16,AGUA
77,122,-16,AGUA
76,171,-16,AGUA
64,624,-15,AGUA
64,624,-10,AGUA
64,624,-11,AGUA
79,560,-10,AGUA
79,560,-11,AGUA
79,560,-12,AGUA
79,560,-13,AGUA
79,560,-14,AGUA
79,560,-15,AGUA
76,48,-16,AGUA
79,393,-16,AGUA
73,67,-16,AGUA
74,158,-16,AGUA
69,161,-16,AGUA
67,41,-16,AGUA
79,290,-5,AGUA
79,290,-4,AGUA
79,290,-7,AGUA
79,290,-6,AGUA
79,290,-1,AGUA
79,290,-3,AGUA
79,290,-2,AGUA
79,290,-9,AGUA
79,290,-8,AGUA
79,252,-10,AGUA
79,252,-12,AGUA
79,252,-11,AGUA
79,252,-14,AGUA
79,252,-13,AGUA
79,252,-16,AGUA
79,252,-15,AGUA
79,289,-5,AGUA
79,289,-4,AGUA
79,289,-3,AGUA
79,289,-2,AGUA
79,289,-9,AGUA
79,289,-8,AGUA
79,289,-7,AGUA
79,289,-6,AGUA
79,289,-1,AGUA
79,277,-9,AGUA
79,277,-5,AGUA
79,277,-6,AGUA
79,277,-7,AGUA
79,277,-8,AGUA
79,277,-1,AGUA
79,277,-2,AGUA
79,277,-3,AGUA
79,277,-4,AGUA
79,265,-5,AGUA
79,265,-4,AGUA
79,265,-7,AGUA
79,265,-6,AGUA
79,265,-1,AGUA
79,265,-3,AGUA
79,265,-2,AGUA
77,75,-16,AGUA
79,265,-9,AGUA
79,265,-8,AGUA
78,57,-16,AGUA
79,253,-9,AGUA
79,253,-7,AGUA
79,253,-8,AGUA
79,454,-15,AGUA
79,253,-5,AGUA
79,253,-6,AGUA
79,454,-13,AGUA
79,253,-3,AGUA
79,454,-14,AGUA
79,253,-4,AGUA
79,454,-11,AGUA
79,253,-1,AGUA
79,454,-12,AGUA
79,253,-2,AGUA
79,454,-10,AGUA
79,299,-16,AGUA
77,157,-16,AGUA
77,170,-16,AGUA
79,63,-10,AGUA
79,63,-13,AGUA
79,63,-14,AGUA
79,63,-11,AGUA
79,63,-12,AGUA
79,63,-15,AGUA
79,63,-16,AGUA
79,241,-5,AGUA
79,241,-4,AGUA
79,241,-3,AGUA
79,241,-2,AGUA
79,241,-1,AGUA
78,135,-16,AGUA
76,123,-16,AGUA
79,241,-9,AGUA
79,241,-8,AGUA
79,241,-7,AGUA
79,241,-6,AGUA
79,111,-16,AGUA
79,111,-15,AGUA
79,111,-12,AGUA
79,95,-8,AGUA
79,111,-11,AGUA
79,95,-7,AGUA
79,111,-14,AGUA
79,111,-13,AGUA
79,95,-9,AGUA
79,111,-10,AGUA
79,95,-4,AGUA
79,95,-3,AGUA
79,95,-6,AGUA
79,95,-5,AGUA
79,95,-2,AGUA
79,95,-1,AGUA
79,83,-4,AGUA
79,83,-5,AGUA
79,83,-2,AGUA
79,83,-3,AGUA
79,83,-1,AGUA
79,158,-16,AGUA
79,83,-8,AGUA
79,83,-9,AGUA
79,83,-6,AGUA
79,83,-7,AGUA
79,239,-16,AGUA
79,71,-9,AGUA
79,71,-8,AGUA
79,71,-7,AGUA
79,71,-6,AGUA
79,71,-5,AGUA
79,58,-8,AGUA
79,58,-9,AGUA
79,58,-6,AGUA
79,58,-7,AGUA
79,71,-4,AGUA
79,58,-4,AGUA
79,71,-3,AGUA
79,58,-5,AGUA
79,71,-2,AGUA
79,58,-2,AGUA
76,158,-16,AGUA
79,71,-1,AGUA
79,58,-3,AGUA
79,58,-1,AGUA
79,559,-16,AGUA
79,336,-12,AGUA
79,336,-13,AGUA
79,336,-10,AGUA
79,336,-11,AGUA
67,163,-16,AGUA
79,336,-14,AGUA
79,336,-15,AGUA
79,75,-13,AGUA
79,75,-12,AGUA
79,75,-11,AGUA
79,75,-10,AGUA
73,147,-16,AGUA
79,75,-15,AGUA
79,75,-14,AGUA
79,489,-16,AGUA
70,41,-16,AGUA
75,55,-16,AGUA
67,64,-16,AGUA
74,134,-16,AGUA
70,136,-16,AGUA
79,275,-16,AGUA
69,52,-16,AGUA
70,169,-16,AGUA
79,483,-8,AGUA
79,483,-9,AGUA
79,483,-6,AGUA
79,483,-7,AGUA
79,490,-10,AGUA
79,483,-1,AGUA
79,490,-12,AGUA
79,490,-11,AGUA
79,490,-14,AGUA
79,483,-4,AGUA
79,490,-13,AGUA
79,483,-5,AGUA
79,483,-2,AGUA
79,490,-15,AGUA
79,483,-3,AGUA
77,52,-16,AGUA
79,471,-4,AGUA
79,471,-3,AGUA
79,471,-2,AGUA
79,471,-1,AGUA
79,471,-8,AGUA
79,471,-7,AGUA
79,471,-6,AGUA
79,471,-5,AGUA
79,471,-9,AGUA
79,406,-12,AGUA
79,406,-13,AGUA
79,406,-10,AGUA
79,406,-11,AGUA
79,406,-14,AGUA
79,406,-15,AGUA
70,124,-16,AGUA
79,495,-2,AGUA
69,139,-16,AGUA
79,495,-1,AGUA
79,495,-4,AGUA
79,495,-3,AGUA
79,495,-6,AGUA
79,495,-5,AGUA
79,495,-8,AGUA
79,495,-7,AGUA
79,495,-9,AGUA
77,42,-16,AGUA
79,194,-1,AGUA
79,194,-2,AGUA
79,194,-5,AGUA
79,422,-8,AGUA
79,194,-6,AGUA
79,422,-7,AGUA
79,194,-3,AGUA
79,194,-4,AGUA
79,422,-9,AGUA
79,422,-4,AGUA
79,194,-9,AGUA
79,422,-3,AGUA
79,422,-6,AGUA
79,194,-7,AGUA
79,422,-5,AGUA
79,194,-8,AGUA
79,422,-2,AGUA
78,168,-16,AGUA
79,422,-1,AGUA
79,182,-5,AGUA
79,434,-8,AGUA
79,182,-4,AGUA
79,434,-9,AGUA
79,182,-3,AGUA
79,182,-2,AGUA
79,434,-4,AGUA
79,182,-9,AGUA
79,434,-5,AGUA
79,182,-8,AGUA
79,434,-6,AGUA
79,182,-7,AGUA
79,182,-6,AGUA
79,434,-7,AGUA
79,434,-1,AGUA
79,434,-2,AGUA
79,434,-3,AGUA
79,182,-1,AGUA
79,410,-8,AGUA
79,410,-9,AGUA
79,410,-6,AGUA
79,410,-7,AGUA
79,410,-4,AGUA
79,410,-5,AGUA
79,410,-2,AGUA
79,410,-3,AGUA
79,410,-1,AGUA
76,72,-16,AGUA
79,409,-8,AGUA
79,409,-9,AGUA
79,409,-4,AGUA
79,409,-5,AGUA
79,409,-6,AGUA
79,409,-7,AGUA
79,446,-8,AGUA
79,446,-7,AGUA
79,446,-6,AGUA
79,446,-5,AGUA
79,446,-9,AGUA
79,446,-4,AGUA
79,446,-3,AGUA
79,446,-2,AGUA
79,446,-1,AGUA
79,458,-8,AGUA
79,458,-9,AGUA
79,536,-16,AGUA
79,458,-6,AGUA
79,458,-7,AGUA
79,536,-14,AGUA
79,536,-15,AGUA
79,536,-12,AGUA
79,536,-13,AGUA
79,458,-1,AGUA
79,458,-4,AGUA
79,458,-5,AGUA
79,458,-2,AGUA
79,458,-3,AGUA
72,41,-16,AGUA
75,122,-16,AGUA
79,536,-10,AGUA
79,536,-11,AGUA
79,409,-1,AGUA
79,409,-2,AGUA
79,409,-3,AGUA
74,61,-16,AGUA
72,169,-16,AGUA
79,466,-15,AGUA
79,466,-14,AGUA
79,466,-13,AGUA
79,466,-12,AGUA
79,466,-11,AGUA
79,466,-10,AGUA
79,121,-9,AGUA
76,135,-16,AGUA
79,121,-7,AGUA
79,121,-8,AGUA
79,121,-5,AGUA
79,121,-6,AGUA
79,121,-3,AGUA
79,121,-4,AGUA
79,121,-1,AGUA
79,121,-2,AGUA
78,123,-16,AGUA
79,108,-5,AGUA
69,149,-16,AGUA
79,108,-4,AGUA
79,108,-7,AGUA
79,108,-6,AGUA
79,108,-1,AGUA
79,108,-3,AGUA
79,108,-2,AGUA
79,108,-9,AGUA
79,108,-8,AGUA
70,76,-16,AGUA
79,216,-15,AGUA
79,216,-13,AGUA
79,216,-14,AGUA
79,216,-11,AGUA
79,216,-12,AGUA
79,216,-10,AGUA
75,157,-16,AGUA
79,596,-13,AGUA
79,596,-12,AGUA
79,596,-11,AGUA
79,596,-10,AGUA
79,596,-16,AGUA
79,596,-15,AGUA
79,596,-14,AGUA
79,123,-16,AGUA
79,123,-14,AGUA
79,123,-15,AGUA
79,123,-12,AGUA
79,123,-13,AGUA
79,123,-10,AGUA
79,123,-11,AGUA
79,170,-16,AGUA
79,301,-16,AGUA
70,170,-16,AGUA
79,370,-11,AGUA
79,370,-10,AGUA
79,370,-13,AGUA
79,370,-12,AGUA
79,370,-15,AGUA
79,370,-14,AGUA
77,145,-16,AGUA
79,583,-16,AGUA
74,37,-16,AGUA
66,47,-16,AGUA
79,240,-10,AGUA
79,240,-11,AGUA
79,240,-12,AGUA
79,240,-13,AGUA
79,240,-14,AGUA
79,240,-15,AGUA
69,173,-16,AGUA
78,145,-16,AGUA
75,54,-16,AGUA
69,150,-16,AGUA
69,39,-16,AGUA
70,42,-16,AGUA
75,170,-16,AGUA
75,134,-16,AGUA
69,127,-16,AGUA
66,59,-16,AGUA
79,430,-15,AGUA
79,430,-16,AGUA
79,430,-11,AGUA
79,430,-12,AGUA
79,430,-13,AGUA
79,430,-14,AGUA
79,430,-10,AGUA
67,151,-16,AGUA
69,75,-16,AGUA
77,64,-16,AGUA
79,193,-16,AGUA
79,74,-16,AGUA
79,118,-2,AGUA
79,118,-1,AGUA
74,135,-16,AGUA
79,118,-6,AGUA
79,118,-5,AGUA
79,118,-4,AGUA
79,118,-3,AGUA
79,118,-9,AGUA
79,118,-8,AGUA
79,118,-7,AGUA
76,60,-16,AGUA
79,106,-2,AGUA
79,106,-3,AGUA
79,106,-4,AGUA
79,106,-5,AGUA
79,106,-1,AGUA
76,146,-16,AGUA
79,106,-6,AGUA
79,106,-7,AGUA
79,106,-8,AGUA
79,106,-9,AGUA
72,123,-16,AGUA
79,276,-10,AGUA
79,40,-16,AGUA
79,276,-15,AGUA
79,276,-14,AGUA
79,276,-13,AGUA
79,276,-12,AGUA
79,276,-11,AGUA
79,407,-16,AGUA
79,468,-5,AGUA
79,468,-6,AGUA
79,468,-7,AGUA
79,468,-8,AGUA
79,468,-9,AGUA
79,468,-1,AGUA
79,468,-2,AGUA
79,468,-3,AGUA
76,134,-16,AGUA
79,468,-4,AGUA
69,40,-16,AGUA
79,358,-14,AGUA
79,358,-15,AGUA
77,146,-16,AGUA
79,358,-10,AGUA
79,358,-11,AGUA
79,358,-12,AGUA
79,358,-13,AGUA
79,493,-1,AGUA
79,493,-2,AGUA
79,465,-16,AGUA
79,493,-3,AGUA
79,493,-4,AGUA
79,493,-5,AGUA
79,493,-6,AGUA
79,493,-7,AGUA
79,493,-8,AGUA
79,493,-9,AGUA
79,481,-5,AGUA
79,481,-4,AGUA
79,481,-7,AGUA
79,481,-6,AGUA
79,481,-9,AGUA
79,481,-8,AGUA
79,420,-9,AGUA
79,420,-5,AGUA
79,420,-6,AGUA
79,420,-7,AGUA
79,420,-8,AGUA
79,420,-1,AGUA
79,420,-2,AGUA
79,420,-3,AGUA
79,420,-4,AGUA
79,481,-1,AGUA
79,481,-3,AGUA
79,481,-2,AGUA
79,419,-5,AGUA
79,419,-6,AGUA
79,419,-3,AGUA
79,419,-4,AGUA
79,419,-9,AGUA
79,419,-7,AGUA
79,419,-8,AGUA
70,77,-16,AGUA
79,432,-5,AGUA
79,432,-4,AGUA
79,432,-3,AGUA
79,432,-2,AGUA
79,432,-9,AGUA
79,432,-8,AGUA
79,432,-7,AGUA
79,432,-6,AGUA
79,432,-1,AGUA
67,65,-16,AGUA
79,39,-16,AGUA
79,145,-16,AGUA
79,444,-5,AGUA
79,444,-6,AGUA
79,444,-3,AGUA
79,444,-4,AGUA
79,444,-9,AGUA
79,444,-7,AGUA
79,444,-8,AGUA
79,444,-1,AGUA
79,444,-2,AGUA
79,456,-5,AGUA
79,456,-4,AGUA
79,456,-7,AGUA
79,456,-6,AGUA
79,456,-9,AGUA
79,456,-8,AGUA
79,456,-1,AGUA
79,456,-3,AGUA
79,456,-2,AGUA
79,324,-16,AGUA
79,324,-15,AGUA
79,324,-10,AGUA
79,324,-12,AGUA
79,324,-11,AGUA
79,324,-14,AGUA
79,324,-13,AGUA
79,169,-16,AGUA
74,49,-16,AGUA
78,70,-16,AGUA
79,179,-2,AGUA
79,179,-3,AGUA
79,179,-4,AGUA
79,179,-5,AGUA
79,179,-6,AGUA
79,179,-7,AGUA
79,179,-8,AGUA
79,179,-9,AGUA
79,419,-1,AGUA
79,419,-2,AGUA
79,179,-1,AGUA
79,407,-5,AGUA
79,407,-4,AGUA
79,407,-3,AGUA
79,407,-2,AGUA
79,407,-9,AGUA
79,407,-8,AGUA
79,407,-7,AGUA
79,407,-6,AGUA
74,62,-16,AGUA
70,147,-16,AGUA
79,407,-1,AGUA
73,135,-16,AGUA
79,180,-2,AGUA
79,180,-3,AGUA
79,180,-1,AGUA
79,180,-6,AGUA
79,180,-7,AGUA
79,180,-4,AGUA
79,180,-5,AGUA
79,180,-8,AGUA
79,180,-9,AGUA
79,382,-15,AGUA
79,382,-16,AGUA
79,382,-10,AGUA
79,241,-16,AGUA
79,382,-13,AGUA
79,382,-14,AGUA
79,382,-11,AGUA
79,382,-12,AGUA
74,169,-16,AGUA
79,228,-11,AGUA
79,228,-10,AGUA
79,228,-15,AGUA
79,228,-14,AGUA
79,228,-13,AGUA
79,228,-12,AGUA
79,192,-2,AGUA
79,513,-16,AGUA
79,192,-1,AGUA
79,192,-4,AGUA
79,192,-3,AGUA
79,192,-6,AGUA
79,192,-5,AGUA
79,192,-8,AGUA
79,192,-7,AGUA
79,192,-9,AGUA
79,584,-10,AGUA
79,584,-13,AGUA
79,584,-14,AGUA
79,584,-11,AGUA
79,584,-12,AGUA
79,584,-15,AGUA
74,123,-16,AGUA
69,63,-16,AGUA
79,181,-16,AGUA
79,264,-10,AGUA
79,264,-11,AGUA
79,264,-16,AGUA
79,264,-14,AGUA
79,264,-15,AGUA
79,264,-12,AGUA
79,264,-13,AGUA
70,158,-16,AGUA
67,53,-16,AGUA
79,397,-5,AGUA
79,397,-4,AGUA
79,397,-7,AGUA
79,397,-6,AGUA
79,397,-1,AGUA
79,397,-3,AGUA
79,397,-2,AGUA
79,397,-9,AGUA
79,397,-8,AGUA
79,505,-8,AGUA
79,505,-7,AGUA
79,505,-6,AGUA
79,505,-5,AGUA
79,505,-4,AGUA
79,505,-3,AGUA
79,505,-2,AGUA
79,505,-1,AGUA
79,505,-9,AGUA
79,517,-8,AGUA
79,517,-9,AGUA
79,517,-6,AGUA
78,46,-16,AGUA
79,517,-7,AGUA
79,517,-4,AGUA
79,517,-5,AGUA
79,517,-2,AGUA
79,517,-3,AGUA
66,151,-16,AGUA
79,517,-1,AGUA
79,373,-5,AGUA
79,373,-4,AGUA
79,373,-3,AGUA
79,373,-2,AGUA
79,373,-1,AGUA
79,373,-9,AGUA
79,373,-8,AGUA
79,373,-7,AGUA
79,373,-6,AGUA
73,45,-16,AGUA
79,385,-9,AGUA
79,385,-7,AGUA
79,385,-8,AGUA
79,385,-5,AGUA
79,385,-6,AGUA
79,385,-3,AGUA
79,385,-4,AGUA
79,385,-1,AGUA
79,385,-2,AGUA
64,625,-15,AGUA
79,554,-8,AGUA
64,625,-10,AGUA
79,554,-7,AGUA
79,554,-9,AGUA
79,554,-4,AGUA
79,554,-3,AGUA
64,625,-11,AGUA
79,554,-6,AGUA
79,554,-5,AGUA
76,59,-16,AGUA
79,554,-2,AGUA
79,554,-1,AGUA
79,542,-8,AGUA
79,542,-9,AGUA
79,542,-6,AGUA
79,542,-7,AGUA
79,542,-4,AGUA
79,542,-5,AGUA
79,542,-2,AGUA
79,542,-3,AGUA
79,542,-1,AGUA
79,529,-8,AGUA
79,529,-7,AGUA
79,529,-9,AGUA
79,529,-4,AGUA
79,529,-3,AGUA
79,529,-6,AGUA
79,529,-5,AGUA
79,591,-8,AGUA
79,591,-9,AGUA
79,591,-4,AGUA
79,591,-5,AGUA
79,591,-6,AGUA
79,591,-7,AGUA
79,529,-2,AGUA
79,529,-1,AGUA
79,591,-1,AGUA
79,591,-2,AGUA
79,591,-3,AGUA
79,548,-10,AGUA
79,548,-15,AGUA
79,548,-14,AGUA
77,134,-16,AGUA
79,548,-13,AGUA
79,548,-12,AGUA
79,548,-11,AGUA
76,170,-16,AGUA
79,530,-9,AGUA
79,530,-8,AGUA
79,530,-7,AGUA
79,530,-6,AGUA
79,530,-5,AGUA
79,530,-4,AGUA
79,530,-3,AGUA
79,530,-2,AGUA
79,530,-1,AGUA
75,169,-16,AGUA
79,86,-16,AGUA
70,65,-16,AGUA
72,135,-16,AGUA
75,66,-16,AGUA
79,578,-8,AGUA
79,578,-7,AGUA
79,578,-6,AGUA
79,578,-5,AGUA
79,578,-9,AGUA
79,578,-4,AGUA
79,578,-3,AGUA
79,578,-2,AGUA
79,578,-1,AGUA
78,157,-16,AGUA
67,127,-16,AGUA
79,566,-8,AGUA
79,566,-9,AGUA
79,566,-4,AGUA
79,566,-5,AGUA
79,566,-6,AGUA
79,566,-7,AGUA
79,566,-1,AGUA
79,566,-2,AGUA
79,566,-3,AGUA
64,627,-9,AGUA
64,627,-6,AGUA
64,627,-7,AGUA
64,627,-4,AGUA
64,627,-5,AGUA
64,627,-2,AGUA
64,627,-3,AGUA
64,627,-1,AGUA
79,312,-10,AGUA
79,312,-11,AGUA
79,312,-12,AGUA
79,312,-13,AGUA
79,312,-14,AGUA
79,312,-15,AGUA
79,134,-16,AGUA
79,312,-16,AGUA
67,76,-16,AGUA
74,170,-16,AGUA
74,146,-16,AGUA
70,135,-16,AGUA
79,287,-16,AGUA
73,123,-16,AGUA
69,162,-16,AGUA
79,394,-15,AGUA
79,394,-14,AGUA
79,394,-13,AGUA
79,394,-12,AGUA
79,394,-11,AGUA
79,394,-10,AGUA
79,336,-5,AGUA
79,336,-6,AGUA
79,336,-7,AGUA
79,336,-8,AGUA
76,169,-16,AGUA
79,336,-9,AGUA
79,336,-1,AGUA
79,336,-2,AGUA
79,336,-3,AGUA
79,336,-4,AGUA
72,75,-16,AGUA
79,324,-5,AGUA
79,324,-4,AGUA
79,324,-7,AGUA
79,324,-6,AGUA
79,324,-9,AGUA
79,324,-8,AGUA
79,324,-1,AGUA
79,324,-3,AGUA
79,324,-2,AGUA
76,36,-16,AGUA
79,361,-1,AGUA
79,361,-2,AGUA
79,361,-3,AGUA
79,361,-4,AGUA
79,361,-5,AGUA
79,361,-6,AGUA
79,361,-7,AGUA
79,361,-8,AGUA
79,361,-9,AGUA
79,572,-11,AGUA
79,572,-10,AGUA
79,572,-13,AGUA
79,572,-12,AGUA
79,572,-15,AGUA
79,572,-14,AGUA
79,572,-16,AGUA
66,127,-16,AGUA
79,51,-16,AGUA
79,348,-5,AGUA
79,348,-4,AGUA
79,348,-3,AGUA
79,348,-2,AGUA
79,348,-1,AGUA
79,348,-9,AGUA
79,348,-8,AGUA
79,348,-7,AGUA
79,348,-6,AGUA
75,146,-16,AGUA
74,50,-16,AGUA
78,69,-16,AGUA
79,442,-15,AGUA
79,442,-14,AGUA
79,442,-16,AGUA
79,442,-11,AGUA
79,442,-10,AGUA
79,442,-13,AGUA
79,442,-12,AGUA
75,43,-16,AGUA
78,134,-16,AGUA
77,76,-16,AGUA
79,300,-5,AGUA
79,300,-4,AGUA
79,300,-3,AGUA
79,300,-2,AGUA
79,300,-9,AGUA
79,300,-8,AGUA
79,300,-7,AGUA
79,300,-6,AGUA
79,300,-1,AGUA
79,312,-5,AGUA
79,312,-6,AGUA
79,312,-3,AGUA
79,312,-4,AGUA
79,312,-9,AGUA
79,312,-7,AGUA
79,312,-8,AGUA
79,312,-1,AGUA
79,312,-2,AGUA
79,85,-10,AGUA
74,59,-16,AGUA
79,85,-15,AGUA
79,85,-14,AGUA
79,85,-13,AGUA
79,85,-12,AGUA
79,85,-11,AGUA
79,576,-10,AGUA
79,576,-11,AGUA
79,576,-14,AGUA
79,576,-15,AGUA
79,576,-12,AGUA
79,576,-13,AGUA
79,576,-16,AGUA
76,148,-16,AGUA
70,162,-16,AGUA
67,144,-16,AGUA
78,152,-16,AGUA
77,126,-16,AGUA
79,488,-12,AGUA
79,488,-13,AGUA
79,488,-14,AGUA
79,488,-15,AGUA
79,488,-10,AGUA
79,488,-11,AGUA
79,519,-8,AGUA
79,519,-9,AGUA
79,519,-6,AGUA
79,519,-7,AGUA
79,519,-4,AGUA
79,519,-5,AGUA
79,497,-2,AGUA
79,497,-1,AGUA
79,497,-4,AGUA
79,497,-3,AGUA
79,497,-6,AGUA
79,497,-5,AGUA
79,497,-8,AGUA
79,497,-7,AGUA
79,497,-9,AGUA
79,405,-16,AGUA
79,519,-2,AGUA
79,519,-3,AGUA
79,519,-1,AGUA
79,485,-8,AGUA
79,485,-9,AGUA
79,177,-16,AGUA
79,485,-2,AGUA
79,485,-3,AGUA
79,485,-1,AGUA
79,485,-6,AGUA
79,485,-7,AGUA
79,485,-4,AGUA
79,485,-5,AGUA
79,520,-1,AGUA
79,520,-2,AGUA
79,520,-3,AGUA
79,520,-4,AGUA
79,520,-5,AGUA
79,520,-6,AGUA
79,520,-7,AGUA
79,520,-8,AGUA
79,520,-9,AGUA
79,507,-2,AGUA
79,507,-1,AGUA
79,507,-9,AGUA
79,507,-8,AGUA
79,507,-7,AGUA
79,507,-6,AGUA
79,507,-5,AGUA
79,507,-4,AGUA
79,507,-3,AGUA
66,39,-16,AGUA
79,568,-6,AGUA
79,568,-7,AGUA
79,568,-8,AGUA
79,568,-9,AGUA
75,123,-16,AGUA
79,568,-2,AGUA
79,568,-3,AGUA
79,568,-4,AGUA
79,568,-5,AGUA
79,568,-1,AGUA
79,448,-9,AGUA
79,448,-8,AGUA
79,448,-7,AGUA
74,133,-16,AGUA
79,448,-2,AGUA
79,448,-1,AGUA
73,155,-16,AGUA
79,448,-6,AGUA
79,448,-5,AGUA
79,448,-4,AGUA
79,448,-3,AGUA
72,165,-16,AGUA
79,556,-9,AGUA
79,556,-6,AGUA
79,556,-5,AGUA
79,556,-8,AGUA
79,556,-7,AGUA
79,556,-2,AGUA
79,556,-1,AGUA
79,556,-4,AGUA
79,556,-3,AGUA
79,544,-8,AGUA
79,544,-9,AGUA
79,544,-6,AGUA
79,544,-7,AGUA
79,544,-4,AGUA
79,544,-5,AGUA
79,544,-2,AGUA
79,473,-2,AGUA
79,473,-1,AGUA
79,544,-3,AGUA
79,544,-1,AGUA
79,473,-6,AGUA
79,473,-5,AGUA
79,473,-4,AGUA
79,473,-3,AGUA
79,473,-9,AGUA
79,473,-8,AGUA
79,473,-7,AGUA
79,461,-6,AGUA
79,461,-7,AGUA
79,461,-8,AGUA
79,461,-9,AGUA
79,532,-9,AGUA
79,532,-8,AGUA
79,532,-7,AGUA
79,532,-6,AGUA
79,532,-5,AGUA
79,532,-4,AGUA
79,532,-3,AGUA
79,532,-2,AGUA
79,461,-2,AGUA
79,532,-1,AGUA
79,461,-3,AGUA
79,461,-4,AGUA
79,461,-5,AGUA
79,461,-1,AGUA
75,38,-16,AGUA
74,60,-16,AGUA
77,138,-16,AGUA
70,126,-16,AGUA
79,172,-1,AGUA
79,172,-2,AGUA
79,123,-9,AGUA
79,172,-7,AGUA
79,123,-7,AGUA
79,172,-8,AGUA
79,123,-8,AGUA
79,123,-5,AGUA
79,172,-9,AGUA
79,123,-6,AGUA
79,172,-3,AGUA
79,123,-3,AGUA
79,172,-4,AGUA
79,123,-4,AGUA
79,123,-1,AGUA
79,172,-5,AGUA
79,123,-2,AGUA
79,172,-6,AGUA
79,184,-7,AGUA
79,111,-7,AGUA
79,184,-6,AGUA
79,111,-6,AGUA
79,184,-5,AGUA
79,111,-5,AGUA
79,184,-4,AGUA
79,111,-4,AGUA
79,111,-3,AGUA
79,436,-6,AGUA
79,111,-2,AGUA
79,436,-7,AGUA
79,111,-1,AGUA
79,436,-8,AGUA
79,184,-9,AGUA
79,184,-8,AGUA
79,436,-9,AGUA
79,436,-2,AGUA
79,436,-3,AGUA
79,436,-4,AGUA
79,436,-5,AGUA
79,436,-1,AGUA
76,65,-16,AGUA
79,184,-3,AGUA
79,184,-2,AGUA
79,184,-1,AGUA
79,111,-9,AGUA
79,111,-8,AGUA
79,217,-16,AGUA
74,145,-16,AGUA
79,581,-2,AGUA
79,581,-1,AGUA
79,581,-4,AGUA
79,581,-3,AGUA
79,581,-9,AGUA
79,581,-6,AGUA
79,581,-5,AGUA
79,581,-8,AGUA
79,581,-7,AGUA
79,230,-15,AGUA
79,230,-14,AGUA
79,230,-13,AGUA
79,230,-12,AGUA
79,230,-11,AGUA
79,230,-10,AGUA
79,196,-3,AGUA
79,196,-4,AGUA
79,196,-1,AGUA
79,196,-2,AGUA
79,196,-7,AGUA
79,196,-8,AGUA
79,424,-9,AGUA
79,196,-5,AGUA
79,196,-6,AGUA
79,424,-6,AGUA
79,424,-5,AGUA
79,424,-8,AGUA
79,196,-9,AGUA
79,424,-7,AGUA
79,424,-2,AGUA
79,424,-1,AGUA
79,424,-4,AGUA
79,424,-3,AGUA
79,593,-6,AGUA
79,593,-7,AGUA
79,593,-8,AGUA
79,593,-9,AGUA
79,593,-2,AGUA
79,593,-3,AGUA
79,593,-4,AGUA
79,593,-5,AGUA
75,158,-16,AGUA
79,593,-1,AGUA
79,412,-8,AGUA
79,412,-9,AGUA
79,412,-6,AGUA
79,412,-7,AGUA
79,412,-4,AGUA
79,412,-5,AGUA
79,412,-2,AGUA
79,412,-3,AGUA
79,412,-1,AGUA
74,47,-16,AGUA
79,400,-9,AGUA
79,400,-8,AGUA
79,400,-7,AGUA
79,400,-6,AGUA
79,400,-5,AGUA
79,400,-4,AGUA
79,400,-3,AGUA
79,400,-2,AGUA
79,400,-1,AGUA
79,588,-16,AGUA
79,588,-15,AGUA
79,588,-10,AGUA
79,588,-14,AGUA
79,588,-13,AGUA
79,588,-12,AGUA
79,588,-11,AGUA
79,50,-16,AGUA
66,63,-16,AGUA
79,99,-1,AGUA
79,99,-2,AGUA
79,99,-9,AGUA
79,99,-7,AGUA
79,99,-8,AGUA
79,99,-5,AGUA
79,99,-6,AGUA
79,99,-3,AGUA
79,99,-4,AGUA
75,171,-16,AGUA
69,159,-16,AGUA
79,87,-1,AGUA
79,87,-9,AGUA
79,87,-8,AGUA
79,87,-7,AGUA
79,87,-6,AGUA
79,87,-5,AGUA
79,87,-4,AGUA
79,87,-3,AGUA
79,87,-2,AGUA
75,74,-16,AGUA
76,136,-16,AGUA
67,54,-16,AGUA
67,132,-16,AGUA
79,528,-15,AGUA
79,528,-16,AGUA
79,528,-13,AGUA
79,528,-14,AGUA
79,528,-11,AGUA
79,528,-12,AGUA
79,528,-10,AGUA
79,341,-16,AGUA
72,129,-16,AGUA
69,59,-16,AGUA
79,541,-16,AGUA
79,377,-1,AGUA
79,377,-2,AGUA
79,377,-3,AGUA
79,377,-4,AGUA
79,377,-5,AGUA
79,377,-6,AGUA
79,377,-7,AGUA
79,377,-8,AGUA
79,377,-9,AGUA
79,353,-8,AGUA
79,353,-9,AGUA
79,353,-2,AGUA
79,353,-3,AGUA
79,353,-1,AGUA
70,149,-16,AGUA
79,353,-6,AGUA
79,353,-7,AGUA
79,353,-4,AGUA
79,353,-5,AGUA
79,389,-9,AGUA
79,389,-8,AGUA
79,389,-7,AGUA
79,389,-6,AGUA
79,389,-5,AGUA
79,389,-4,AGUA
79,389,-3,AGUA
79,389,-2,AGUA
79,389,-1,AGUA
79,365,-2,AGUA
79,365,-1,AGUA
79,365,-4,AGUA
79,365,-3,AGUA
79,365,-6,AGUA
79,365,-5,AGUA
79,365,-8,AGUA
79,365,-7,AGUA
79,365,-9,AGUA
77,56,-16,AGUA
79,304,-6,AGUA
79,304,-7,AGUA
79,304,-8,AGUA
79,304,-9,AGUA
79,304,-2,AGUA
79,304,-3,AGUA
79,304,-4,AGUA
79,304,-5,AGUA
79,304,-1,AGUA
74,121,-16,AGUA
79,316,-9,AGUA
79,316,-8,AGUA
79,316,-7,AGUA
79,316,-2,AGUA
79,316,-1,AGUA
79,316,-6,AGUA
79,316,-5,AGUA
79,316,-4,AGUA
79,316,-3,AGUA
79,341,-2,AGUA
79,341,-1,AGUA
79,341,-6,AGUA
79,341,-5,AGUA
79,341,-4,AGUA
69,47,-16,AGUA
79,341,-3,AGUA
79,341,-9,AGUA
79,341,-8,AGUA
79,341,-7,AGUA
72,153,-16,AGUA
79,165,-16,AGUA
78,139,-16,AGUA
79,328,-8,AGUA
79,328,-9,AGUA
79,328,-2,AGUA
66,131,-16,AGUA
79,328,-3,AGUA
79,328,-1,AGUA
79,328,-6,AGUA
79,328,-7,AGUA
79,328,-4,AGUA
79,328,-5,AGUA
75,135,-16,AGUA
69,135,-16,AGUA
79,97,-10,AGUA
79,97,-11,AGUA
79,97,-12,AGUA
79,97,-13,AGUA
79,97,-14,AGUA
79,97,-15,AGUA
79,97,-16,AGUA
79,476,-12,AGUA
79,476,-11,AGUA
79,476,-10,AGUA
79,476,-16,AGUA
79,476,-15,AGUA
79,476,-14,AGUA
79,476,-13,AGUA
79,564,-10,AGUA
79,564,-12,AGUA
79,564,-11,AGUA
79,564,-14,AGUA
79,564,-13,AGUA
79,564,-15,AGUA
79,289,-16,AGUA
77,150,-16,AGUA
75,51,-16,AGUA
79,390,-9,AGUA
79,390,-2,AGUA
79,390,-1,AGUA
79,390,-4,AGUA
79,390,-3,AGUA
79,390,-6,AGUA
79,390,-5,AGUA
79,390,-8,AGUA
79,390,-7,AGUA
79,603,-8,AGUA
79,603,-9,AGUA
79,603,-2,AGUA
79,603,-3,AGUA
79,603,-1,AGUA
79,603,-6,AGUA
79,603,-7,AGUA
76,172,-16,AGUA
79,603,-4,AGUA
79,603,-5,AGUA
79,62,-16,AGUA
73,57,-16,AGUA
78,58,-16,AGUA
73,143,-16,AGUA
79,142,-16,AGUA
67,167,-16,AGUA
77,149,-16,AGUA
73,119,-16,AGUA
74,157,-16,AGUA
78,164,-16,AGUA
70,48,-16,AGUA
79,453,-16,AGUA
67,42,-16,AGUA
69,160,-16,AGUA
72,77,-16,AGUA
79,229,-16,AGUA
76,53,-16,AGUA
69,71,-16,AGUA
70,72,-16,AGUA
66,75,-16,AGUA
79,61,-1,AGUA
79,61,-2,AGUA
79,61,-3,AGUA
79,61,-4,AGUA
79,61,-5,AGUA
79,61,-6,AGUA
79,61,-7,AGUA
79,61,-8,AGUA
79,61,-9,AGUA
79,254,-10,AGUA
79,254,-12,AGUA
79,254,-11,AGUA
79,254,-14,AGUA
79,254,-13,AGUA
79,254,-16,AGUA
79,254,-15,AGUA
79,387,-9,AGUA
79,387,-7,AGUA
79,387,-8,AGUA
67,43,-16,AGUA
79,387,-5,AGUA
79,387,-6,AGUA
79,387,-3,AGUA
79,387,-4,AGUA
79,387,-1,AGUA
79,387,-2,AGUA
79,399,-7,AGUA
79,399,-6,AGUA
79,399,-9,AGUA
79,399,-8,AGUA
79,399,-3,AGUA
79,399,-2,AGUA
79,399,-5,AGUA
79,399,-4,AGUA
79,399,-1,AGUA
79,351,-7,AGUA
79,351,-6,AGUA
79,351,-9,AGUA
79,351,-8,AGUA
79,351,-1,AGUA
79,351,-3,AGUA
79,351,-2,AGUA
79,351,-5,AGUA
79,351,-4,AGUA
79,363,-1,AGUA
79,363,-2,AGUA
79,363,-3,AGUA
79,363,-4,AGUA
79,363,-5,AGUA
79,363,-6,AGUA
79,363,-7,AGUA
79,363,-8,AGUA
79,363,-9,AGUA
79,97,-9,AGUA
79,389,-16,AGUA
79,338,-7,AGUA
79,338,-8,AGUA
79,338,-9,AGUA
79,97,-6,AGUA
79,97,-5,AGUA
79,338,-1,AGUA
79,97,-8,AGUA
79,338,-2,AGUA
79,97,-7,AGUA
79,97,-2,AGUA
79,338,-3,AGUA
79,97,-1,AGUA
79,338,-4,AGUA
79,97,-4,AGUA
79,338,-5,AGUA
79,97,-3,AGUA
79,338,-6,AGUA
79,375,-7,AGUA
79,375,-6,AGUA
79,375,-5,AGUA
79,375,-4,AGUA
79,375,-3,AGUA
79,375,-2,AGUA
79,375,-1,AGUA
79,375,-9,AGUA
79,375,-8,AGUA
79,85,-6,AGUA
79,85,-7,AGUA
79,85,-4,AGUA
79,85,-5,AGUA
79,85,-2,AGUA
79,85,-3,AGUA
79,85,-1,AGUA
79,85,-8,AGUA
79,85,-9,AGUA
74,122,-16,AGUA
79,73,-9,AGUA
79,73,-8,AGUA
79,73,-7,AGUA
72,65,-16,AGUA
79,73,-6,AGUA
79,73,-5,AGUA
79,73,-4,AGUA
79,73,-3,AGUA
79,73,-2,AGUA
79,73,-1,AGUA
75,50,-16,AGUA
78,141,-16,AGUA
79,218,-15,AGUA
79,218,-13,AGUA
79,218,-14,AGUA
79,218,-11,AGUA
79,218,-12,AGUA
79,218,-10,AGUA
76,76,-16,AGUA
78,47,-16,AGUA
77,151,-16,AGUA
70,137,-16,AGUA
76,159,-16,AGUA
69,123,-16,AGUA
78,127,-16,AGUA
70,151,-16,AGUA
70,37,-16,AGUA
64,626,-10,AGUA
64,626,-11,AGUA
64,626,-15,AGUA
77,68,-16,AGUA
67,77,-16,AGUA
79,206,-11,AGUA
79,206,-10,AGUA
67,155,-16,AGUA
79,206,-16,AGUA
79,206,-13,AGUA
79,206,-12,AGUA
79,206,-15,AGUA
79,206,-14,AGUA
78,59,-16,AGUA
69,148,-16,AGUA
69,172,-16,AGUA
74,156,-16,AGUA
79,61,-10,AGUA
79,61,-12,AGUA
79,61,-11,AGUA
79,61,-14,AGUA
79,61,-13,AGUA
79,61,-15,AGUA
76,160,-16,AGUA
79,288,-10,AGUA
79,288,-11,AGUA
79,288,-12,AGUA
79,288,-13,AGUA
79,288,-14,AGUA
79,288,-15,AGUA
79,188,-10,AGUA
79,188,-13,AGUA
79,188,-14,AGUA
79,188,-11,AGUA
79,188,-12,AGUA
79,188,-15,AGUA
79,117,-11,AGUA
79,117,-12,AGUA
79,117,-10,AGUA
79,117,-15,AGUA
79,117,-16,AGUA
79,117,-13,AGUA
79,117,-14,AGUA
70,49,-16,AGUA
77,43,-16,AGUA
73,69,-16,AGUA
79,452,-10,AGUA
79,452,-12,AGUA
79,452,-11,AGUA
79,452,-14,AGUA
79,452,-13,AGUA
79,517,-16,AGUA
79,452,-15,AGUA
79,302,-7,AGUA
79,302,-6,AGUA
79,302,-5,AGUA
79,302,-4,AGUA
79,302,-9,AGUA
79,302,-8,AGUA
79,302,-3,AGUA
79,302,-2,AGUA
79,302,-1,AGUA
77,127,-16,AGUA
79,326,-7,AGUA
79,326,-6,AGUA
79,326,-9,AGUA
79,326,-8,AGUA
79,326,-1,AGUA
79,326,-3,AGUA
79,326,-2,AGUA
79,326,-5,AGUA
79,326,-4,AGUA
73,131,-16,AGUA
79,314,-7,AGUA
79,314,-8,AGUA
79,314,-5,AGUA
79,314,-6,AGUA
79,314,-9,AGUA
66,143,-16,AGUA
79,314,-3,AGUA
79,314,-4,AGUA
79,314,-1,AGUA
79,314,-2,AGUA
67,119,-16,AGUA
79,141,-16,AGUA
70,73,-16,AGUA
79,354,-16,AGUA
79,354,-15,AGUA
79,354,-14,AGUA
79,354,-13,AGUA
79,354,-12,AGUA
79,354,-11,AGUA
79,354,-10,AGUA
75,147,-16,AGUA
79,328,-12,AGUA
79,328,-11,AGUA
79,328,-14,AGUA
79,328,-13,AGUA
79,328,-15,AGUA
79,328,-10,AGUA
79,428,-16,AGUA
79,428,-15,AGUA
79,428,-14,AGUA
79,428,-13,AGUA
79,428,-12,AGUA
79,428,-11,AGUA
79,428,-10,AGUA
74,36,-16,AGUA
75,160,-16,AGUA
79,487,-16,AGUA
75,62,-16,AGUA
78,153,-16,AGUA
70,163,-16,AGUA
79,604,-12,AGUA
79,604,-13,AGUA
79,604,-10,AGUA
79,604,-11,AGUA
79,604,-16,AGUA
79,604,-14,AGUA
79,604,-15,AGUA
67,143,-16,AGUA
76,41,-16,AGUA
70,61,-16,AGUA
79,530,-12,AGUA
79,530,-13,AGUA
79,530,-10,AGUA
79,530,-11,AGUA
79,530,-16,AGUA
79,530,-14,AGUA
79,530,-15,AGUA
79,73,-10,AGUA
79,73,-11,AGUA
79,73,-16,AGUA
79,73,-14,AGUA
79,73,-15,AGUA
79,73,-12,AGUA
79,73,-13,AGUA
74,72,-16,AGUA
76,147,-16,AGUA
64,624,-7,AGUA
64,624,-9,AGUA
64,624,-4,AGUA
64,624,-3,AGUA
64,624,-6,AGUA
64,624,-5,AGUA
64,624,-2,AGUA
64,624,-1,AGUA
72,53,-16,AGUA
79,277,-16,AGUA
79,390,-12,AGUA
75,124,-16,AGUA
79,390,-13,AGUA
79,390,-10,AGUA
79,390,-11,AGUA
79,390,-14,AGUA
79,390,-15,AGUA
79,176,-11,AGUA
79,176,-10,AGUA
79,176,-13,AGUA
79,176,-12,AGUA
79,176,-15,AGUA
79,176,-14,AGUA
79,464,-12,AGUA
79,464,-13,AGUA
79,553,-16,AGUA
79,464,-10,AGUA
79,464,-11,AGUA
79,464,-14,AGUA
79,464,-15,AGUA
76,64,-16,AGUA
70,125,-16,AGUA
66,155,-16,AGUA
66,41,-16,AGUA
75,159,-16,AGUA
77,162,-16,AGUA
79,366,-10,AGUA
79,366,-11,AGUA
79,366,-12,AGUA
79,366,-13,AGUA
79,366,-14,AGUA
79,366,-15,AGUA
79,366,-16,AGUA
79,292,-7,AGUA
79,292,-6,AGUA
79,292,-9,AGUA
79,292,-8,AGUA
79,292,-3,AGUA
79,292,-2,AGUA
79,292,-5,AGUA
79,292,-4,AGUA
79,292,-1,AGUA
67,66,-16,AGUA
79,340,-15,AGUA
79,340,-13,AGUA
79,340,-14,AGUA
79,340,-11,AGUA
79,340,-12,AGUA
79,340,-10,AGUA
79,280,-7,AGUA
79,279,-7,AGUA
79,280,-8,AGUA
79,279,-8,AGUA
79,280,-5,AGUA
79,279,-9,AGUA
79,280,-6,AGUA
79,280,-3,AGUA
79,279,-3,AGUA
79,280,-4,AGUA
79,279,-4,AGUA
79,280,-1,AGUA
79,279,-5,AGUA
79,280,-2,AGUA
79,279,-6,AGUA
79,279,-1,AGUA
79,279,-2,AGUA
79,280,-9,AGUA
79,49,-16,AGUA
79,267,-7,AGUA
79,267,-6,AGUA
79,267,-9,AGUA
78,71,-16,AGUA
79,267,-8,AGUA
79,267,-3,AGUA
79,267,-2,AGUA
79,267,-5,AGUA
79,267,-4,AGUA
79,267,-1,AGUA
79,316,-10,AGUA
79,316,-11,AGUA
79,316,-12,AGUA
74,48,-16,AGUA
79,316,-13,AGUA
79,316,-14,AGUA
79,316,-15,AGUA
79,316,-16,AGUA
79,242,-10,AGUA
79,242,-11,AGUA
79,129,-16,AGUA
79,242,-12,AGUA
79,242,-13,AGUA
79,242,-14,AGUA
79,242,-15,AGUA
79,243,-7,AGUA
79,243,-6,AGUA
79,243,-5,AGUA
79,243,-4,AGUA
79,243,-3,AGUA
79,243,-2,AGUA
79,243,-1,AGUA
79,243,-9,AGUA
79,243,-8,AGUA
79,255,-9,AGUA
79,255,-7,AGUA
79,255,-8,AGUA
79,255,-5,AGUA
79,255,-6,AGUA
79,255,-3,AGUA
79,255,-4,AGUA
79,255,-1,AGUA
79,255,-2,AGUA
74,168,-16,AGUA
67,120,-16,AGUA
69,58,-16,AGUA
79,206,-7,AGUA
79,206,-8,AGUA
79,206,-9,AGUA
79,206,-1,AGUA
79,206,-2,AGUA
79,206,-3,AGUA
79,206,-4,AGUA
79,206,-5,AGUA
79,206,-6,AGUA
79,231,-1,AGUA
79,231,-2,AGUA
79,231,-3,AGUA
79,231,-4,AGUA
79,231,-5,AGUA
79,231,-6,AGUA
79,231,-7,AGUA
79,231,-8,AGUA
79,231,-9,AGUA
76,124,-16,AGUA
79,218,-7,AGUA
79,218,-6,AGUA
79,218,-5,AGUA
79,218,-4,AGUA
79,218,-3,AGUA
79,218,-2,AGUA
79,218,-1,AGUA
79,218,-9,AGUA
79,218,-8,AGUA
75,136,-16,AGUA
79,331,-9,AGUA
79,331,-8,AGUA
79,318,-9,AGUA
79,331,-5,AGUA
79,318,-5,AGUA
79,331,-4,AGUA
79,318,-6,AGUA
79,331,-7,AGUA
79,318,-7,AGUA
79,331,-6,AGUA
79,318,-8,AGUA
79,331,-1,AGUA
79,318,-1,AGUA
79,318,-2,AGUA
79,331,-3,AGUA
79,318,-3,AGUA
79,331,-2,AGUA
79,318,-4,AGUA
69,125,-16,AGUA
76,40,-16,AGUA
79,355,-1,AGUA
79,355,-5,AGUA
79,355,-4,AGUA
79,355,-3,AGUA
79,355,-2,AGUA
79,355,-9,AGUA
79,355,-8,AGUA
79,355,-7,AGUA
79,355,-6,AGUA
77,66,-16,AGUA
69,73,-16,AGUA
79,343,-5,AGUA
79,343,-6,AGUA
79,515,-16,AGUA
79,343,-7,AGUA
79,343,-8,AGUA
79,343,-1,AGUA
79,343,-2,AGUA
79,343,-3,AGUA
79,343,-4,AGUA
79,343,-9,AGUA
78,36,-16,AGUA
79,191,-16,AGUA
70,62,-16,AGUA
78,138,-16,AGUA
79,306,-9,AGUA
79,306,-8,AGUA
79,306,-5,AGUA
79,306,-4,AGUA
79,306,-7,AGUA
79,306,-6,AGUA
79,306,-1,AGUA
79,306,-3,AGUA
79,306,-2,AGUA
72,67,-16,AGUA
74,120,-16,AGUA
79,107,-11,AGUA
79,107,-10,AGUA
79,107,-16,AGUA
79,107,-13,AGUA
79,107,-12,AGUA
79,107,-15,AGUA
79,107,-14,AGUA
79,378,-16,AGUA
79,378,-11,AGUA
79,378,-10,AGUA
79,378,-13,AGUA
79,378,-12,AGUA
79,378,-15,AGUA
79,378,-14,AGUA
74,119,-16,AGUA
79,72,-16,AGUA
79,380,-5,AGUA
79,380,-4,AGUA
79,380,-3,AGUA
79,380,-2,AGUA
79,380,-9,AGUA
79,380,-8,AGUA
79,380,-7,AGUA
79,380,-6,AGUA
79,380,-1,AGUA
79,563,-16,AGUA
75,52,-16,AGUA
79,392,-1,AGUA
79,392,-2,AGUA
79,392,-5,AGUA
79,392,-6,AGUA
79,392,-3,AGUA
79,392,-4,AGUA
79,392,-9,AGUA
79,392,-7,AGUA
79,392,-8,AGUA
79,463,-16,AGUA
69,37,-16,AGUA
79,367,-1,AGUA
79,367,-2,AGUA
79,367,-5,AGUA
79,367,-6,AGUA
79,367,-3,AGUA
79,367,-4,AGUA
79,367,-9,AGUA
79,367,-7,AGUA
79,367,-8,AGUA
70,139,-16,AGUA
79,379,-1,AGUA
79,379,-3,AGUA
79,379,-2,AGUA
79,379,-5,AGUA
79,379,-4,AGUA
79,379,-7,AGUA
79,379,-6,AGUA
79,379,-9,AGUA
79,379,-8,AGUA
79,278,-12,AGUA
79,278,-11,AGUA
79,278,-10,AGUA
79,278,-15,AGUA
79,278,-14,AGUA
79,278,-13,AGUA
76,39,-16,AGUA
67,67,-16,AGUA
79,143,-16,AGUA
73,133,-16,AGUA
79,119,-15,AGUA
79,119,-16,AGUA
79,119,-13,AGUA
79,119,-14,AGUA
79,119,-11,AGUA
79,119,-12,AGUA
79,119,-10,AGUA
79,304,-12,AGUA
79,304,-11,AGUA
79,304,-10,AGUA
79,304,-15,AGUA
79,304,-14,AGUA
79,304,-13,AGUA
75,40,-16,AGUA
69,170,-16,AGUA
77,161,-16,AGUA
67,166,-16,AGUA
77,148,-16,AGUA
78,72,-16,AGUA
72,131,-16,AGUA
79,339,-16,AGUA
76,162,-16,AGUA
77,45,-16,AGUA
78,165,-16,AGUA
72,155,-16,AGUA
74,167,-16,AGUA
69,146,-16,AGUA
66,141,-16,AGUA
76,52,-16,AGUA
78,60,-16,AGUA
72,55,-16,AGUA
67,154,-16,AGUA
79,327,-16,AGUA
64,627,-15,AGUA
79,586,-15,AGUA
79,586,-14,AGUA
79,586,-13,AGUA
79,586,-12,AGUA
73,43,-16,AGUA
79,586,-11,AGUA
79,586,-10,AGUA
64,627,-11,AGUA
64,627,-10,AGUA
74,69,-16,AGUA
72,119,-16,AGUA
66,119,-16,AGUA
69,61,-16,AGUA
76,149,-16,AGUA
79,266,-12,AGUA
79,266,-13,AGUA
79,266,-10,AGUA
79,266,-11,AGUA
79,266,-16,AGUA
79,266,-14,AGUA
79,266,-15,AGUA
79,176,-5,AGUA
79,176,-6,AGUA
79,176,-3,AGUA
79,176,-4,AGUA
79,176,-1,AGUA
79,176,-2,AGUA
76,75,-16,AGUA
79,176,-9,AGUA
79,176,-7,AGUA
79,176,-8,AGUA
79,188,-9,AGUA
79,188,-8,AGUA
79,188,-5,AGUA
78,48,-16,AGUA
79,188,-4,AGUA
79,188,-7,AGUA
79,188,-6,AGUA
79,188,-1,AGUA
79,188,-3,AGUA
79,188,-2,AGUA
79,178,-15,AGUA
79,178,-14,AGUA
79,178,-11,AGUA
79,178,-10,AGUA
79,178,-13,AGUA
79,178,-12,AGUA
78,126,-16,AGUA
79,291,-16,AGUA
79,219,-16,AGUA
79,534,-1,AGUA
79,534,-2,AGUA
79,534,-3,AGUA
79,534,-4,AGUA
79,534,-5,AGUA
79,534,-6,AGUA
79,534,-7,AGUA
79,534,-8,AGUA
79,534,-9,AGUA
70,50,-16,AGUA
79,522,-1,AGUA
79,522,-3,AGUA
79,522,-2,AGUA
79,522,-5,AGUA
79,522,-4,AGUA
79,522,-7,AGUA
79,522,-6,AGUA
79,522,-9,AGUA
79,522,-8,AGUA
75,64,-16,AGUA
75,39,-16,AGUA
79,509,-1,AGUA
79,84,-16,AGUA
79,509,-2,AGUA
79,509,-3,AGUA
79,509,-4,AGUA
78,142,-16,AGUA
79,509,-5,AGUA
79,509,-6,AGUA
79,509,-7,AGUA
79,509,-8,AGUA
77,136,-16,AGUA
79,509,-9,AGUA
70,38,-16,AGUA
79,510,-1,AGUA
79,510,-2,AGUA
79,510,-5,AGUA
79,510,-6,AGUA
79,510,-3,AGUA
79,510,-4,AGUA
79,510,-9,AGUA
79,510,-7,AGUA
79,510,-8,AGUA
74,70,-16,AGUA
76,150,-16,AGUA
76,126,-16,AGUA
79,595,-9,AGUA
79,595,-8,AGUA
79,595,-5,AGUA
79,595,-4,AGUA
79,595,-7,AGUA
79,595,-6,AGUA
79,595,-1,AGUA
79,595,-3,AGUA
79,595,-2,AGUA
79,571,-9,AGUA
79,296,-9,AGUA
79,571,-8,AGUA
79,296,-8,AGUA
79,571,-7,AGUA
79,296,-7,AGUA
79,571,-6,AGUA
79,296,-6,AGUA
79,571,-5,AGUA
79,296,-5,AGUA
79,571,-4,AGUA
79,296,-4,AGUA
79,571,-3,AGUA
79,296,-3,AGUA
79,571,-2,AGUA
79,296,-2,AGUA
79,571,-1,AGUA
79,296,-1,AGUA
79,284,-1,AGUA
79,284,-2,AGUA
79,284,-3,AGUA
79,284,-4,AGUA
67,131,-16,AGUA
79,558,-9,AGUA
79,558,-7,AGUA
79,558,-8,AGUA
79,558,-5,AGUA
79,284,-5,AGUA
79,558,-6,AGUA
79,284,-6,AGUA
79,558,-3,AGUA
79,284,-7,AGUA
79,558,-4,AGUA
79,284,-8,AGUA
79,558,-1,AGUA
79,284,-9,AGUA
79,558,-2,AGUA
79,546,-9,AGUA
79,546,-8,AGUA
79,546,-7,AGUA
79,546,-6,AGUA
79,546,-5,AGUA
79,546,-4,AGUA
79,546,-3,AGUA
79,546,-2,AGUA
79,546,-1,AGUA
79,231,-16,AGUA
79,272,-5,AGUA
79,272,-4,AGUA
79,272,-7,AGUA
79,272,-6,AGUA
79,272,-9,AGUA
79,272,-8,AGUA
79,272,-1,AGUA
79,272,-3,AGUA
79,272,-2,AGUA
79,259,-1,AGUA
79,259,-2,AGUA
70,127,-16,AGUA
79,259,-3,AGUA
79,259,-4,AGUA
79,259,-5,AGUA
79,259,-6,AGUA
79,259,-7,AGUA
79,259,-8,AGUA
69,158,-16,AGUA
79,259,-9,AGUA
79,403,-16,AGUA
77,173,-16,AGUA
79,260,-1,AGUA
79,260,-2,AGUA
79,247,-1,AGUA
79,247,-3,AGUA
79,551,-16,AGUA
79,247,-2,AGUA
79,260,-5,AGUA
79,247,-5,AGUA
79,247,-4,AGUA
79,260,-6,AGUA
79,260,-3,AGUA
79,247,-7,AGUA
79,260,-4,AGUA
79,247,-6,AGUA
79,260,-9,AGUA
79,247,-9,AGUA
79,247,-8,AGUA
79,260,-7,AGUA
79,260,-8,AGUA
74,46,-16,AGUA
66,153,-16,AGUA
79,223,-1,AGUA
79,223,-5,AGUA
79,223,-4,AGUA
79,223,-3,AGUA
79,223,-2,AGUA
79,223,-9,AGUA
79,223,-8,AGUA
79,223,-7,AGUA
79,223,-6,AGUA
74,144,-16,AGUA
79,235,-1,AGUA
79,235,-2,AGUA
79,583,-5,AGUA
79,235,-5,AGUA
79,583,-6,AGUA
79,235,-6,AGUA
79,583,-3,AGUA
79,235,-3,AGUA
79,583,-4,AGUA
79,235,-4,AGUA
79,583,-1,AGUA
79,235,-9,AGUA
79,583,-2,AGUA
79,235,-7,AGUA
79,235,-8,AGUA
79,583,-9,AGUA
79,583,-7,AGUA
79,583,-8,AGUA
79,89,-4,AGUA
79,89,-5,AGUA
79,89,-6,AGUA
79,89,-7,AGUA
75,172,-16,AGUA
79,89,-8,AGUA
79,89,-9,AGUA
79,89,-1,AGUA
79,89,-2,AGUA
79,89,-3,AGUA
75,148,-16,AGUA
79,211,-5,AGUA
79,211,-6,AGUA
79,211,-7,AGUA
79,211,-8,AGUA
79,211,-1,AGUA
79,211,-2,AGUA
79,211,-3,AGUA
79,211,-4,AGUA
79,211,-9,AGUA
79,77,-4,AGUA
70,161,-16,AGUA
79,77,-3,AGUA
79,77,-6,AGUA
79,77,-5,AGUA
79,77,-8,AGUA
79,77,-7,AGUA
79,77,-9,AGUA
79,77,-2,AGUA
79,77,-1,AGUA
73,121,-16,AGUA
79,53,-9,AGUA
79,53,-4,AGUA
79,53,-3,AGUA
79,53,-2,AGUA
79,53,-1,AGUA
79,53,-8,AGUA
79,53,-7,AGUA
79,53,-6,AGUA
79,53,-5,AGUA
79,65,-4,AGUA
79,65,-5,AGUA
79,65,-2,AGUA
79,65,-3,AGUA
79,65,-8,AGUA
79,65,-9,AGUA
79,65,-6,AGUA
79,65,-7,AGUA
79,65,-1,AGUA
79,498,-10,AGUA
79,498,-12,AGUA
79,498,-11,AGUA
67,55,-16,AGUA
79,498,-14,AGUA
79,498,-13,AGUA
79,498,-15,AGUA
72,143,-16,AGUA
66,129,-16,AGUA
79,155,-16,AGUA
79,440,-10,AGUA
79,440,-11,AGUA
79,440,-12,AGUA
79,440,-13,AGUA
79,440,-14,AGUA
79,440,-15,AGUA
79,440,-16,AGUA
79,90,-4,AGUA
79,90,-5,AGUA
79,90,-2,AGUA
79,90,-3,AGUA
79,90,-8,AGUA
79,90,-9,AGUA
79,90,-6,AGUA
79,90,-7,AGUA
79,90,-1,AGUA
79,416,-10,AGUA
79,416,-15,AGUA
79,416,-16,AGUA
79,416,-13,AGUA
79,416,-14,AGUA
79,416,-11,AGUA
79,416,-12,AGUA
76,173,-16,AGUA
78,154,-16,AGUA
79,486,-10,AGUA
79,486,-11,AGUA
79,486,-12,AGUA
79,486,-13,AGUA
79,486,-14,AGUA
79,486,-15,AGUA
75,63,-16,AGUA
75,161,-16,AGUA
79,504,-15,AGUA
79,504,-16,AGUA
79,504,-11,AGUA
79,504,-12,AGUA
79,504,-13,AGUA
79,504,-14,AGUA
79,504,-10,AGUA
69,48,-16,AGUA
79,220,-14,AGUA
79,220,-15,AGUA
79,220,-12,AGUA
79,220,-13,AGUA
79,220,-10,AGUA
79,220,-11,AGUA
69,136,-16,AGUA
79,290,-15,AGUA
74,71,-16,AGUA
79,290,-11,AGUA
79,290,-12,AGUA
79,290,-13,AGUA
79,290,-14,AGUA
79,290,-10,AGUA
67,142,-16,AGUA
77,137,-16,AGUA
79,83,-15,AGUA
79,83,-14,AGUA
79,83,-13,AGUA
79,83,-12,AGUA
79,83,-11,AGUA
79,83,-10,AGUA
77,55,-16,AGUA
79,500,-1,AGUA
79,500,-2,AGUA
79,500,-3,AGUA
79,500,-8,AGUA
79,500,-9,AGUA
79,500,-4,AGUA
79,500,-5,AGUA
79,500,-6,AGUA
79,500,-7,AGUA
70,51,-16,AGUA
78,61,-16,AGUA
75,125,-16,AGUA
79,391,-16,AGUA
79,548,-1,AGUA
79,548,-2,AGUA
79,548,-3,AGUA
79,548,-4,AGUA
79,548,-5,AGUA
79,548,-6,AGUA
79,548,-7,AGUA
79,548,-8,AGUA
79,548,-9,AGUA
79,536,-2,AGUA
79,536,-1,AGUA
79,536,-4,AGUA
79,536,-3,AGUA
79,536,-6,AGUA
79,536,-5,AGUA
79,536,-8,AGUA
79,536,-7,AGUA
79,536,-9,AGUA
67,130,-16,AGUA
76,125,-16,AGUA
77,172,-16,AGUA
79,232,-14,AGUA
79,232,-13,AGUA
79,232,-12,AGUA
79,232,-11,AGUA
79,512,-4,AGUA
79,512,-3,AGUA
79,512,-2,AGUA
79,232,-15,AGUA
79,512,-1,AGUA
79,585,-8,AGUA
79,512,-8,AGUA
79,585,-7,AGUA
79,512,-7,AGUA
79,585,-6,AGUA
79,512,-6,AGUA
79,585,-5,AGUA
79,512,-5,AGUA
79,232,-10,AGUA
79,585,-4,AGUA
79,585,-3,AGUA
79,585,-2,AGUA
79,585,-1,AGUA
79,512,-9,AGUA
79,585,-9,AGUA
79,597,-1,AGUA
79,524,-1,AGUA
79,524,-4,AGUA
79,524,-5,AGUA
79,524,-2,AGUA
79,524,-3,AGUA
79,597,-8,AGUA
79,524,-8,AGUA
79,597,-9,AGUA
79,524,-9,AGUA
79,597,-6,AGUA
79,524,-6,AGUA
79,597,-7,AGUA
79,524,-7,AGUA
79,597,-4,AGUA
66,165,-16,AGUA
79,597,-5,AGUA
79,597,-2,AGUA
79,597,-3,AGUA
79,294,-8,AGUA
79,294,-9,AGUA
79,294,-6,AGUA
79,294,-7,AGUA
79,294,-4,AGUA
79,294,-5,AGUA
79,294,-2,AGUA
79,294,-3,AGUA
79,294,-1,AGUA
79,282,-2,AGUA
79,282,-1,AGUA
79,282,-9,AGUA
79,282,-8,AGUA
79,282,-7,AGUA
79,282,-6,AGUA
79,282,-5,AGUA
79,282,-4,AGUA
79,282,-3,AGUA
79,552,-10,AGUA
79,552,-11,AGUA
79,552,-12,AGUA
79,269,-8,AGUA
79,552,-13,AGUA
79,269,-9,AGUA
79,552,-14,AGUA
79,269,-6,AGUA
79,552,-15,AGUA
79,269,-7,AGUA
79,269,-4,AGUA
79,269,-5,AGUA
79,269,-2,AGUA
79,573,-8,AGUA
79,269,-3,AGUA
79,573,-9,AGUA
79,269,-1,AGUA
79,573,-1,AGUA
79,573,-2,AGUA
79,573,-3,AGUA
79,573,-4,AGUA
79,573,-5,AGUA
79,573,-6,AGUA
79,573,-7,AGUA
79,270,-2,AGUA
79,270,-3,AGUA
79,270,-4,AGUA
79,270,-5,AGUA
79,270,-6,AGUA
79,270,-7,AGUA
79,270,-8,AGUA
79,270,-9,AGUA
79,257,-9,AGUA
79,257,-8,AGUA
79,257,-7,AGUA
79,257,-6,AGUA
79,257,-5,AGUA
79,257,-4,AGUA
79,270,-1,AGUA
79,257,-3,AGUA
79,257,-2,AGUA
79,257,-1,AGUA
79,561,-2,AGUA
79,561,-1,AGUA
79,561,-4,AGUA
79,561,-3,AGUA
79,561,-6,AGUA
79,561,-5,AGUA
79,539,-16,AGUA
79,561,-8,AGUA
79,561,-7,AGUA
79,561,-9,AGUA
76,63,-16,AGUA
79,154,-16,AGUA
74,143,-16,AGUA
79,233,-2,AGUA
79,233,-1,AGUA
79,233,-4,AGUA
79,233,-3,AGUA
79,233,-6,AGUA
79,233,-5,AGUA
79,233,-8,AGUA
79,233,-7,AGUA
79,233,-9,AGUA
67,56,-16,AGUA
79,245,-1,AGUA
79,245,-2,AGUA
79,245,-3,AGUA
79,245,-4,AGUA
79,245,-5,AGUA
79,245,-6,AGUA
79,245,-7,AGUA
79,245,-8,AGUA
79,245,-9,AGUA
79,48,-16,AGUA
79,221,-8,AGUA
79,221,-9,AGUA
73,71,-16,AGUA
79,221,-2,AGUA
79,221,-3,AGUA
79,221,-1,AGUA
79,221,-6,AGUA
79,221,-7,AGUA
79,221,-4,AGUA
79,221,-5,AGUA
75,173,-16,AGUA
79,208,-9,AGUA
79,208,-2,AGUA
79,208,-1,AGUA
79,208,-4,AGUA
79,208,-3,AGUA
79,208,-6,AGUA
79,208,-5,AGUA
79,208,-8,AGUA
79,208,-7,AGUA
70,173,-16,AGUA
69,72,-16,AGUA
67,44,-16,AGUA
79,190,-10,AGUA
79,190,-11,AGUA
79,190,-14,AGUA
79,190,-15,AGUA
79,190,-12,AGUA
79,190,-13,AGUA
75,137,-16,AGUA
78,137,-16,AGUA
79,95,-16,AGUA
79,95,-12,AGUA
79,95,-13,AGUA
79,95,-14,AGUA
79,95,-15,AGUA
73,167,-16,AGUA
79,75,-9,AGUA
79,95,-10,AGUA
79,95,-11,AGUA
79,75,-1,AGUA
79,75,-2,AGUA
79,75,-3,AGUA
79,75,-4,AGUA
79,75,-5,AGUA
79,75,-6,AGUA
79,75,-7,AGUA
79,75,-8,AGUA
77,125,-16,AGUA
78,37,-16,AGUA
79,63,-1,AGUA
79,63,-3,AGUA
79,63,-2,AGUA
79,499,-1,AGUA
79,63,-5,AGUA
79,499,-2,AGUA
79,63,-4,AGUA
79,63,-7,AGUA
79,63,-6,AGUA
79,499,-5,AGUA
79,499,-6,AGUA
79,499,-3,AGUA
79,499,-4,AGUA
79,499,-9,AGUA
79,499,-7,AGUA
79,499,-8,AGUA
79,63,-9,AGUA
79,63,-8,AGUA
79,338,-10,AGUA
79,338,-11,AGUA
79,338,-14,AGUA
79,338,-15,AGUA
79,338,-12,AGUA
79,338,-13,AGUA
79,451,-16,AGUA
79,451,-5,AGUA
79,451,-6,AGUA
79,451,-3,AGUA
79,451,-4,AGUA
79,451,-1,AGUA
79,451,-2,AGUA
79,451,-9,AGUA
79,451,-7,AGUA
79,451,-8,AGUA
79,463,-9,AGUA
79,463,-8,AGUA
69,36,-16,AGUA
79,463,-5,AGUA
79,463,-4,AGUA
79,463,-7,AGUA
79,463,-6,AGUA
79,463,-1,AGUA
79,463,-3,AGUA
79,463,-2,AGUA
79,404,-13,AGUA
79,404,-12,AGUA
79,404,-15,AGUA
79,404,-14,AGUA
79,487,-1,AGUA
79,426,-9,AGUA
79,426,-7,AGUA
79,426,-8,AGUA
79,487,-5,AGUA
79,426,-5,AGUA
79,487,-4,AGUA
79,426,-6,AGUA
79,404,-11,AGUA
79,487,-3,AGUA
79,426,-3,AGUA
79,404,-10,AGUA
79,487,-2,AGUA
79,426,-4,AGUA
79,426,-1,AGUA
79,487,-9,AGUA
79,426,-2,AGUA
79,487,-8,AGUA
79,487,-7,AGUA
79,487,-6,AGUA
79,414,-9,AGUA
79,414,-8,AGUA
79,414,-7,AGUA
79,414,-6,AGUA
79,475,-5,AGUA
79,414,-5,AGUA
79,414,-4,AGUA
79,475,-6,AGUA
79,414,-3,AGUA
79,475,-7,AGUA
79,414,-2,AGUA
79,475,-8,AGUA
79,475,-1,AGUA
79,414,-1,AGUA
79,475,-2,AGUA
79,475,-3,AGUA
79,475,-4,AGUA
79,475,-9,AGUA
79,59,-13,AGUA
79,59,-12,AGUA
79,59,-15,AGUA
79,59,-14,AGUA
77,67,-16,AGUA
79,59,-11,AGUA
79,59,-10,AGUA
70,138,-16,AGUA
79,438,-9,AGUA
74,58,-16,AGUA
79,438,-8,AGUA
74,132,-16,AGUA
79,438,-5,AGUA
79,438,-4,AGUA
79,438,-7,AGUA
79,438,-6,AGUA
79,438,-1,AGUA
79,438,-3,AGUA
79,438,-2,AGUA
69,124,-16,AGUA
79,189,-16,AGUA
79,113,-1,AGUA
79,113,-2,AGUA
79,113,-3,AGUA
79,113,-4,AGUA
79,113,-5,AGUA
79,113,-6,AGUA
79,113,-7,AGUA
79,113,-8,AGUA
79,113,-9,AGUA
74,155,-16,AGUA
79,101,-2,AGUA
79,101,-1,AGUA
79,101,-4,AGUA
79,101,-3,AGUA
72,167,-16,AGUA
79,101,-6,AGUA
79,101,-5,AGUA
79,101,-8,AGUA
79,101,-7,AGUA
79,101,-9,AGUA
79,208,-11,AGUA
79,208,-10,AGUA
79,208,-13,AGUA
79,208,-12,AGUA
70,150,-16,AGUA
79,208,-15,AGUA
79,208,-14,AGUA
69,147,-16,AGUA
70,74,-16,AGUA
66,51,-16,AGUA
69,171,-16,AGUA
79,402,-1,AGUA
79,402,-2,AGUA
79,402,-3,AGUA
79,402,-4,AGUA
79,402,-5,AGUA
79,402,-6,AGUA
79,402,-7,AGUA
79,402,-8,AGUA
79,402,-9,AGUA
73,59,-16,AGUA
79,474,-10,AGUA
77,44,-16,AGUA
79,174,-2,AGUA
79,174,-1,AGUA
79,474,-16,AGUA
79,174,-4,AGUA
79,474,-15,AGUA
79,174,-3,AGUA
79,474,-14,AGUA
75,75,-16,AGUA
79,474,-13,AGUA
79,60,-16,AGUA
79,474,-12,AGUA
79,474,-11,AGUA
79,174,-9,AGUA
79,303,-16,AGUA
79,174,-6,AGUA
79,174,-5,AGUA
79,174,-8,AGUA
79,174,-7,AGUA
78,166,-16,AGUA
79,198,-2,AGUA
79,198,-1,AGUA
79,198,-6,AGUA
79,198,-5,AGUA
79,198,-4,AGUA
79,198,-3,AGUA
79,198,-9,AGUA
79,198,-8,AGUA
79,198,-7,AGUA
79,186,-6,AGUA
79,186,-7,AGUA
79,186,-8,AGUA
79,186,-9,AGUA
76,161,-16,AGUA
72,43,-16,AGUA
79,186,-2,AGUA
79,186,-3,AGUA
79,186,-4,AGUA
79,186,-5,AGUA
79,186,-1,AGUA
69,60,-16,AGUA
67,165,-16,AGUA
76,137,-16,AGUA
79,516,-15,AGUA
79,516,-14,AGUA
79,516,-11,AGUA
79,516,-10,AGUA
79,516,-13,AGUA
79,516,-12,AGUA
79,36,-16,AGUA
79,540,-10,AGUA
79,540,-15,AGUA
79,540,-14,AGUA
79,540,-13,AGUA
79,540,-12,AGUA
79,540,-11,AGUA
79,598,-16,AGUA
79,598,-10,AGUA
79,598,-11,AGUA
79,598,-12,AGUA
79,598,-13,AGUA
79,598,-14,AGUA
79,598,-15,AGUA
76,51,-16,AGUA
79,103,-13,AGUA
79,103,-12,AGUA
79,103,-15,AGUA
79,103,-14,AGUA
79,103,-11,AGUA
79,103,-10,AGUA
78,161,-16,AGUA
79,344,-11,AGUA
79,344,-12,AGUA
64,628,-10,AGUA
64,628,-11,AGUA
79,344,-10,AGUA
79,344,-15,AGUA
79,344,-16,AGUA
79,344,-13,AGUA
79,344,-14,AGUA
64,628,-15,AGUA
78,50,-16,AGUA
79,450,-10,AGUA
79,450,-12,AGUA
79,450,-11,AGUA
75,47,-16,AGUA
79,450,-14,AGUA
79,450,-13,AGUA
79,450,-15,AGUA
67,171,-16,AGUA
74,68,-16,AGUA
67,45,-16,AGUA
77,71,-16,AGUA
70,153,-16,AGUA
76,44,-16,AGUA
79,308,-16,AGUA
79,308,-15,AGUA
79,308,-14,AGUA
79,308,-13,AGUA
79,308,-12,AGUA
69,121,-16,AGUA
79,308,-11,AGUA
79,308,-10,AGUA
69,68,-16,AGUA
69,168,-16,AGUA
75,150,-16,AGUA
79,178,-8,AGUA
79,178,-7,AGUA
79,178,-6,AGUA
79,178,-5,AGUA
79,178,-4,AGUA
79,178,-3,AGUA
79,178,-2,AGUA
79,178,-1,AGUA
79,178,-9,AGUA
79,520,-14,AGUA
79,520,-13,AGUA
79,520,-15,AGUA
79,520,-10,AGUA
79,520,-12,AGUA
79,520,-11,AGUA
77,165,-16,AGUA
79,191,-1,AGUA
79,191,-2,AGUA
79,191,-3,AGUA
79,191,-4,AGUA
79,191,-5,AGUA
79,191,-6,AGUA
79,191,-7,AGUA
79,191,-8,AGUA
79,191,-9,AGUA
79,58,-16,AGUA
79,362,-10,AGUA
79,362,-11,AGUA
79,362,-12,AGUA
79,362,-13,AGUA
79,362,-14,AGUA
79,362,-15,AGUA
79,362,-16,AGUA
78,49,-16,AGUA
79,274,-8,AGUA
79,274,-9,AGUA
79,274,-6,AGUA
79,274,-7,AGUA
79,274,-1,AGUA
79,274,-4,AGUA
79,274,-5,AGUA
79,274,-2,AGUA
79,274,-3,AGUA
79,262,-4,AGUA
79,262,-3,AGUA
79,262,-2,AGUA
79,262,-1,AGUA
79,262,-8,AGUA
79,262,-7,AGUA
79,262,-6,AGUA
79,262,-5,AGUA
79,262,-9,AGUA
79,237,-4,AGUA
79,237,-3,AGUA
79,237,-2,AGUA
79,237,-1,AGUA
79,237,-8,AGUA
79,237,-7,AGUA
79,237,-6,AGUA
79,237,-5,AGUA
79,237,-9,AGUA
79,250,-8,AGUA
79,250,-9,AGUA
79,250,-4,AGUA
79,250,-5,AGUA
79,250,-6,AGUA
79,250,-7,AGUA
79,250,-1,AGUA
79,250,-2,AGUA
79,250,-3,AGUA
79,249,-1,AGUA
79,249,-4,AGUA
79,249,-5,AGUA
79,249,-2,AGUA
79,249,-3,AGUA
79,249,-8,AGUA
79,249,-9,AGUA
79,249,-6,AGUA
79,249,-7,AGUA
70,69,-16,AGUA
79,213,-2,AGUA
79,213,-1,AGUA
79,213,-8,AGUA
79,213,-7,AGUA
79,213,-9,AGUA
79,213,-4,AGUA
79,213,-3,AGUA
79,519,-16,AGUA
79,213,-6,AGUA
79,213,-5,AGUA
79,201,-1,AGUA
79,201,-8,AGUA
78,131,-16,AGUA
79,201,-9,AGUA
79,201,-6,AGUA
79,201,-7,AGUA
79,201,-4,AGUA
79,201,-5,AGUA
77,153,-16,AGUA
79,201,-2,AGUA
79,201,-3,AGUA
79,225,-1,AGUA
79,225,-2,AGUA
79,225,-3,AGUA
79,225,-8,AGUA
79,225,-9,AGUA
79,225,-4,AGUA
79,225,-5,AGUA
79,225,-6,AGUA
79,225,-7,AGUA
66,145,-16,AGUA
67,123,-16,AGUA
76,127,-16,AGUA
76,56,-16,AGUA
70,141,-16,AGUA
79,402,-15,AGUA
79,402,-14,AGUA
79,402,-11,AGUA
79,402,-10,AGUA
76,140,-16,AGUA
79,402,-13,AGUA
79,402,-12,AGUA
79,115,-13,AGUA
79,115,-14,AGUA
79,115,-11,AGUA
79,115,-12,AGUA
79,115,-10,AGUA
79,115,-15,AGUA
79,115,-16,AGUA
79,186,-11,AGUA
79,186,-12,AGUA
79,186,-10,AGUA
79,186,-15,AGUA
79,186,-13,AGUA
79,186,-14,AGUA
75,149,-16,AGUA
75,59,-16,AGUA
77,129,-16,AGUA
67,147,-16,AGUA
79,497,-16,AGUA
79,256,-14,AGUA
79,256,-13,AGUA
79,256,-16,AGUA
79,256,-15,AGUA
79,256,-10,AGUA
79,256,-12,AGUA
79,256,-11,AGUA
79,397,-16,AGUA
75,119,-16,AGUA
74,154,-16,AGUA
79,492,-9,AGUA
79,492,-8,AGUA
79,492,-7,AGUA
79,492,-6,AGUA
79,492,-5,AGUA
79,492,-4,AGUA
79,492,-3,AGUA
79,492,-2,AGUA
79,492,-1,AGUA
69,56,-16,AGUA
79,479,-3,AGUA
79,479,-4,AGUA
79,479,-1,AGUA
79,479,-2,AGUA
79,602,-10,AGUA
79,602,-11,AGUA
79,479,-9,AGUA
79,479,-7,AGUA
79,479,-8,AGUA
79,479,-5,AGUA
79,479,-6,AGUA
79,602,-16,AGUA
79,602,-14,AGUA
79,602,-15,AGUA
79,602,-12,AGUA
79,602,-13,AGUA
79,480,-3,AGUA
79,480,-4,AGUA
79,480,-5,AGUA
79,480,-6,AGUA
79,480,-7,AGUA
79,480,-8,AGUA
79,480,-9,AGUA
79,480,-1,AGUA
79,480,-2,AGUA
70,165,-16,AGUA
79,426,-15,AGUA
79,426,-14,AGUA
79,426,-13,AGUA
79,426,-12,AGUA
77,141,-16,AGUA
79,426,-16,AGUA
79,426,-11,AGUA
79,426,-10,AGUA
74,130,-16,AGUA
79,174,-11,AGUA
79,174,-10,AGUA
79,174,-13,AGUA
79,174,-12,AGUA
79,174,-15,AGUA
79,174,-14,AGUA
79,431,-3,AGUA
79,431,-4,AGUA
79,431,-1,AGUA
79,431,-2,AGUA
79,431,-7,AGUA
79,431,-8,AGUA
79,431,-5,AGUA
79,431,-6,AGUA
79,431,-9,AGUA
76,163,-16,AGUA
79,443,-3,AGUA
79,443,-2,AGUA
79,443,-5,AGUA
79,443,-4,AGUA
79,443,-7,AGUA
79,443,-6,AGUA
79,443,-9,AGUA
79,443,-8,AGUA
79,443,-1,AGUA
75,60,-16,AGUA
75,162,-16,AGUA
79,244,-14,AGUA
79,244,-15,AGUA
79,244,-16,AGUA
79,244,-10,AGUA
79,244,-11,AGUA
79,244,-12,AGUA
79,244,-13,AGUA
79,455,-3,AGUA
79,455,-4,AGUA
79,455,-5,AGUA
79,455,-6,AGUA
79,455,-7,AGUA
79,455,-8,AGUA
79,455,-9,AGUA
79,455,-1,AGUA
79,455,-2,AGUA
64,628,-9,AGUA
64,628,-7,AGUA
64,628,-6,AGUA
64,628,-5,AGUA
64,628,-4,AGUA
64,628,-3,AGUA
64,628,-2,AGUA
64,628,-1,AGUA
79,467,-3,AGUA
79,467,-2,AGUA
79,467,-1,AGUA
79,467,-9,AGUA
79,467,-8,AGUA
79,467,-7,AGUA
79,467,-6,AGUA
79,467,-5,AGUA
79,467,-4,AGUA
79,332,-11,AGUA
79,332,-10,AGUA
79,332,-13,AGUA
79,332,-12,AGUA
79,332,-15,AGUA
79,332,-14,AGUA
67,158,-16,AGUA
74,56,-16,AGUA
79,532,-16,AGUA
79,532,-14,AGUA
79,532,-15,AGUA
79,532,-12,AGUA
79,532,-13,AGUA
79,532,-10,AGUA
79,532,-11,AGUA
79,71,-16,AGUA
79,71,-14,AGUA
79,71,-15,AGUA
79,71,-12,AGUA
79,71,-13,AGUA
79,71,-10,AGUA
79,71,-11,AGUA
79,418,-3,AGUA
79,418,-2,AGUA
79,418,-5,AGUA
79,418,-4,AGUA
79,418,-7,AGUA
79,418,-6,AGUA
79,418,-9,AGUA
79,418,-8,AGUA
75,126,-16,AGUA
79,418,-1,AGUA
79,406,-3,AGUA
79,406,-4,AGUA
79,406,-1,AGUA
79,406,-2,AGUA
79,406,-7,AGUA
79,406,-8,AGUA
79,406,-5,AGUA
79,406,-6,AGUA
79,406,-9,AGUA
79,462,-10,AGUA
79,462,-11,AGUA
79,462,-14,AGUA
79,462,-15,AGUA
79,462,-12,AGUA
79,462,-13,AGUA
79,374,-11,AGUA
79,374,-10,AGUA
79,374,-13,AGUA
79,374,-12,AGUA
79,374,-15,AGUA
79,374,-14,AGUA
67,68,-16,AGUA
79,279,-16,AGUA
79,438,-10,AGUA
79,438,-15,AGUA
79,438,-16,AGUA
79,438,-11,AGUA
79,438,-12,AGUA
79,438,-13,AGUA
79,438,-14,AGUA
78,73,-16,AGUA
70,57,-16,AGUA
74,129,-16,AGUA
79,384,-7,AGUA
79,384,-6,AGUA
79,384,-9,AGUA
79,384,-8,AGUA
79,384,-3,AGUA
79,384,-2,AGUA
79,384,-5,AGUA
79,384,-4,AGUA
79,384,-1,AGUA
79,151,-16,AGUA
78,173,-16,AGUA
79,396,-3,AGUA
79,396,-4,AGUA
79,396,-5,AGUA
79,396,-6,AGUA
79,396,-1,AGUA
79,396,-2,AGUA
66,43,-16,AGUA
79,396,-7,AGUA
79,396,-8,AGUA
79,396,-9,AGUA
77,46,-16,AGUA
78,149,-16,AGUA
74,166,-16,AGUA
72,45,-16,AGUA
79,117,-1,AGUA
67,135,-16,AGUA
79,117,-4,AGUA
79,117,-5,AGUA
79,117,-2,AGUA
79,117,-3,AGUA
79,117,-8,AGUA
79,117,-9,AGUA
79,117,-6,AGUA
79,117,-7,AGUA
79,281,-16,AGUA
79,105,-4,AGUA
79,105,-3,AGUA
79,105,-2,AGUA
79,105,-1,AGUA
79,105,-8,AGUA
79,105,-7,AGUA
79,105,-6,AGUA
79,105,-5,AGUA
79,105,-9,AGUA
79,485,-16,AGUA
76,139,-16,AGUA
79,555,-16,AGUA
66,157,-16,AGUA
69,145,-16,AGUA
74,131,-16,AGUA
79,398,-13,AGUA
79,398,-12,AGUA
79,398,-11,AGUA
79,398,-10,AGUA
79,398,-15,AGUA
79,398,-14,AGUA
79,69,-11,AGUA
79,69,-12,AGUA
79,69,-10,AGUA
79,69,-15,AGUA
79,69,-16,AGUA
79,69,-13,AGUA
79,69,-14,AGUA
69,132,-16,AGUA
72,127,-16,AGUA
67,146,-16,AGUA
67,70,-16,AGUA
73,139,-16,AGUA
79,477,-2,AGUA
79,477,-1,AGUA
79,477,-8,AGUA
79,477,-7,AGUA
79,477,-9,AGUA
79,477,-4,AGUA
79,477,-3,AGUA
79,477,-6,AGUA
79,477,-5,AGUA
77,59,-16,AGUA
79,465,-1,AGUA
79,465,-8,AGUA
79,465,-9,AGUA
79,465,-6,AGUA
79,465,-7,AGUA
79,465,-4,AGUA
79,465,-5,AGUA
79,465,-2,AGUA
79,465,-3,AGUA
78,38,-16,AGUA
79,489,-1,AGUA
79,489,-2,AGUA
79,489,-3,AGUA
79,489,-8,AGUA
79,489,-9,AGUA
79,489,-4,AGUA
79,489,-5,AGUA
79,489,-6,AGUA
79,489,-7,AGUA
79,490,-8,AGUA
79,490,-9,AGUA
79,490,-6,AGUA
79,490,-7,AGUA
79,490,-4,AGUA
79,490,-5,AGUA
79,490,-2,AGUA
79,490,-3,AGUA
79,490,-1,AGUA
79,162,-16,AGUA
79,416,-1,AGUA
79,416,-2,AGUA
79,416,-3,AGUA
79,416,-4,AGUA
79,416,-5,AGUA
79,416,-6,AGUA
79,416,-7,AGUA
79,416,-8,AGUA
79,416,-9,AGUA
79,404,-2,AGUA
79,404,-1,AGUA
79,404,-4,AGUA
79,404,-3,AGUA
79,404,-6,AGUA
79,404,-5,AGUA
79,404,-8,AGUA
79,404,-7,AGUA
79,404,-9,AGUA
79,461,-16,AGUA
66,55,-16,AGUA
79,441,-8,AGUA
79,441,-9,AGUA
79,441,-1,AGUA
79,441,-2,AGUA
79,441,-3,AGUA
79,441,-4,AGUA
79,441,-5,AGUA
79,441,-6,AGUA
79,441,-7,AGUA
79,453,-8,AGUA
79,453,-7,AGUA
79,453,-6,AGUA
79,453,-5,AGUA
79,453,-4,AGUA
79,453,-3,AGUA
79,453,-2,AGUA
79,453,-1,AGUA
79,453,-9,AGUA
75,138,-16,AGUA
75,36,-16,AGUA
74,57,-16,AGUA
79,508,-11,AGUA
79,508,-12,AGUA
79,508,-13,AGUA
79,508,-14,AGUA
79,508,-10,AGUA
79,508,-15,AGUA
72,163,-16,AGUA
79,428,-9,AGUA
79,428,-8,AGUA
79,428,-7,AGUA
79,428,-6,AGUA
79,428,-5,AGUA
79,428,-4,AGUA
79,428,-3,AGUA
79,428,-2,AGUA
79,428,-1,AGUA
79,70,-16,AGUA
79,320,-10,AGUA
79,320,-11,AGUA
79,320,-12,AGUA
79,320,-13,AGUA
79,320,-14,AGUA
79,320,-15,AGUA
79,320,-16,AGUA
70,58,-16,AGUA
74,45,-16,AGUA
78,74,-16,AGUA
79,209,-16,AGUA
70,128,-16,AGUA
69,157,-16,AGUA
79,580,-15,AGUA
69,120,-16,AGUA
79,580,-10,AGUA
79,580,-13,AGUA
79,580,-14,AGUA
79,580,-11,AGUA
79,580,-12,AGUA
79,150,-16,AGUA
74,165,-16,AGUA
76,67,-16,AGUA
67,134,-16,AGUA
69,44,-16,AGUA
79,55,-7,AGUA
79,55,-8,AGUA
79,55,-9,AGUA
79,55,-3,AGUA
79,55,-4,AGUA
79,55,-5,AGUA
79,55,-6,AGUA
79,55,-1,AGUA
79,55,-2,AGUA
78,150,-16,AGUA
79,386,-10,AGUA
79,386,-13,AGUA
79,386,-14,AGUA
79,386,-11,AGUA
79,386,-12,AGUA
79,386,-15,AGUA
79,386,-16,AGUA
79,92,-7,AGUA
79,92,-6,AGUA
79,92,-5,AGUA
79,92,-4,AGUA
79,92,-9,AGUA
79,92,-8,AGUA
79,92,-3,AGUA
79,92,-2,AGUA
79,92,-1,AGUA
67,69,-16,AGUA
77,142,-16,AGUA
79,80,-1,AGUA
79,80,-2,AGUA
79,80,-7,AGUA
79,80,-8,AGUA
79,80,-9,AGUA
73,163,-16,AGUA
79,115,-1,AGUA
79,80,-3,AGUA
79,80,-4,AGUA
79,115,-3,AGUA
79,80,-5,AGUA
79,115,-2,AGUA
79,80,-6,AGUA
79,115,-5,AGUA
79,115,-4,AGUA
79,115,-7,AGUA
79,115,-6,AGUA
79,115,-9,AGUA
79,115,-8,AGUA
76,151,-16,AGUA
73,41,-16,AGUA
79,103,-1,AGUA
79,103,-2,AGUA
79,103,-5,AGUA
79,103,-6,AGUA
79,103,-3,AGUA
79,103,-4,AGUA
79,103,-9,AGUA
79,103,-7,AGUA
79,103,-8,AGUA
79,79,-7,AGUA
79,79,-8,AGUA
79,79,-5,AGUA
79,79,-6,AGUA
79,79,-9,AGUA
79,79,-3,AGUA
79,79,-4,AGUA
79,79,-1,AGUA
79,79,-2,AGUA
76,138,-16,AGUA
79,556,-10,AGUA
79,556,-11,AGUA
79,556,-12,AGUA
79,556,-13,AGUA
79,556,-14,AGUA
79,556,-15,AGUA
79,67,-7,AGUA
79,67,-6,AGUA
79,67,-5,AGUA
79,67,-4,AGUA
79,67,-9,AGUA
79,67,-8,AGUA
77,60,-16,AGUA
79,67,-3,AGUA
79,67,-2,AGUA
79,67,-1,AGUA
79,308,-1,AGUA
72,151,-16,AGUA
79,496,-15,AGUA
79,496,-12,AGUA
79,496,-11,AGUA
79,496,-14,AGUA
79,496,-13,AGUA
79,321,-8,AGUA
79,308,-8,AGUA
79,321,-7,AGUA
79,308,-9,AGUA
79,496,-10,AGUA
79,321,-6,AGUA
79,308,-6,AGUA
79,321,-5,AGUA
79,308,-7,AGUA
79,321,-4,AGUA
79,308,-4,AGUA
79,321,-3,AGUA
79,308,-5,AGUA
79,321,-2,AGUA
79,308,-2,AGUA
79,321,-1,AGUA
79,308,-3,AGUA
79,280,-15,AGUA
79,280,-14,AGUA
79,280,-13,AGUA
79,280,-12,AGUA
79,280,-11,AGUA
79,280,-10,AGUA
79,321,-9,AGUA
67,170,-16,AGUA
66,67,-16,AGUA
77,130,-16,AGUA
66,169,-16,AGUA
77,72,-16,AGUA
79,394,-4,AGUA
79,394,-3,AGUA
79,394,-2,AGUA
79,394,-1,AGUA
79,394,-8,AGUA
79,394,-7,AGUA
79,394,-6,AGUA
79,394,-5,AGUA
79,394,-9,AGUA
72,139,-16,AGUA
73,61,-16,AGUA
79,370,-2,AGUA
79,370,-1,AGUA
79,579,-16,AGUA
79,370,-8,AGUA
79,370,-7,AGUA
79,370,-9,AGUA
79,370,-4,AGUA
79,370,-3,AGUA
79,370,-6,AGUA
79,370,-5,AGUA
79,82,-16,AGUA
79,382,-8,AGUA
79,382,-9,AGUA
79,382,-4,AGUA
79,382,-5,AGUA
79,382,-6,AGUA
79,382,-7,AGUA
79,382,-1,AGUA
79,382,-2,AGUA
79,382,-3,AGUA
69,67,-16,AGUA
70,154,-16,AGUA
69,169,-16,AGUA
79,345,-2,AGUA
79,345,-1,AGUA
79,345,-8,AGUA
79,345,-7,AGUA
79,345,-9,AGUA
79,345,-4,AGUA
79,345,-3,AGUA
79,345,-6,AGUA
79,345,-5,AGUA
79,233,-16,AGUA
75,151,-16,AGUA
73,127,-16,AGUA
79,369,-4,AGUA
79,369,-3,AGUA
79,369,-2,AGUA
79,369,-1,AGUA
79,369,-8,AGUA
79,369,-7,AGUA
79,369,-6,AGUA
79,369,-5,AGUA
79,369,-9,AGUA
79,333,-1,AGUA
79,333,-8,AGUA
79,333,-9,AGUA
79,333,-6,AGUA
79,333,-7,AGUA
79,333,-4,AGUA
79,333,-5,AGUA
79,333,-2,AGUA
79,333,-3,AGUA
79,298,-8,AGUA
79,298,-9,AGUA
79,298,-1,AGUA
79,298,-2,AGUA
79,298,-3,AGUA
79,298,-4,AGUA
79,298,-5,AGUA
79,298,-6,AGUA
79,298,-7,AGUA
79,449,-16,AGUA
79,286,-2,AGUA
79,286,-1,AGUA
79,286,-4,AGUA
79,286,-3,AGUA
79,286,-6,AGUA
79,286,-5,AGUA
78,62,-16,AGUA
79,357,-1,AGUA
79,357,-2,AGUA
79,357,-3,AGUA
79,357,-8,AGUA
79,286,-8,AGUA
79,286,-7,AGUA
79,357,-9,AGUA
79,286,-9,AGUA
79,357,-4,AGUA
79,357,-5,AGUA
79,357,-6,AGUA
79,357,-7,AGUA
79,502,-3,AGUA
79,502,-2,AGUA
79,502,-5,AGUA
79,502,-4,AGUA
79,502,-1,AGUA
79,502,-7,AGUA
79,502,-6,AGUA
79,502,-9,AGUA
79,502,-8,AGUA
76,55,-16,AGUA
79,514,-3,AGUA
79,514,-4,AGUA
79,514,-5,AGUA
79,514,-6,AGUA
79,514,-1,AGUA
79,514,-2,AGUA
79,514,-7,AGUA
79,514,-8,AGUA
79,514,-9,AGUA
67,169,-16,AGUA
79,544,-14,AGUA
79,544,-13,AGUA
79,544,-12,AGUA
79,544,-11,AGUA
79,544,-10,AGUA
79,544,-15,AGUA
79,563,-3,AGUA
79,563,-4,AGUA
79,563,-1,AGUA
79,563,-2,AGUA
79,563,-7,AGUA
79,563,-8,AGUA
79,563,-5,AGUA
79,563,-6,AGUA
79,563,-9,AGUA
79,292,-10,AGUA
79,292,-11,AGUA
79,292,-12,AGUA
79,292,-13,AGUA
79,292,-14,AGUA
79,292,-15,AGUA
70,140,-16,AGUA
79,551,-9,AGUA
79,551,-8,AGUA
79,551,-3,AGUA
79,551,-2,AGUA
79,551,-1,AGUA
79,551,-7,AGUA
79,551,-6,AGUA
79,551,-5,AGUA
79,551,-4,AGUA
79,538,-3,AGUA
79,538,-4,AGUA
79,538,-1,AGUA
79,538,-2,AGUA
79,538,-7,AGUA
79,538,-8,AGUA
79,538,-5,AGUA
79,538,-6,AGUA
79,538,-9,AGUA
78,130,-16,AGUA
79,526,-3,AGUA
79,526,-2,AGUA
79,526,-1,AGUA
79,526,-7,AGUA
79,526,-6,AGUA
79,526,-5,AGUA
79,526,-4,AGUA
79,526,-9,AGUA
79,526,-8,AGUA
73,151,-16,AGUA
74,142,-16,AGUA
67,57,-16,AGUA
79,575,-3,AGUA
79,575,-2,AGUA
79,185,-16,AGUA
79,575,-5,AGUA
79,575,-4,AGUA
79,575,-7,AGUA
79,575,-6,AGUA
79,575,-9,AGUA
79,575,-8,AGUA
79,575,-1,AGUA
70,70,-16,AGUA
79,210,-10,AGUA
79,210,-15,AGUA
79,210,-12,AGUA
79,210,-11,AGUA
79,210,-14,AGUA
79,268,-16,AGUA
79,210,-13,AGUA
79,268,-14,AGUA
79,268,-15,AGUA
79,268,-12,AGUA
79,268,-13,AGUA
79,268,-10,AGUA
79,268,-11,AGUA
69,119,-16,AGUA
75,71,-16,AGUA
70,46,-16,AGUA
79,587,-3,AGUA
79,587,-4,AGUA
79,587,-5,AGUA
79,587,-6,AGUA
79,414,-11,AGUA
79,587,-7,AGUA
79,414,-12,AGUA
79,587,-8,AGUA
79,587,-9,AGUA
79,414,-10,AGUA
79,587,-1,AGUA
79,587,-2,AGUA
79,414,-15,AGUA
79,414,-16,AGUA
79,414,-13,AGUA
79,414,-14,AGUA
79,599,-3,AGUA
79,599,-2,AGUA
79,599,-1,AGUA
78,162,-16,AGUA
79,599,-9,AGUA
79,599,-8,AGUA
79,599,-7,AGUA
79,599,-6,AGUA
79,599,-5,AGUA
79,599,-4,AGUA
79,445,-6,AGUA
79,445,-7,AGUA
79,445,-4,AGUA
79,445,-5,AGUA
79,445,-8,AGUA
79,445,-9,AGUA
79,445,-2,AGUA
79,445,-3,AGUA
79,445,-1,AGUA
77,140,-16,AGUA
79,506,-10,AGUA
79,506,-11,AGUA
79,506,-12,AGUA
79,506,-13,AGUA
79,506,-14,AGUA
79,506,-15,AGUA
79,506,-16,AGUA
79,457,-6,AGUA
79,457,-5,AGUA
79,457,-8,AGUA
79,457,-7,AGUA
79,457,-9,AGUA
77,57,-16,AGUA
79,457,-2,AGUA
79,457,-1,AGUA
79,457,-4,AGUA
79,457,-3,AGUA
79,421,-6,AGUA
79,421,-7,AGUA
79,421,-8,AGUA
79,421,-9,AGUA
79,421,-2,AGUA
79,421,-3,AGUA
79,421,-4,AGUA
79,421,-5,AGUA
79,421,-1,AGUA
79,482,-6,AGUA
79,482,-5,AGUA
79,482,-8,AGUA
79,482,-7,AGUA
79,482,-9,AGUA
79,469,-6,AGUA
79,469,-7,AGUA
79,469,-8,AGUA
79,469,-9,AGUA
79,469,-1,AGUA
79,482,-2,AGUA
79,469,-2,AGUA
79,482,-1,AGUA
79,469,-3,AGUA
79,482,-4,AGUA
79,469,-4,AGUA
79,482,-3,AGUA
79,469,-5,AGUA
79,408,-6,AGUA
79,408,-5,AGUA
79,408,-4,AGUA
79,408,-3,AGUA
79,408,-9,AGUA
79,408,-8,AGUA
79,408,-7,AGUA
79,270,-11,AGUA
79,270,-12,AGUA
79,270,-10,AGUA
79,270,-15,AGUA
79,270,-13,AGUA
79,270,-14,AGUA
75,127,-16,AGUA
79,470,-2,AGUA
79,470,-3,AGUA
79,470,-1,AGUA
79,470,-6,AGUA
79,470,-7,AGUA
64,626,-9,AGUA
79,470,-4,AGUA
79,470,-5,AGUA
64,626,-7,AGUA
64,626,-5,AGUA
79,470,-8,AGUA
64,626,-6,AGUA
79,470,-9,AGUA
64,626,-3,AGUA
64,626,-4,AGUA
64,626,-1,AGUA
64,626,-2,AGUA
79,408,-2,AGUA
79,408,-1,AGUA
69,46,-16,AGUA
79,164,-16,AGUA
75,163,-16,AGUA
69,134,-16,AGUA
79,433,-6,AGUA
79,433,-5,AGUA
79,433,-4,AGUA
79,433,-3,AGUA
79,433,-9,AGUA
79,433,-8,AGUA
79,433,-7,AGUA
79,433,-2,AGUA
79,433,-1,AGUA
75,61,-16,AGUA
67,157,-16,AGUA
79,436,-13,AGUA
79,436,-14,AGUA
79,436,-15,AGUA
79,436,-16,AGUA
79,436,-10,AGUA
79,436,-11,AGUA
79,436,-12,AGUA
79,81,-15,AGUA
79,81,-14,AGUA
79,81,-13,AGUA
79,81,-12,AGUA
79,81,-11,AGUA
79,81,-10,AGUA
78,63,-16,AGUA
79,331,-16,AGUA
74,55,-16,AGUA
79,234,-15,AGUA
79,234,-14,AGUA
79,234,-13,AGUA
79,234,-12,AGUA
79,234,-11,AGUA
79,234,-10,AGUA
66,53,-16,AGUA
74,43,-16,AGUA
78,129,-16,AGUA
79,590,-16,AGUA
79,590,-15,AGUA
79,590,-14,AGUA
79,590,-13,AGUA
79,590,-12,AGUA
79,590,-11,AGUA
79,590,-10,AGUA
79,72,-9,AGUA
79,72,-8,AGUA
79,72,-7,AGUA
79,72,-6,AGUA
79,72,-5,AGUA
79,72,-4,AGUA
79,72,-3,AGUA
79,72,-2,AGUA
79,72,-1,AGUA
73,49,-16,AGUA
79,60,-1,AGUA
79,60,-2,AGUA
79,60,-3,AGUA
79,60,-4,AGUA
79,60,-5,AGUA
79,60,-6,AGUA
79,60,-7,AGUA
79,60,-8,AGUA
79,60,-9,AGUA
79,398,-6,AGUA
79,398,-5,AGUA
79,398,-8,AGUA
79,398,-7,AGUA
79,398,-2,AGUA
79,398,-1,AGUA
79,398,-4,AGUA
79,398,-3,AGUA
79,398,-9,AGUA
79,59,-9,AGUA
79,59,-7,AGUA
79,59,-8,AGUA
79,59,-5,AGUA
79,59,-6,AGUA
79,59,-3,AGUA
79,59,-4,AGUA
79,59,-1,AGUA
79,59,-2,AGUA
79,554,-12,AGUA
79,554,-13,AGUA
79,554,-14,AGUA
79,554,-15,AGUA
79,554,-10,AGUA
79,554,-11,AGUA
79,374,-6,AGUA
79,374,-5,AGUA
79,374,-4,AGUA
79,374,-3,AGUA
79,374,-2,AGUA
79,374,-1,AGUA
79,528,-1,AGUA
79,374,-9,AGUA
79,374,-8,AGUA
79,374,-7,AGUA
79,516,-6,AGUA
79,516,-5,AGUA
79,516,-8,AGUA
79,516,-7,AGUA
79,516,-2,AGUA
79,516,-1,AGUA
79,516,-4,AGUA
79,516,-3,AGUA
67,58,-16,AGUA
79,516,-9,AGUA
77,36,-16,AGUA
79,386,-8,AGUA
79,386,-9,AGUA
79,386,-6,AGUA
79,386,-7,AGUA
79,386,-4,AGUA
79,386,-5,AGUA
79,386,-2,AGUA
79,386,-3,AGUA
79,386,-1,AGUA
79,222,-16,AGUA
79,222,-14,AGUA
79,222,-15,AGUA
79,222,-12,AGUA
79,222,-13,AGUA
79,222,-10,AGUA
79,222,-11,AGUA
79,350,-6,AGUA
79,350,-5,AGUA
79,350,-8,AGUA
79,350,-7,AGUA
79,350,-9,AGUA
79,528,-6,AGUA
79,528,-7,AGUA
79,528,-8,AGUA
79,528,-9,AGUA
79,528,-2,AGUA
79,528,-3,AGUA
79,528,-4,AGUA
79,528,-5,AGUA
79,350,-2,AGUA
79,350,-1,AGUA
79,350,-4,AGUA
69,155,-16,AGUA
79,350,-3,AGUA
79,96,-9,AGUA
79,96,-8,AGUA
79,96,-5,AGUA
79,96,-4,AGUA
79,96,-7,AGUA
79,96,-6,AGUA
79,96,-1,AGUA
79,96,-3,AGUA
79,96,-2,AGUA
79,362,-1,AGUA
79,362,-2,AGUA
79,362,-3,AGUA
73,73,-16,AGUA
79,362,-4,AGUA
79,362,-5,AGUA
79,504,-6,AGUA
79,362,-6,AGUA
79,504,-7,AGUA
79,362,-7,AGUA
79,504,-4,AGUA
79,362,-8,AGUA
79,504,-5,AGUA
79,362,-9,AGUA
79,504,-2,AGUA
79,504,-3,AGUA
79,504,-1,AGUA
79,504,-8,AGUA
66,167,-16,AGUA
79,504,-9,AGUA
79,84,-5,AGUA
79,84,-6,AGUA
79,84,-3,AGUA
79,84,-4,AGUA
79,84,-1,AGUA
79,84,-2,AGUA
79,84,-9,AGUA
79,84,-7,AGUA
79,84,-8,AGUA
79,577,-6,AGUA
79,577,-7,AGUA
79,577,-4,AGUA
79,577,-5,AGUA
79,577,-8,AGUA
79,577,-9,AGUA
79,577,-2,AGUA
79,577,-3,AGUA
79,577,-1,AGUA
79,107,-3,AGUA
79,589,-6,AGUA
79,107,-4,AGUA
79,589,-5,AGUA
79,107,-5,AGUA
79,589,-8,AGUA
79,107,-6,AGUA
79,589,-7,AGUA
79,589,-9,AGUA
79,107,-1,AGUA
79,107,-2,AGUA
79,589,-2,AGUA
79,107,-7,AGUA
79,589,-1,AGUA
79,107,-8,AGUA
79,589,-4,AGUA
79,107,-9,AGUA
79,589,-3,AGUA
79,484,-12,AGUA
79,484,-13,AGUA
79,484,-14,AGUA
79,484,-15,AGUA
79,484,-10,AGUA
79,484,-11,AGUA
79,590,-6,AGUA
79,565,-6,AGUA
79,590,-5,AGUA
79,565,-5,AGUA
79,590,-4,AGUA
79,565,-4,AGUA
79,590,-3,AGUA
79,565,-3,AGUA
79,590,-9,AGUA
79,565,-9,AGUA
79,590,-8,AGUA
79,565,-8,AGUA
79,590,-7,AGUA
79,565,-7,AGUA
79,565,-2,AGUA
79,565,-1,AGUA
79,282,-11,AGUA
79,282,-10,AGUA
70,71,-16,AGUA
79,282,-15,AGUA
79,282,-14,AGUA
79,282,-13,AGUA
79,282,-12,AGUA
79,590,-2,AGUA
79,590,-1,AGUA
67,71,-16,AGUA
74,128,-16,AGUA
79,553,-6,AGUA
79,553,-7,AGUA
79,553,-8,AGUA
79,553,-9,AGUA
79,553,-2,AGUA
79,553,-3,AGUA
79,553,-4,AGUA
79,553,-5,AGUA
79,553,-1,AGUA
70,47,-16,AGUA
79,541,-6,AGUA
79,541,-5,AGUA
79,541,-8,AGUA
79,541,-7,AGUA
79,541,-2,AGUA
79,541,-1,AGUA
79,541,-4,AGUA
76,153,-16,AGUA
79,541,-3,AGUA
79,541,-9,AGUA
69,70,-16,AGUA
79,399,-16,AGUA
79,93,-10,AGUA
79,93,-11,AGUA
73,165,-16,AGUA
79,93,-12,AGUA
79,93,-13,AGUA
79,93,-14,AGUA
79,93,-15,AGUA
79,93,-16,AGUA
67,145,-16,AGUA
79,352,-15,AGUA
79,352,-14,AGUA
79,352,-13,AGUA
79,352,-12,AGUA
79,352,-16,AGUA
79,352,-11,AGUA
79,352,-10,AGUA
79,104,-16,AGUA
78,151,-16,AGUA
67,46,-16,AGUA
79,318,-14,AGUA
79,318,-15,AGUA
79,318,-16,AGUA
79,318,-10,AGUA
79,318,-11,AGUA
79,318,-12,AGUA
79,318,-13,AGUA
78,51,-16,AGUA
75,48,-16,AGUA
66,65,-16,AGUA
79,313,-6,AGUA
79,313,-7,AGUA
79,313,-4,AGUA
79,313,-5,AGUA
79,313,-8,AGUA
79,313,-9,AGUA
79,313,-2,AGUA
79,313,-3,AGUA
79,313,-1,AGUA
79,325,-6,AGUA
79,291,-6,AGUA
79,325,-5,AGUA
79,291,-5,AGUA
79,325,-8,AGUA
79,291,-8,AGUA
79,325,-7,AGUA
79,291,-7,AGUA
79,291,-2,AGUA
79,291,-1,AGUA
79,325,-9,AGUA
79,291,-4,AGUA
79,291,-3,AGUA
79,325,-2,AGUA
79,325,-1,AGUA
79,291,-9,AGUA
79,325,-4,AGUA
79,325,-3,AGUA
77,70,-16,AGUA
76,129,-16,AGUA
73,129,-16,AGUA
79,349,-6,AGUA
79,349,-5,AGUA
79,349,-4,AGUA
79,349,-3,AGUA
79,349,-2,AGUA
79,349,-1,AGUA
69,122,-16,AGUA
79,349,-9,AGUA
79,349,-8,AGUA
79,349,-7,AGUA
75,140,-16,AGUA
79,278,-6,AGUA
79,278,-7,AGUA
79,278,-8,AGUA
79,278,-9,AGUA
79,278,-2,AGUA
79,278,-3,AGUA
76,43,-16,AGUA
79,278,-4,AGUA
79,278,-5,AGUA
79,278,-1,AGUA
79,266,-6,AGUA
79,266,-5,AGUA
79,266,-8,AGUA
79,266,-7,AGUA
79,266,-2,AGUA
79,266,-1,AGUA
79,266,-4,AGUA
79,266,-3,AGUA
79,337,-6,AGUA
79,337,-7,AGUA
79,337,-8,AGUA
79,337,-9,AGUA
79,337,-1,AGUA
79,337,-2,AGUA
79,337,-3,AGUA
79,266,-9,AGUA
79,337,-4,AGUA
79,337,-5,AGUA
79,242,-6,AGUA
79,242,-5,AGUA
79,242,-4,AGUA
79,242,-3,AGUA
79,242,-2,AGUA
79,242,-1,AGUA
79,242,-9,AGUA
79,242,-8,AGUA
79,242,-7,AGUA
79,254,-8,AGUA
79,254,-9,AGUA
79,254,-6,AGUA
79,254,-7,AGUA
79,254,-4,AGUA
79,254,-5,AGUA
79,254,-2,AGUA
79,254,-3,AGUA
79,254,-1,AGUA
79,217,-6,AGUA
79,217,-5,AGUA
79,217,-4,AGUA
79,217,-3,AGUA
79,217,-2,AGUA
79,217,-1,AGUA
70,152,-16,AGUA
79,217,-9,AGUA
79,217,-8,AGUA
79,217,-7,AGUA
75,139,-16,AGUA
77,164,-16,AGUA
79,301,-6,AGUA
79,301,-5,AGUA
79,301,-4,AGUA
79,301,-3,AGUA
79,301,-9,AGUA
79,301,-8,AGUA
79,301,-7,AGUA
79,230,-1,AGUA
79,301,-2,AGUA
79,230,-2,AGUA
79,301,-1,AGUA
79,230,-3,AGUA
79,230,-4,AGUA
79,230,-5,AGUA
79,230,-6,AGUA
79,229,-6,AGUA
79,230,-7,AGUA
79,229,-7,AGUA
79,229,-4,AGUA
79,230,-8,AGUA
79,229,-5,AGUA
79,230,-9,AGUA
79,229,-2,AGUA
79,229,-3,AGUA
79,229,-1,AGUA
79,229,-8,AGUA
79,229,-9,AGUA
79,57,-15,AGUA
79,57,-14,AGUA
69,167,-16,AGUA
77,69,-16,AGUA
79,57,-11,AGUA
79,57,-10,AGUA
79,57,-13,AGUA
79,57,-12,AGUA
79,294,-11,AGUA
79,472,-15,AGUA
79,294,-12,AGUA
79,472,-14,AGUA
79,294,-13,AGUA
79,294,-14,AGUA
79,472,-13,AGUA
79,294,-10,AGUA
79,294,-15,AGUA
79,472,-12,AGUA
79,472,-11,AGUA
79,472,-10,AGUA
77,139,-16,AGUA
79,448,-11,AGUA
79,448,-10,AGUA
79,448,-13,AGUA
79,448,-12,AGUA
79,448,-15,AGUA
67,122,-16,AGUA
79,448,-14,AGUA
70,142,-16,AGUA
69,69,-16,AGUA
76,141,-16,AGUA
79,518,-11,AGUA
79,518,-10,AGUA
79,518,-13,AGUA
79,518,-12,AGUA
79,518,-15,AGUA
79,518,-14,AGUA
79,187,-16,AGUA
79,600,-6,AGUA
79,600,-5,AGUA
79,600,-8,AGUA
79,600,-7,AGUA
79,600,-9,AGUA
79,600,-2,AGUA
79,600,-1,AGUA
79,600,-4,AGUA
79,600,-3,AGUA
78,39,-16,AGUA
75,73,-16,AGUA
79,542,-12,AGUA
79,542,-11,AGUA
79,542,-10,AGUA
79,542,-15,AGUA
79,542,-14,AGUA
79,542,-13,AGUA
79,342,-10,AGUA
79,342,-15,AGUA
79,342,-13,AGUA
79,342,-14,AGUA
79,342,-11,AGUA
79,342,-12,AGUA
74,153,-16,AGUA
76,66,-16,AGUA
79,412,-13,AGUA
79,412,-14,AGUA
79,412,-11,AGUA
79,412,-12,AGUA
79,412,-10,AGUA
79,412,-15,AGUA
79,412,-16,AGUA
70,60,-16,AGUA
79,495,-16,AGUA
78,52,-16,AGUA
69,57,-16,AGUA
70,164,-16,AGUA
76,164,-16,AGUA
79,592,-9,AGUA
79,592,-5,AGUA
79,592,-6,AGUA
79,592,-7,AGUA
76,42,-16,AGUA
79,592,-8,AGUA
79,592,-1,AGUA
79,592,-2,AGUA
79,592,-3,AGUA
79,592,-4,AGUA
79,359,-3,AGUA
79,359,-2,AGUA
79,359,-5,AGUA
79,359,-4,AGUA
79,359,-1,AGUA
79,359,-7,AGUA
79,359,-6,AGUA
79,359,-9,AGUA
79,359,-8,AGUA
75,49,-16,AGUA
73,153,-16,AGUA
79,372,-3,AGUA
79,347,-3,AGUA
79,372,-4,AGUA
79,347,-4,AGUA
79,372,-1,AGUA
79,347,-1,AGUA
79,372,-2,AGUA
79,347,-2,AGUA
79,347,-9,AGUA
79,347,-7,AGUA
79,347,-8,AGUA
79,347,-5,AGUA
79,347,-6,AGUA
79,372,-9,AGUA
79,372,-7,AGUA
79,372,-8,AGUA
79,372,-5,AGUA
79,372,-6,AGUA
66,121,-16,AGUA
67,47,-16,AGUA
79,364,-15,AGUA
79,364,-16,AGUA
79,364,-11,AGUA
79,364,-12,AGUA
79,364,-13,AGUA
79,364,-14,AGUA
79,360,-9,AGUA
79,364,-10,AGUA
79,360,-8,AGUA
79,360,-7,AGUA
79,360,-6,AGUA
79,360,-5,AGUA
79,360,-4,AGUA
79,360,-3,AGUA
79,360,-2,AGUA
79,360,-1,AGUA
79,288,-3,AGUA
79,288,-4,AGUA
79,288,-1,AGUA
79,288,-2,AGUA
79,306,-10,AGUA
72,69,-16,AGUA
79,288,-7,AGUA
79,288,-8,AGUA
79,288,-5,AGUA
79,288,-6,AGUA
79,578,-12,AGUA
79,578,-13,AGUA
79,578,-10,AGUA
79,578,-11,AGUA
79,578,-14,AGUA
79,578,-15,AGUA
79,306,-14,AGUA
79,306,-13,AGUA
79,306,-12,AGUA
79,288,-9,AGUA
79,306,-11,AGUA
79,306,-16,AGUA
79,306,-15,AGUA
79,105,-15,AGUA
79,105,-14,AGUA
79,105,-11,AGUA
79,105,-10,AGUA
79,105,-13,AGUA
79,105,-12,AGUA
79,175,-16,AGUA
79,311,-3,AGUA
79,311,-2,AGUA
79,311,-5,AGUA
79,311,-4,AGUA
79,311,-7,AGUA
79,311,-6,AGUA
79,311,-9,AGUA
79,311,-8,AGUA
79,311,-1,AGUA
79,276,-9,AGUA
79,276,-8,AGUA
79,276,-3,AGUA
79,276,-2,AGUA
79,276,-1,AGUA
79,276,-7,AGUA
79,276,-6,AGUA
79,56,-16,AGUA
79,276,-5,AGUA
79,276,-4,AGUA
79,252,-7,AGUA
79,252,-6,AGUA
79,252,-9,AGUA
79,252,-8,AGUA
79,376,-15,AGUA
79,252,-3,AGUA
79,376,-14,AGUA
79,252,-2,AGUA
79,252,-5,AGUA
79,376,-16,AGUA
79,252,-4,AGUA
79,376,-11,AGUA
79,376,-10,AGUA
79,376,-13,AGUA
79,252,-1,AGUA
79,376,-12,AGUA
79,264,-3,AGUA
79,264,-4,AGUA
79,264,-5,AGUA
79,264,-6,AGUA
79,264,-1,AGUA
79,264,-2,AGUA
79,335,-3,AGUA
79,335,-2,AGUA
79,335,-1,AGUA
73,141,-16,AGUA
79,335,-9,AGUA
79,335,-8,AGUA
79,335,-7,AGUA
79,264,-7,AGUA
79,335,-6,AGUA
79,264,-8,AGUA
79,335,-5,AGUA
79,264,-9,AGUA
79,335,-4,AGUA
75,152,-16,AGUA
79,323,-3,AGUA
79,323,-4,AGUA
79,323,-5,AGUA
79,323,-6,AGUA
79,323,-7,AGUA
79,323,-8,AGUA
79,323,-9,AGUA
79,323,-1,AGUA
79,323,-2,AGUA
77,163,-16,AGUA
79,447,-16,AGUA
67,121,-16,AGUA
76,54,-16,AGUA
67,168,-16,AGUA
79,330,-11,AGUA
79,330,-10,AGUA
79,330,-13,AGUA
79,330,-12,AGUA
79,330,-15,AGUA
79,330,-14,AGUA
79,293,-16,AGUA
79,80,-16,AGUA
73,39,-16,AGUA
79,258,-10,AGUA
79,258,-12,AGUA
79,258,-11,AGUA
79,258,-14,AGUA
79,258,-13,AGUA
79,258,-16,AGUA
79,258,-15,AGUA
69,144,-16,AGUA
79,211,-16,AGUA
74,152,-16,AGUA
79,543,-16,AGUA
79,602,-9,AGUA
79,602,-7,AGUA
79,602,-8,AGUA
79,602,-1,AGUA
79,602,-2,AGUA
79,602,-5,AGUA
79,602,-6,AGUA
79,602,-3,AGUA
79,602,-4,AGUA
70,130,-16,AGUA
78,163,-16,AGUA
77,47,-16,AGUA
75,72,-16,AGUA
78,40,-16,AGUA
74,67,-16,AGUA
69,133,-16,AGUA
78,128,-16,AGUA
75,37,-16,AGUA
75,128,-16,AGUA
79,246,-16,AGUA
79,246,-10,AGUA
79,246,-11,AGUA
79,246,-12,AGUA
79,246,-13,AGUA
79,246,-14,AGUA
79,246,-15,AGUA
66,133,-16,AGUA
70,36,-16,AGUA
74,141,-16,AGUA
76,77,-16,AGUA
72,57,-16,AGUA
79,566,-16,AGUA
79,566,-15,AGUA
79,566,-12,AGUA
79,566,-11,AGUA
79,566,-14,AGUA
79,566,-13,AGUA
79,566,-10,AGUA
79,68,-16,AGUA
79,120,-7,AGUA
79,120,-6,AGUA
79,120,-9,AGUA
79,120,-8,AGUA
79,120,-3,AGUA
79,120,-2,AGUA
79,120,-5,AGUA
79,120,-4,AGUA
77,58,-16,AGUA
79,120,-1,AGUA
79,424,-16,AGUA
79,424,-15,AGUA
79,424,-14,AGUA
79,424,-13,AGUA
79,424,-12,AGUA
79,424,-11,AGUA
79,424,-10,AGUA
79,388,-15,AGUA
79,388,-13,AGUA
79,388,-14,AGUA
79,388,-11,AGUA
79,388,-12,AGUA
79,388,-10,AGUA
79,119,-3,AGUA
79,119,-2,AGUA
79,119,-1,AGUA
79,119,-7,AGUA
79,119,-6,AGUA
79,119,-5,AGUA
79,119,-4,AGUA
79,119,-9,AGUA
79,119,-8,AGUA
75,164,-16,AGUA
79,163,-16,AGUA
77,152,-16,AGUA
79,460,-14,AGUA
79,460,-15,AGUA
79,460,-12,AGUA
79,460,-13,AGUA
79,460,-10,AGUA
79,460,-11,AGUA
78,140,-16,AGUA
67,156,-16,AGUA
79,181,-3,AGUA
79,181,-4,AGUA
79,181,-1,AGUA
79,181,-2,AGUA
79,181,-7,AGUA
79,181,-8,AGUA
79,181,-5,AGUA
79,181,-6,AGUA
79,181,-9,AGUA
79,193,-1,AGUA
79,193,-3,AGUA
79,193,-2,AGUA
79,193,-5,AGUA
79,193,-4,AGUA
79,193,-7,AGUA
79,193,-6,AGUA
79,193,-9,AGUA
79,193,-8,AGUA
78,75,-16,AGUA
79,227,-3,AGUA
79,227,-2,AGUA
79,227,-5,AGUA
79,227,-4,AGUA
79,227,-1,AGUA
70,59,-16,AGUA
79,227,-7,AGUA
79,227,-6,AGUA
79,227,-9,AGUA
79,227,-8,AGUA
74,44,-16,AGUA
79,240,-3,AGUA
79,240,-4,AGUA
79,240,-1,AGUA
79,240,-2,AGUA
79,45,-16,AGUA
79,240,-9,AGUA
79,240,-7,AGUA
79,240,-8,AGUA
79,240,-5,AGUA
79,240,-6,AGUA
79,239,-3,AGUA
79,239,-4,AGUA
79,239,-5,AGUA
79,239,-6,AGUA
79,94,-6,AGUA
79,94,-7,AGUA
79,239,-1,AGUA
79,94,-8,AGUA
79,239,-2,AGUA
79,94,-9,AGUA
79,239,-7,AGUA
79,239,-8,AGUA
79,239,-9,AGUA
79,203,-3,AGUA
79,203,-2,AGUA
79,203,-1,AGUA
79,94,-2,AGUA
79,94,-3,AGUA
79,401,-16,AGUA
79,94,-4,AGUA
79,203,-9,AGUA
79,94,-5,AGUA
79,203,-8,AGUA
79,203,-7,AGUA
79,203,-6,AGUA
79,203,-5,AGUA
79,94,-1,AGUA
79,203,-4,AGUA
79,82,-2,AGUA
79,82,-1,AGUA
79,82,-4,AGUA
79,82,-3,AGUA
79,82,-9,AGUA
79,82,-6,AGUA
79,82,-5,AGUA
79,82,-8,AGUA
79,82,-7,AGUA
79,215,-3,AGUA
79,215,-4,AGUA
79,215,-1,AGUA
79,70,-8,AGUA
79,215,-2,AGUA
79,70,-9,AGUA
79,70,-6,AGUA
79,70,-7,AGUA
79,70,-4,AGUA
79,70,-5,AGUA
79,215,-9,AGUA
79,215,-7,AGUA
79,215,-8,AGUA
79,215,-5,AGUA
79,215,-6,AGUA
79,70,-2,AGUA
79,70,-3,AGUA
79,70,-1,AGUA
76,128,-16,AGUA
74,164,-16,AGUA
69,156,-16,AGUA
70,129,-16,AGUA
79,459,-16,AGUA
72,141,-16,AGUA
69,45,-16,AGUA
66,77,-16,AGUA
77,128,-16,AGUA
79,57,-9,AGUA
79,57,-6,AGUA
79,57,-5,AGUA
79,57,-8,AGUA
79,57,-7,AGUA
79,57,-2,AGUA
79,57,-1,AGUA
79,57,-4,AGUA
79,57,-3,AGUA
79,69,-6,AGUA
79,69,-7,AGUA
79,69,-8,AGUA
79,69,-9,AGUA
79,69,-2,AGUA
79,69,-3,AGUA
79,69,-4,AGUA
79,69,-5,AGUA
79,69,-1,AGUA
79,329,-16,AGUA
79,494,-1,AGUA
79,494,-2,AGUA
79,494,-3,AGUA
79,494,-4,AGUA
79,494,-5,AGUA
79,494,-6,AGUA
79,494,-7,AGUA
79,494,-8,AGUA
79,494,-9,AGUA
76,152,-16,AGUA
79,198,-11,AGUA
79,198,-10,AGUA
79,198,-16,AGUA
79,198,-15,AGUA
79,198,-14,AGUA
79,198,-13,AGUA
79,198,-12,AGUA
79,483,-16,AGUA
67,133,-16,AGUA
